date,open,high,low,close,volume,amount
2022-01-04,0.376,0.378,0.373,0.376,428658,48257568.000
2022-01-05,0.376,0.377,0.367,0.369,304691,33892529.000
2022-01-06,0.369,0.371,0.364,0.369,251380,27672742.000
2022-01-07,0.372,0.372,0.364,0.364,467588,51459528.000
2022-01-10,0.362,0.369,0.360,0.367,958191,105418549.000
2022-01-11,0.367,0.368,0.359,0.361,244836,26608969.000
2022-01-12,0.361,0.362,0.359,0.362,253703,27447059.000
2022-01-13,0.364,0.365,0.356,0.358,278773,30092756.000
2022-01-14,0.356,0.360,0.354,0.357,646152,69392596.000
2022-01-17,0.356,0.369,0.356,0.369,434688,47778973.000
2022-01-18,0.370,0.374,0.367,0.368,603983,67047833.000
2022-01-19,0.367,0.368,0.362,0.366,499899,54681233.000
2022-01-20,0.365,0.365,0.358,0.360,345476,37328848.000
2022-01-21,0.360,0.360,0.352,0.352,383645,40751359.000
2022-01-24,0.351,0.355,0.350,0.353,272552,28900526.000
2022-01-25,0.353,0.353,0.340,0.341,406116,42127199.000
2022-01-26,0.342,0.344,0.339,0.342,306096,31431085.000
2022-01-27,0.343,0.343,0.332,0.333,335885,33834493.000
2022-01-28,0.333,0.339,0.331,0.336,327671,32960235.000
2022-02-07,0.342,0.342,0.335,0.336,246853,24957610.000
2022-02-08,0.338,0.339,0.331,0.336,323331,32409733.000
2022-02-09,0.336,0.344,0.335,0.344,794167,81179440.000
2022-02-10,0.343,0.343,0.339,0.341,450782,46083724.000
2022-02-11,0.338,0.340,0.334,0.335,375570,37929380.000
2022-02-14,0.332,0.336,0.330,0.334,511599,51049717.000
2022-02-15,0.333,0.339,0.332,0.339,349051,35324174.000
2022-02-16,0.341,0.342,0.339,0.341,342772,35026181.000
2022-02-17,0.340,0.343,0.338,0.340,298172,30435117.000
2022-02-18,0.342,0.343,0.339,0.343,322054,33008476.000
2022-02-21,0.343,0.349,0.343,0.348,437294,45599551.000
2022-02-22,0.346,0.346,0.340,0.343,450168,46135976.000
2022-02-23,0.342,0.352,0.342,0.351,467152,48845427.000
2022-02-24,0.347,0.351,0.339,0.343,647260,67094988.000
2022-02-25,0.345,0.351,0.345,0.348,329435,34399148.000
2022-02-28,0.348,0.349,0.343,0.348,303241,31457717.000
2022-03-01,0.350,0.354,0.348,0.352,543639,57333322.000
2022-03-02,0.351,0.351,0.346,0.350,410696,42948884.000
2022-03-03,0.350,0.352,0.343,0.345,380833,39512671.000
2022-03-04,0.341,0.345,0.339,0.340,778467,79933464.000
2022-03-07,0.338,0.339,0.326,0.327,517191,51220154.000
2022-03-08,0.327,0.329,0.318,0.322,380412,36892391.000
2022-03-09,0.324,0.325,0.304,0.316,815987,77318568.000
2022-03-10,0.319,0.324,0.318,0.318,674412,64696918.000
2022-03-11,0.316,0.323,0.312,0.323,333747,31721133.000
2022-03-14,0.320,0.322,0.313,0.314,263878,25085291.000
2022-03-15,0.314,0.314,0.297,0.297,346576,31575072.000
2022-03-16,0.303,0.310,0.293,0.310,291708,26282742.000
2022-03-17,0.311,0.318,0.311,0.314,379462,35868375.000
2022-03-18,0.312,0.315,0.310,0.315,335598,31511899.000
2022-03-21,0.315,0.318,0.312,0.316,397149,37572268.000
2022-03-22,0.313,0.317,0.313,0.314,273700,25771594.000
2022-03-23,0.315,0.332,0.314,0.327,1931178,188377878.000
2022-03-24,0.323,0.324,0.315,0.315,1273991,121797332.000
2022-03-25,0.314,0.316,0.310,0.310,647544,60635970.000
2022-03-28,0.307,0.309,0.302,0.308,366506,33663838.000
2022-03-29,0.308,0.310,0.301,0.303,606684,55234981.000
2022-03-30,0.303,0.308,0.303,0.307,373611,34257823.000
2022-03-31,0.307,0.307,0.302,0.303,258980,23572316.000
2022-04-01,0.301,0.303,0.300,0.302,223571,20249123.000
2022-04-06,0.304,0.304,0.297,0.299,329544,29548020.000
2022-04-07,0.298,0.299,0.291,0.292,403445,35615407.000
2022-04-08,0.291,0.293,0.286,0.291,366526,31785670.000
2022-04-11,0.292,0.292,0.276,0.277,561301,47398308.000
2022-04-12,0.277,0.282,0.273,0.282,515651,42732716.000
2022-04-13,0.280,0.280,0.275,0.276,303208,25235198.000
2022-04-14,0.279,0.279,0.274,0.276,385627,31966736.000
2022-04-15,0.274,0.275,0.271,0.273,387079,31684396.000
2022-04-18,0.273,0.282,0.270,0.281,459959,38142039.000
2022-04-19,0.279,0.282,0.277,0.278,319062,26690936.000
2022-04-20,0.279,0.280,0.275,0.275,301140,25118254.000
2022-04-21,0.274,0.277,0.267,0.270,378941,30991129.000
2022-04-22,0.268,0.269,0.264,0.266,502208,40179961.000
2022-04-25,0.264,0.264,0.250,0.250,479017,36947609.000
2022-04-26,0.251,0.254,0.244,0.245,428840,32231486.000
2022-04-27,0.241,0.255,0.241,0.255,532535,39628967.000
2022-04-28,0.252,0.256,0.250,0.253,394316,29860449.000
2022-04-29,0.253,0.264,0.253,0.263,507784,39479438.000
2022-05-05,0.262,0.268,0.262,0.264,427935,34017367.000
2022-05-06,0.260,0.261,0.257,0.259,359074,27918427.000
2022-05-09,0.257,0.262,0.257,0.260,255796,19954199.000
2022-05-10,0.257,0.267,0.256,0.266,361130,28636919.000
2022-05-11,0.265,0.274,0.265,0.267,452442,36781701.000
2022-05-12,0.267,0.270,0.266,0.269,425361,34257626.000
2022-05-13,0.270,0.271,0.267,0.270,344540,27801927.000
2022-05-16,0.271,0.272,0.266,0.267,308658,24844331.000
2022-05-17,0.265,0.270,0.265,0.270,295879,23772577.000
2022-05-18,0.270,0.273,0.269,0.271,363768,29493579.000
2022-05-19,0.268,0.274,0.266,0.274,373662,30395203.000
2022-05-20,0.274,0.277,0.273,0.277,338053,27903696.000
2022-05-23,0.275,0.278,0.274,0.278,348840,28915840.000
2022-05-24,0.277,0.279,0.267,0.267,397276,32656744.000
2022-05-25,0.266,0.270,0.265,0.270,389111,31131343.000
2022-05-26,0.269,0.278,0.265,0.275,600478,49210790.000
2022-05-27,0.276,0.278,0.271,0.273,386233,31753538.000
2022-05-30,0.273,0.276,0.271,0.275,439245,36055647.000
2022-05-31,0.275,0.282,0.274,0.282,650517,54441907.000
2022-06-01,0.281,0.285,0.280,0.285,408008,34696306.000
2022-06-02,0.282,0.292,0.282,0.290,399966,34503349.000
2022-06-06,0.290,0.296,0.290,0.295,438299,38569787.000
2022-06-07,0.294,0.295,0.292,0.293,559056,49175111.000
2022-06-08,0.293,0.295,0.288,0.292,528210,46180764.000
2022-06-09,0.292,0.292,0.284,0.286,331136,28567816.000
2022-06-10,0.284,0.290,0.283,0.290,374368,32380715.000
2022-06-13,0.290,0.293,0.287,0.292,452549,39514894.000
2022-06-14,0.287,0.291,0.280,0.288,567002,48420251.000
2022-06-15,0.287,0.297,0.287,0.291,654885,57624387.000
2022-06-16,0.291,0.297,0.289,0.294,676653,59916598.000
2022-06-17,0.292,0.298,0.291,0.298,369155,32739477.000
2022-06-20,0.299,0.302,0.297,0.299,365171,32791529.000
2022-06-21,0.297,0.300,0.294,0.296,695372,61978980.000
2022-06-22,0.297,0.298,0.288,0.288,355530,31134101.000
2022-06-23,0.288,0.295,0.287,0.294,735523,64010003.000
2022-06-24,0.295,0.302,0.295,0.302,446989,40250796.000
2022-06-27,0.303,0.305,0.301,0.303,373216,33926859.000
2022-06-28,0.305,0.312,0.300,0.312,970333,89532012.000
2022-06-29,0.311,0.314,0.304,0.306,495949,46204905.000
2022-06-30,0.306,0.312,0.305,0.311,605164,56208641.000
2022-07-01,0.311,0.311,0.306,0.307,330079,30546515.000
2022-07-04,0.307,0.307,0.302,0.305,1271166,116082708.000
2022-07-05,0.305,0.307,0.299,0.302,455826,41309639.000
2022-07-06,0.301,0.307,0.299,0.303,752182,68323370.000
2022-07-07,0.300,0.306,0.299,0.305,477887,43555597.000
2022-07-08,0.305,0.310,0.305,0.306,469732,43331295.000
2022-07-11,0.306,0.306,0.297,0.300,464755,41855280.000
2022-07-12,0.300,0.302,0.294,0.294,472020,42098503.000
2022-07-13,0.294,0.299,0.294,0.297,267630,23845655.000
2022-07-14,0.296,0.307,0.296,0.304,447647,40847584.000
2022-07-15,0.302,0.308,0.301,0.302,443888,40586885.000
2022-07-18,0.302,0.309,0.301,0.309,502040,45994282.000
2022-07-19,0.309,0.315,0.309,0.314,807116,75733174.000
2022-07-20,0.314,0.318,0.313,0.318,649308,61611916.000
2022-07-21,0.317,0.320,0.314,0.314,477324,45437206.000
2022-07-22,0.316,0.317,0.309,0.312,607936,56969923.000
2022-07-25,0.312,0.312,0.304,0.307,420726,38823127.000
2022-07-26,0.305,0.309,0.304,0.309,346191,31873953.000
2022-07-27,0.308,0.310,0.305,0.309,385694,35634408.000
2022-07-28,0.310,0.315,0.310,0.311,403623,37840725.000
2022-07-29,0.311,0.313,0.308,0.308,457157,42537409.000
2022-08-01,0.307,0.314,0.305,0.313,733442,68487144.000
2022-08-02,0.310,0.312,0.303,0.306,595708,54911353.000
2022-08-03,0.306,0.315,0.306,0.310,513235,48150230.000
2022-08-04,0.311,0.312,0.307,0.311,416463,38723848.000
2022-08-05,0.312,0.322,0.311,0.322,511406,48637623.000
2022-08-08,0.321,0.322,0.318,0.321,333970,32042396.000
2022-08-09,0.321,0.324,0.317,0.324,531957,51169097.000
2022-08-10,0.321,0.324,0.320,0.321,423698,40889668.000
2022-08-11,0.321,0.330,0.321,0.329,638515,62718540.000
2022-08-12,0.329,0.329,0.320,0.320,482382,46854046.000
2022-08-15,0.321,0.322,0.318,0.322,527847,50825690.000
2022-08-16,0.322,0.325,0.320,0.321,469798,45396677.000
2022-08-17,0.320,0.325,0.320,0.325,387711,37484333.000
2022-08-18,0.324,0.331,0.323,0.331,553023,54547566.000
2022-08-19,0.330,0.333,0.323,0.323,481266,47376907.000
2022-08-22,0.324,0.325,0.319,0.324,405430,39283363.000
2022-08-23,0.326,0.326,0.320,0.321,452417,43639912.000
2022-08-24,0.319,0.322,0.309,0.310,606325,56904710.000
2022-08-25,0.309,0.311,0.304,0.306,426106,39134472.000
2022-08-26,0.306,0.312,0.306,0.306,438248,40678046.000
2022-08-29,0.301,0.309,0.301,0.308,433147,39873618.000
2022-08-30,0.307,0.315,0.307,0.312,454523,42475602.000
2022-08-31,0.311,0.312,0.300,0.302,473219,43051469.000
2022-09-01,0.300,0.307,0.300,0.302,592086,53898544.000
2022-09-02,0.302,0.312,0.302,0.309,1003297,92967683.000
2022-09-05,0.309,0.310,0.305,0.309,489214,45181865.000
2022-09-06,0.308,0.314,0.307,0.314,460872,42919359.000
2022-09-07,0.314,0.317,0.311,0.314,499053,47128044.000
2022-09-08,0.313,0.316,0.311,0.312,408952,38408224.000
2022-09-09,0.312,0.312,0.307,0.310,366470,34026632.000
2022-09-13,0.310,0.313,0.309,0.310,317161,29553428.000
2022-09-14,0.307,0.309,0.305,0.307,412174,37922752.000
2022-09-15,0.306,0.308,0.295,0.298,529284,47607697.000
2022-09-16,0.296,0.300,0.292,0.293,377586,33727989.000
2022-09-19,0.293,0.293,0.287,0.288,455587,39591617.000
2022-09-20,0.291,0.292,0.287,0.288,549067,47606039.000
2022-09-21,0.288,0.288,0.281,0.286,452731,38801818.000
2022-09-22,0.284,0.289,0.283,0.286,380069,32602378.000
2022-09-23,0.285,0.286,0.277,0.280,365635,30775056.000
2022-09-26,0.277,0.283,0.277,0.279,318908,26889013.000
2022-09-27,0.279,0.287,0.279,0.286,444460,37863559.000
2022-09-28,0.286,0.286,0.277,0.278,464222,39031293.000
2022-09-29,0.279,0.281,0.275,0.277,319006,26650965.000
2022-09-30,0.276,0.277,0.272,0.272,435841,35793068.000
2022-10-10,0.270,0.272,0.262,0.263,513807,40930643.000
2022-10-11,0.266,0.269,0.263,0.267,422411,33706636.000
2022-10-12,0.267,0.278,0.265,0.278,857526,69878734.000
2022-10-13,0.278,0.283,0.276,0.280,527575,44504076.000
2022-10-14,0.280,0.285,0.279,0.283,559391,47386901.000
2022-10-17,0.283,0.287,0.282,0.285,763644,65276179.000
2022-10-18,0.285,0.291,0.284,0.288,419454,36230271.000
2022-10-19,0.287,0.288,0.284,0.284,369834,31762716.000
2022-10-20,0.283,0.288,0.280,0.284,509664,43522913.000
2022-10-21,0.286,0.289,0.284,0.287,441547,37966965.000
2022-10-24,0.287,0.293,0.282,0.286,540804,46764629.000
2022-10-25,0.285,0.289,0.282,0.285,421769,36037504.000
2022-10-26,0.283,0.293,0.282,0.290,393644,34145712.000
2022-10-27,0.291,0.293,0.285,0.287,404310,34930792.000
2022-10-28,0.285,0.288,0.278,0.279,626710,53438223.000
2022-10-31,0.277,0.290,0.277,0.287,540216,46560844.000
2022-11-01,0.287,0.289,0.282,0.288,731316,62692314.000
2022-11-02,0.289,0.291,0.285,0.290,1095404,95014337.000
2022-11-03,0.287,0.292,0.286,0.291,621294,53877710.000
2022-11-04,0.290,0.296,0.289,0.295,864814,76186467.000
2022-11-07,0.294,0.294,0.287,0.293,887335,77445071.000
2022-11-08,0.291,0.294,0.290,0.294,354742,31104083.000
2022-11-09,0.293,0.294,0.289,0.289,764980,66687087.000
2022-11-10,0.289,0.290,0.284,0.286,416487,35845099.000
2022-11-11,0.291,0.294,0.289,0.291,530183,46391162.000
2022-11-14,0.291,0.295,0.289,0.291,466513,40673969.000
2022-11-15,0.290,0.300,0.289,0.299,610447,54328313.000
2022-11-16,0.301,0.302,0.296,0.297,377652,33766578.000
2022-11-17,0.296,0.299,0.292,0.299,637398,56486485.000
2022-11-18,0.299,0.301,0.295,0.296,354547,31752222.000
2022-11-21,0.294,0.296,0.292,0.295,418897,36901107.000
2022-11-22,0.295,0.297,0.291,0.292,535526,47269296.000
2022-11-23,0.292,0.292,0.285,0.290,477909,41295900.000
2022-11-24,0.290,0.293,0.288,0.288,372446,32424285.000
2022-11-25,0.286,0.288,0.280,0.280,1178159,99850212.000
2022-11-28,0.278,0.280,0.275,0.279,464757,38729347.000
2022-11-29,0.279,0.284,0.278,0.283,457870,38651126.000
2022-11-30,0.283,0.285,0.281,0.284,376658,32033393.000
2022-12-01,0.287,0.291,0.286,0.288,510407,44217860.000
2022-12-02,0.286,0.292,0.286,0.289,458975,39899954.000
2022-12-05,0.292,0.293,0.289,0.293,574898,50175748.000
2022-12-06,0.293,0.294,0.290,0.292,445980,39082732.000
2022-12-07,0.291,0.291,0.287,0.288,438659,38014087.000
2022-12-08,0.287,0.288,0.285,0.286,316811,27230112.000
2022-12-09,0.286,0.287,0.283,0.285,443632,37859816.000
2022-12-12,0.285,0.289,0.283,0.287,381219,32730341.000
2022-12-13,0.286,0.287,0.283,0.283,378634,32326327.000
2022-12-14,0.283,0.285,0.280,0.282,307600,26098399.000
2022-12-15,0.282,0.284,0.280,0.283,369115,31324468.000
2022-12-16,0.282,0.282,0.277,0.278,447517,37412619.000
2022-12-19,0.278,0.279,0.273,0.274,327719,27072123.000
2022-12-20,0.274,0.277,0.273,0.275,326329,26888606.000
2022-12-21,0.275,0.275,0.270,0.272,371943,30360412.000
2022-12-22,0.272,0.273,0.266,0.266,454972,36629583.000
2022-12-23,0.265,0.268,0.263,0.265,538843,42835089.000
2022-12-26,0.266,0.271,0.266,0.271,382275,30866757.000
2022-12-27,0.271,0.274,0.270,0.274,360173,29481062.000
2022-12-28,0.273,0.274,0.271,0.272,283426,23152262.000
2022-12-29,0.271,0.275,0.271,0.272,294015,24125812.000
2022-12-30,0.272,0.276,0.272,0.274,374293,30835527.000
2023-01-03,0.273,0.283,0.273,0.283,516433,43282267.000
2023-01-04,0.283,0.284,0.279,0.283,453663,38465881.000
2023-01-05,0.282,0.285,0.282,0.285,378767,32242821.000
2023-01-06,0.284,0.285,0.282,0.282,455779,38816054.000
2023-01-09,0.284,0.286,0.281,0.282,380840,32316818.000
2023-01-10,0.285,0.285,0.281,0.282,389242,33000403.000
2023-01-11,0.283,0.285,0.281,0.281,413836,35083754.000
2023-01-12,0.282,0.284,0.281,0.282,331117,28037529.000
2023-01-13,0.282,0.284,0.279,0.282,337924,28447570.000
2023-01-16,0.282,0.287,0.282,0.286,564458,48376266.000
2023-01-17,0.287,0.288,0.285,0.287,368632,31686460.000
2023-01-18,0.288,0.289,0.286,0.288,503174,43457794.000
2023-01-19,0.287,0.289,0.285,0.289,410945,35368569.000
2023-01-20,0.289,0.292,0.289,0.291,383922,33495503.000
2023-01-30,0.295,0.296,0.292,0.293,438198,38659033.000
2023-01-31,0.293,0.295,0.292,0.292,355360,31206037.000
2023-02-01,0.292,0.298,0.291,0.297,488674,43244756.000
2023-02-02,0.297,0.300,0.296,0.296,386889,34586986.000
2023-02-03,0.296,0.298,0.292,0.298,527701,46798729.000
2023-02-06,0.297,0.302,0.296,0.298,1172510,105105996.000
2023-02-07,0.298,0.301,0.297,0.301,641546,57683711.000
2023-02-08,0.301,0.303,0.297,0.298,464551,41597524.000
2023-02-09,0.296,0.308,0.295,0.307,693184,63076891.000
2023-02-10,0.307,0.314,0.306,0.309,888590,82807362.000
2023-02-13,0.311,0.311,0.307,0.311,504219,46757266.000
2023-02-14,0.310,0.312,0.307,0.308,463619,42994773.000
2023-02-15,0.308,0.317,0.308,0.316,797674,75275030.000
2023-02-16,0.315,0.320,0.308,0.311,1437041,135535423.000
2023-02-17,0.309,0.311,0.301,0.302,913947,83406065.000
2023-02-20,0.299,0.308,0.299,0.308,780773,71187334.000
2023-02-21,0.308,0.313,0.306,0.309,535191,49723414.000
2023-02-22,0.308,0.312,0.306,0.311,638438,59144293.000
2023-02-23,0.309,0.310,0.305,0.307,549391,50688671.000
2023-02-24,0.307,0.311,0.306,0.309,645165,59821188.000
2023-02-27,0.308,0.311,0.306,0.309,583144,53948870.000
2023-02-28,0.311,0.317,0.308,0.311,2058008,192498969.000
2023-03-01,0.311,0.320,0.310,0.319,973837,92516547.000
2023-03-02,0.319,0.327,0.317,0.321,2033140,196946586.000
2023-03-03,0.321,0.321,0.315,0.321,1003482,95873877.000
2023-03-06,0.320,0.327,0.320,0.323,863894,84051759.000
2023-03-07,0.321,0.322,0.311,0.312,1039858,98612008.000
2023-03-08,0.309,0.318,0.309,0.318,1008864,95436328.000
2023-03-09,0.316,0.323,0.313,0.321,1141923,109002591.000
2023-03-10,0.318,0.320,0.314,0.315,1022891,97288486.000
2023-03-13,0.312,0.324,0.306,0.323,1520546,146054014.000
2023-03-14,0.322,0.323,0.316,0.321,769696,74020509.000
2023-03-15,0.321,0.324,0.318,0.319,1021434,97992252.000
2023-03-16,0.317,0.319,0.313,0.315,924383,87830461.000
2023-03-17,0.317,0.330,0.317,0.328,1363391,133296210.000
2023-03-20,0.331,0.339,0.330,0.332,1500428,150732697.000
2023-03-21,0.332,0.335,0.329,0.334,786120,78324951.000
2023-03-22,0.334,0.351,0.334,0.350,1721416,177863309.000
2023-03-23,0.349,0.363,0.348,0.362,1566267,168210607.000
2023-03-24,0.361,0.363,0.354,0.362,1979015,213577577.000
2023-03-27,0.361,0.366,0.354,0.362,2129764,230039649.000
2023-03-28,0.359,0.360,0.351,0.352,1388887,148164177.000
2023-03-29,0.352,0.358,0.349,0.354,1738852,184322239.000
2023-03-30,0.353,0.354,0.340,0.347,1297530,135053540.000
2023-03-31,0.347,0.355,0.342,0.354,1450100,151336654.000
2023-04-03,0.353,0.368,0.352,0.368,1644789,177656889.000
2023-04-04,0.365,0.371,0.363,0.368,1170806,128919280.000
2023-04-06,0.363,0.385,0.363,0.381,1604912,181826037.000
2023-04-07,0.384,0.390,0.381,0.389,1919790,222487420.000
2023-04-10,0.389,0.393,0.372,0.375,2117421,242620127.000
2023-04-11,0.373,0.378,0.368,0.376,1670074,186956943.000
2023-04-12,0.374,0.390,0.373,0.386,1592353,183538372.000
2023-04-13,0.382,0.386,0.367,0.370,1844346,206638588.000
2023-04-14,0.370,0.373,0.363,0.372,1336885,148277514.000
2023-04-17,0.371,0.371,0.363,0.366,1219182,133672039.000
2023-04-18,0.366,0.384,0.363,0.379,2151217,241181518.000
2023-04-19,0.378,0.386,0.373,0.373,2025572,231155107.000
2023-04-20,0.374,0.391,0.374,0.391,1792783,207487068.000
2023-04-21,0.391,0.391,0.371,0.371,1682941,191712344.000
2023-04-24,0.372,0.384,0.372,0.379,1870929,212334288.000
2023-04-25,0.375,0.377,0.360,0.365,3168882,347809653.000
2023-04-26,0.363,0.366,0.349,0.352,1840443,196754284.000
2023-04-27,0.346,0.351,0.342,0.344,1751597,181674180.000
2023-04-28,0.344,0.362,0.344,0.357,1634612,173942125.000
2023-05-04,0.354,0.356,0.344,0.349,978344,102243302.000
2023-05-05,0.347,0.348,0.335,0.338,1540616,157343314.000
2023-05-08,0.338,0.345,0.334,0.345,1258839,129181288.000
2023-05-09,0.342,0.351,0.340,0.340,2244098,232284059.000
2023-05-10,0.339,0.346,0.334,0.337,1329862,135368126.000
2023-05-11,0.336,0.340,0.334,0.335,1089686,109876638.000
2023-05-12,0.334,0.338,0.331,0.332,676521,67876527.000
2023-05-15,0.333,0.340,0.327,0.339,1717505,171256433.000
2023-05-16,0.339,0.339,0.333,0.334,968917,97436510.000
2023-05-17,0.332,0.342,0.332,0.341,909318,92439426.000
2023-05-18,0.346,0.359,0.344,0.358,1769189,188592167.000
2023-05-19,0.353,0.360,0.353,0.356,6327415,677948948.000
2023-05-22,0.355,0.356,0.346,0.348,1219283,128064392.000
2023-05-23,0.347,0.349,0.342,0.342,1163701,120306845.000
2023-05-24,0.340,0.350,0.338,0.343,1350247,139618015.000
2023-05-25,0.352,0.359,0.344,0.353,3075091,324237754.000
2023-05-26,0.352,0.360,0.349,0.358,1805232,193442590.000
2023-05-29,0.361,0.370,0.361,0.364,1821894,199891228.000
2023-05-30,0.363,0.373,0.360,0.372,2103778,231272732.000
2023-05-31,0.369,0.376,0.368,0.375,1536444,171482798.000
2023-06-01,0.371,0.381,0.369,0.378,1420032,160362797.000
2023-06-02,0.380,0.381,0.376,0.378,1159273,131577513.000
2023-06-05,0.378,0.391,0.377,0.386,1520672,175786001.000
2023-06-06,0.384,0.388,0.374,0.375,2356885,269063306.000
2023-06-07,0.373,0.381,0.373,0.376,1102735,124783955.000
2023-06-08,0.373,0.374,0.366,0.370,1735395,192994675.000
2023-06-09,0.370,0.388,0.368,0.386,2092488,237315692.000
2023-06-12,0.385,0.392,0.383,0.389,1717527,200612685.000
2023-06-13,0.386,0.398,0.384,0.398,1656209,195399551.000
2023-06-14,0.397,0.410,0.394,0.406,3265102,394895947.000
2023-06-15,0.406,0.419,0.406,0.409,2027781,250386736.000
2023-06-16,0.404,0.431,0.404,0.430,3721730,465734811.000
2023-06-19,0.432,0.453,0.429,0.451,2752854,364331239.000
2023-06-20,0.446,0.458,0.440,0.458,2886265,387665278.000
2023-06-21,0.454,0.454,0.437,0.438,2308631,306728706.000
2023-06-26,0.431,0.438,0.418,0.422,2810031,358780899.000
2023-06-27,0.421,0.428,0.416,0.425,1791171,226584868.000
2023-06-28,0.421,0.421,0.403,0.412,2867072,353102662.000
2023-06-29,0.412,0.429,0.412,0.428,1912175,241539725.000
2023-06-30,0.425,0.442,0.422,0.437,2029539,262819622.000
2023-07-03,0.438,0.440,0.421,0.432,2099729,270993020.000
2023-07-04,0.429,0.440,0.428,0.435,1386934,181025871.000
2023-07-05,0.433,0.436,0.423,0.424,2049499,262898426.000
2023-07-06,0.423,0.435,0.421,0.426,1750364,225942775.000
2023-07-07,0.423,0.429,0.413,0.424,1494511,189449075.000
2023-07-10,0.425,0.426,0.413,0.419,1347488,169131435.000
2023-07-11,0.418,0.428,0.417,0.426,1340983,170323265.000
2023-07-12,0.425,0.425,0.404,0.405,4857363,599077577.000
2023-07-13,0.407,0.422,0.406,0.421,1836109,227074532.000
2023-07-14,0.427,0.439,0.425,0.435,1827605,236601650.000
2023-07-17,0.431,0.440,0.430,0.437,1696044,221549114.000
2023-07-18,0.435,0.436,0.424,0.425,1310898,169004173.000
2023-07-19,0.427,0.431,0.420,0.421,930312,118346001.000
2023-07-20,0.421,0.421,0.397,0.399,1780625,217892329.000
2023-07-21,0.397,0.401,0.393,0.398,1245230,148426896.000
2023-07-24,0.395,0.410,0.394,0.401,1747346,211138009.000
2023-07-25,0.404,0.413,0.400,0.406,1763166,214527974.000
2023-07-26,0.404,0.404,0.393,0.396,1342297,160012282.000
2023-07-27,0.394,0.398,0.389,0.392,1602882,189379519.000
2023-07-28,0.390,0.396,0.388,0.393,2143436,252031391.000
2023-07-31,0.389,0.397,0.389,0.393,1338756,158134263.000
2023-08-01,0.390,0.402,0.388,0.401,2275295,271120783.000
2023-08-02,0.399,0.404,0.397,0.400,964665,115872430.000
2023-08-03,0.397,0.402,0.393,0.397,1383737,164640932.000
2023-08-04,0.394,0.411,0.394,0.410,2276031,276160456.000
2023-08-07,0.410,0.421,0.404,0.408,3218107,398663889.000
2023-08-08,0.406,0.411,0.401,0.401,1876913,228064113.000
2023-08-09,0.398,0.400,0.387,0.389,2307130,271928472.000
2023-08-10,0.385,0.388,0.381,0.384,1400709,161240793.000
2023-08-11,0.384,0.387,0.377,0.378,942370,108253356.000
2023-08-14,0.375,0.381,0.373,0.381,1211656,136832027.000
2023-08-15,0.384,0.388,0.375,0.378,1443383,165405633.000
2023-08-16,0.374,0.376,0.367,0.370,1564988,174015511.000
2023-08-17,0.368,0.376,0.363,0.374,1673290,186715449.000
2023-08-18,0.374,0.374,0.362,0.362,1291461,142008518.000
2023-08-21,0.361,0.370,0.361,0.363,1439763,157893490.000
2023-08-22,0.368,0.379,0.364,0.379,2147588,239700786.000
2023-08-23,0.375,0.375,0.363,0.364,1805948,198794991.000
2023-08-24,0.370,0.374,0.363,0.366,1869863,206649377.000
2023-08-25,0.359,0.359,0.346,0.348,1516871,160124419.000
2023-08-28,0.367,0.367,0.354,0.354,1918594,206817468.000
2023-08-29,0.353,0.370,0.351,0.368,1605841,174797824.000
2023-08-30,0.369,0.380,0.369,0.374,1561625,175552712.000
2023-08-31,0.373,0.377,0.370,0.375,1553962,174509392.000
2023-09-01,0.373,0.374,0.366,0.369,1083637,120022622.000
2023-09-04,0.369,0.374,0.367,0.374,1435916,159500754.000
2023-09-05,0.373,0.373,0.365,0.367,1328346,146625036.000
2023-09-06,0.364,0.370,0.360,0.369,1134423,124086064.000
2023-09-07,0.369,0.369,0.359,0.359,1076406,116935584.000
2023-09-08,0.356,0.364,0.354,0.362,1206687,130371314.000
2023-09-11,0.362,0.375,0.361,0.370,1545759,170354229.000
2023-09-12,0.367,0.373,0.366,0.370,906794,100580647.000
2023-09-13,0.365,0.369,0.359,0.361,1177887,128098329.000
2023-09-14,0.361,0.368,0.360,0.362,1166710,127411052.000
2023-09-15,0.362,0.362,0.352,0.355,1030334,110152952.000
2023-09-18,0.352,0.358,0.351,0.352,1271783,134855531.000
2023-09-19,0.350,0.352,0.344,0.348,1024570,106857569.000
2023-09-20,0.347,0.354,0.347,0.347,1343285,140984192.000
2023-09-21,0.345,0.355,0.344,0.349,1323666,139238991.000
2023-09-22,0.347,0.370,0.347,0.370,2539359,275173048.000
2023-09-25,0.370,0.370,0.362,0.364,1730928,190005417.000
2023-09-26,0.364,0.371,0.363,0.365,1996377,219752501.000
2023-09-27,0.363,0.369,0.363,0.367,1276733,140328060.000
2023-09-28,0.368,0.374,0.368,0.372,1830321,203878889.000
2023-10-09,0.370,0.373,0.366,0.371,1803825,200211349.000
2023-10-10,0.371,0.374,0.369,0.373,1083434,120801940.000
2023-10-11,0.373,0.380,0.371,0.377,1671532,188702677.000
2023-10-12,0.378,0.379,0.372,0.374,1230624,138243305.000
2023-10-13,0.371,0.373,0.367,0.369,1098300,121914714.000
2023-10-16,0.367,0.369,0.361,0.364,1114235,121928840.000
2023-10-17,0.363,0.367,0.359,0.364,842968,91743977.000
2023-10-18,0.359,0.359,0.350,0.354,1400340,148644113.000
2023-10-19,0.350,0.356,0.348,0.349,965927,101956155.000
2023-10-20,0.347,0.351,0.339,0.339,1263615,129914520.000
2023-10-23,0.335,0.338,0.327,0.329,1469195,146366390.000
2023-10-24,0.331,0.335,0.326,0.330,955685,94712581.000
2023-10-25,0.329,0.332,0.326,0.327,1189926,117545786.000
2023-10-26,0.325,0.335,0.324,0.334,1238112,122452230.000
2023-10-27,0.331,0.335,0.327,0.334,1342615,133157837.000
2023-10-30,0.332,0.340,0.330,0.339,1703322,171302873.000
2023-10-31,0.338,0.339,0.331,0.334,1115798,111710568.000
2023-11-01,0.334,0.336,0.330,0.331,809039,80557402.000
2023-11-02,0.333,0.334,0.328,0.328,766673,76181993.000
2023-11-03,0.328,0.338,0.328,0.336,1654858,166344676.000
2023-11-06,0.339,0.345,0.337,0.344,1758612,180117086.000
2023-11-07,0.344,0.355,0.340,0.351,2269167,236540962.000
2023-11-08,0.350,0.353,0.347,0.351,1829404,192088494.000
2023-11-09,0.351,0.355,0.348,0.352,1455777,153485594.000
2023-11-10,0.350,0.354,0.348,0.349,1100460,115912136.000
2023-11-13,0.353,0.362,0.353,0.359,1806899,193907036.000
2023-11-14,0.359,0.364,0.357,0.361,933325,100839316.000
2023-11-15,0.365,0.366,0.356,0.361,1146330,123657873.000
2023-11-16,0.359,0.360,0.354,0.354,1029166,110316487.000
2023-11-17,0.352,0.362,0.352,0.361,1490010,159776893.000
2023-11-20,0.361,0.363,0.356,0.360,1048470,112999042.000
2023-11-21,0.360,0.363,0.354,0.356,817189,87793382.000
2023-11-22,0.354,0.354,0.346,0.346,1075663,112698303.000
2023-11-23,0.345,0.350,0.343,0.349,835749,86901365.000
2023-11-24,0.350,0.350,0.340,0.342,1295561,133402073.000
2023-11-27,0.341,0.345,0.340,0.344,689181,70772626.000
2023-11-28,0.342,0.344,0.339,0.343,597108,61202295.000
2023-11-29,0.342,0.344,0.340,0.341,662647,67967161.000
2023-11-30,0.340,0.341,0.336,0.340,642552,65369570.000
2023-12-01,0.339,0.349,0.337,0.347,1147645,118264968.000
2023-12-04,0.347,0.351,0.344,0.345,1200039,125222033.000
2023-12-05,0.344,0.345,0.336,0.336,933460,95644459.000
2023-12-06,0.335,0.339,0.334,0.335,669908,67509197.000
2023-12-07,0.336,0.341,0.334,0.339,1114174,112929267.000
2023-12-08,0.340,0.358,0.338,0.354,2500498,263282663.000
2023-12-11,0.352,0.359,0.347,0.359,1759343,186120381.000
2023-12-12,0.357,0.358,0.350,0.353,1879945,200127458.000
2023-12-13,0.352,0.354,0.347,0.347,1229478,129480401.000
2023-12-14,0.350,0.355,0.346,0.348,1885515,198139819.000
2023-12-15,0.347,0.349,0.341,0.343,1229305,126997756.000
2023-12-18,0.341,0.344,0.339,0.340,988785,101280644.000
2023-12-19,0.339,0.342,0.336,0.340,805820,81878494.000
2023-12-20,0.340,0.341,0.331,0.332,1556661,156359063.000
2023-12-21,0.329,0.341,0.328,0.336,1342972,134392689.000
2023-12-22,0.334,0.339,0.331,0.332,1173800,117881857.000
2023-12-25,0.331,0.337,0.331,0.334,878817,88055546.000
2023-12-26,0.334,0.334,0.324,0.326,933984,91766212.000
2023-12-27,0.327,0.330,0.325,0.328,1009086,99128696.000
2023-12-28,0.327,0.340,0.327,0.339,1197319,120059664.000
2023-12-29,0.338,0.346,0.337,0.345,1633092,168757461.000
2024-01-02,0.344,0.345,0.337,0.337,917815,93843657.000
2024-01-03,0.336,0.337,0.329,0.331,1108569,110774129.000
2024-01-04,0.331,0.332,0.326,0.328,721315,71005632.000
2024-01-05,0.327,0.328,0.317,0.319,1357166,131159900.000
2024-01-08,0.318,0.318,0.311,0.311,936056,88187138.000
2024-01-09,0.314,0.318,0.311,0.313,895865,84709576.000
2024-01-10,0.311,0.314,0.306,0.308,913777,84852774.000
2024-01-11,0.308,0.318,0.308,0.317,1029890,97103290.000
2024-01-12,0.315,0.315,0.310,0.311,801549,75081610.000
2024-01-15,0.307,0.314,0.307,0.311,743232,69348861.000
2024-01-16,0.310,0.312,0.306,0.312,747135,69352098.000
2024-01-17,0.310,0.313,0.306,0.306,856453,79913850.000
2024-01-18,0.302,0.321,0.302,0.319,2248146,208979654.000
2024-01-19,0.317,0.321,0.316,0.317,1345257,128551938.000
2024-01-22,0.320,0.322,0.305,0.307,1960239,186102364.000
2024-01-23,0.306,0.319,0.305,0.317,1604991,151043852.000
2024-01-24,0.317,0.320,0.305,0.319,1934535,182105414.000
2024-01-25,0.318,0.330,0.315,0.330,1696694,164593911.000
2024-01-26,0.325,0.327,0.319,0.321,1539663,149429368.000
2024-01-29,0.320,0.320,0.303,0.304,1689947,156126752.000
2024-01-30,0.301,0.304,0.294,0.294,1613525,145247820.000
2024-01-31,0.291,0.296,0.287,0.287,1242712,108413175.000
2024-02-01,0.283,0.303,0.282,0.296,2510785,221644530.000
2024-02-02,0.294,0.301,0.280,0.288,1451621,127838538.000
2024-02-05,0.286,0.294,0.273,0.285,1602587,136647327.000
2024-02-06,0.277,0.305,0.277,0.305,1972818,174131539.000
2024-02-07,0.305,0.313,0.302,0.312,1454213,135009718.000
2024-02-08,0.313,0.329,0.313,0.320,1502295,145036670.000
2024-02-19,0.330,0.349,0.325,0.348,3371981,343046859.000
2024-02-20,0.342,0.349,0.337,0.346,2556017,263772693.000
2024-02-21,0.339,0.347,0.336,0.339,2729290,279717264.000
2024-02-22,0.347,0.350,0.340,0.348,2663013,276497197.000
2024-02-23,0.353,0.356,0.346,0.349,2134291,224114943.000
2024-02-26,0.346,0.353,0.343,0.348,1957918,205133280.000
2024-02-27,0.347,0.375,0.345,0.372,3697715,402678511.000
2024-02-28,0.372,0.375,0.349,0.349,3964360,434409067.000
2024-02-29,0.349,0.370,0.349,0.368,3280600,356630597.000
2024-03-01,0.369,0.386,0.368,0.384,4284417,485507272.000
2024-03-04,0.390,0.397,0.381,0.393,3525917,412370004.000
2024-03-05,0.386,0.405,0.384,0.390,4554465,539035186.000
2024-03-06,0.385,0.395,0.385,0.390,3081657,360235779.000
2024-03-07,0.392,0.396,0.380,0.382,3645075,424047729.000
2024-03-08,0.386,0.404,0.382,0.404,5771564,682209538.000
2024-03-11,0.392,0.404,0.388,0.403,4965630,588654754.000
2024-03-12,0.399,0.405,0.391,0.397,3833128,456630528.000
2024-03-13,0.403,0.409,0.396,0.397,4438715,535659723.000
2024-03-14,0.388,0.398,0.387,0.394,3663787,431151363.000
2024-03-15,0.391,0.406,0.388,0.404,4046109,483100613.000
2024-03-18,0.404,0.416,0.403,0.413,3299487,407679614.000
2024-03-19,0.410,0.416,0.405,0.411,2885901,355518314.000
2024-03-20,0.409,0.416,0.404,0.408,3063667,374906779.000
2024-03-21,0.408,0.412,0.404,0.405,2522150,308730881.000
2024-03-22,0.403,0.407,0.397,0.401,2646227,319345868.000
2024-03-25,0.401,0.406,0.393,0.393,2264267,272251225.000
2024-03-26,0.390,0.398,0.377,0.384,3322226,388632204.000
2024-03-27,0.382,0.385,0.369,0.369,2840228,319206978.000
2024-03-28,0.369,0.387,0.369,0.380,2937554,333210208.000
2024-03-29,0.378,0.386,0.373,0.385,2894891,330080113.000
2024-04-01,0.387,0.395,0.385,0.395,2564775,300604935.000
2024-04-02,0.393,0.396,0.385,0.389,2372751,277647844.000
2024-04-03,0.387,0.387,0.375,0.376,2426896,275637723.000
2024-04-08,0.373,0.383,0.372,0.376,2656181,301597829.000
2024-04-09,0.376,0.378,0.369,0.376,1808309,202304278.000
2024-04-10,0.373,0.373,0.363,0.364,2072003,227868464.000
2024-04-11,0.363,0.372,0.363,0.366,2114806,234061547.000
2024-04-12,0.370,0.385,0.370,0.377,3214739,364015599.000
2024-04-15,0.375,0.383,0.374,0.381,2228922,253641559.000
2024-04-16,0.376,0.378,0.368,0.368,2202139,246148723.000
2024-04-17,0.373,0.385,0.372,0.385,2843704,324486628.000
2024-04-18,0.380,0.392,0.375,0.385,2737804,314499723.000
2024-04-19,0.381,0.384,0.370,0.377,2536581,286514435.000
2024-04-22,0.363,0.370,0.357,0.368,2412293,263435611.000
2024-04-23,0.369,0.372,0.364,0.366,1514441,167058816.000
2024-04-24,0.370,0.382,0.366,0.381,3086180,347907837.000
2024-04-25,0.376,0.379,0.373,0.375,2247177,253361891.000
2024-04-26,0.380,0.397,0.380,0.394,4053407,475264218.000
2024-04-29,0.399,0.403,0.397,0.401,2614200,314032133.000
2024-04-30,0.402,0.405,0.396,0.396,2251737,269723645.000
2024-05-06,0.404,0.406,0.396,0.398,2124342,254561068.000
2024-05-07,0.400,0.402,0.388,0.393,2836778,335855738.000
2024-05-08,0.390,0.394,0.387,0.389,1854498,216765347.000
2024-05-09,0.388,0.391,0.384,0.390,2668284,310467236.000
2024-05-10,0.389,0.389,0.382,0.387,2162557,250106105.000
2024-05-13,0.385,0.391,0.384,0.387,2150145,250222952.000
2024-05-14,0.387,0.391,0.380,0.384,2313231,266728950.000
2024-05-15,0.383,0.390,0.380,0.382,2116434,244247373.000
2024-05-16,0.389,0.394,0.386,0.387,4241183,496170532.000
2024-05-17,0.384,0.391,0.381,0.391,2875962,333925878.000
2024-05-20,0.388,0.396,0.383,0.396,2975738,349990838.000
2024-05-21,0.394,0.396,0.391,0.392,2668670,314580157.000
2024-05-22,0.391,0.392,0.387,0.389,1556859,181668536.000
2024-05-23,0.393,0.395,0.381,0.385,3157808,365684743.000
2024-05-24,0.383,0.392,0.374,0.374,3372464,387856249.000
2024-05-27,0.376,0.381,0.374,0.380,2024289,228998542.000
2024-05-28,0.377,0.382,0.373,0.374,2725150,307863839.000
2024-05-29,0.377,0.379,0.371,0.373,1291346,145190710.000
2024-05-30,0.371,0.374,0.367,0.372,1353229,151043820.000
2024-05-31,0.370,0.378,0.368,0.371,1272157,142388295.000
2024-06-03,0.371,0.382,0.371,0.378,2703901,305374396.000
2024-06-04,0.378,0.381,0.374,0.380,1791512,203051638.000
2024-06-05,0.379,0.381,0.374,0.375,1260489,142800105.000
2024-06-06,0.381,0.387,0.376,0.378,2885929,330639054.000
2024-06-07,0.378,0.379,0.365,0.369,2366856,262709424.000
2024-06-11,0.366,0.373,0.366,0.372,1229051,136172046.000
2024-06-12,0.372,0.379,0.371,0.374,1216221,136919417.000
2024-06-13,0.376,0.386,0.374,0.381,2540413,290616956.000
2024-06-14,0.381,0.403,0.379,0.399,3708280,437354186.000
2024-06-17,0.399,0.406,0.399,0.403,1952994,236080753.000
2024-06-18,0.402,0.418,0.402,0.413,1915744,237514886.000
2024-06-19,0.418,0.418,0.409,0.410,1477207,182820319.000
2024-06-20,0.410,0.414,0.404,0.405,1407283,172647277.000
2024-06-21,0.399,0.409,0.396,0.406,1563844,189209008.000
2024-06-24,0.402,0.407,0.392,0.393,1180925,141894982.000
2024-06-25,0.388,0.390,0.378,0.381,1662816,191340200.000
2024-06-26,0.386,0.393,0.383,0.392,1594509,185243759.000
2024-06-27,0.389,0.391,0.383,0.383,1321330,153239260.000
2024-06-28,0.383,0.398,0.381,0.393,1969282,232260464.000
2024-07-01,0.392,0.402,0.389,0.399,2117961,251315429.000
2024-07-02,0.398,0.400,0.393,0.395,1378214,163646215.000
2024-07-03,0.394,0.394,0.385,0.390,1417806,165511896.000
2024-07-04,0.394,0.397,0.387,0.387,1442181,169739700.000
2024-07-05,0.386,0.389,0.379,0.387,1498117,172339808.000
2024-07-08,0.387,0.391,0.384,0.386,1358266,158132594.000
2024-07-09,0.386,0.410,0.384,0.409,3137968,374713691.000
2024-07-10,0.406,0.413,0.404,0.410,2780954,341734383.000
2024-07-11,0.416,0.418,0.402,0.411,1997913,245457119.000
2024-07-12,0.403,0.404,0.398,0.401,1962740,235861579.000
2024-07-15,0.399,0.399,0.393,0.397,1458845,173360217.000
2024-07-16,0.397,0.402,0.392,0.401,1985530,236550825.000
2024-07-17,0.397,0.399,0.390,0.390,2120797,250222007.000
2024-07-18,0.381,0.387,0.373,0.386,2768245,315506646.000
2024-07-19,0.381,0.387,0.380,0.383,1836624,211590958.000
2024-07-22,0.382,0.387,0.380,0.385,1865481,214986512.000
2024-07-23,0.387,0.388,0.374,0.374,1832236,208964240.000
2024-07-24,0.371,0.381,0.370,0.372,1927969,217223536.000
2024-07-25,0.366,0.367,0.357,0.362,2066678,224750536.000
2024-07-26,0.362,0.371,0.361,0.369,1914606,210366953.000
2024-07-29,0.368,0.376,0.366,0.372,1779111,198063231.000
2024-07-30,0.369,0.372,0.365,0.369,1544712,170552660.000
2024-07-31,0.366,0.380,0.366,0.380,2451758,275016040.000
2024-08-01,0.386,0.388,0.380,0.380,1901939,218816475.000
2024-08-02,0.373,0.373,0.362,0.363,3215581,354405773.000
2024-08-05,0.355,0.359,0.342,0.342,2858236,300266145.000
2024-08-06,0.350,0.353,0.344,0.348,1761329,184286970.000
2024-08-07,0.347,0.354,0.346,0.349,1767502,185967291.000
2024-08-08,0.346,0.349,0.341,0.346,1431583,148192464.000
2024-08-09,0.350,0.353,0.346,0.347,1324592,138928886.000
2024-08-12,0.345,0.350,0.344,0.345,1178410,122355192.000
2024-08-13,0.347,0.351,0.345,0.349,1095232,114217459.000
2024-08-14,0.352,0.353,0.347,0.347,1119033,117503660.000
2024-08-15,0.344,0.352,0.344,0.349,1323313,138298771.000
2024-08-16,0.351,0.358,0.351,0.355,2120218,226180967.000
2024-08-19,0.354,0.360,0.353,0.356,1280519,137029350.000
2024-08-20,0.357,0.358,0.351,0.352,1232482,130887552.000
2024-08-21,0.350,0.356,0.348,0.352,927863,98182887.000
2024-08-22,0.352,0.353,0.346,0.347,938541,98179187.000
2024-08-23,0.345,0.348,0.343,0.347,826847,85713095.000
2024-08-26,0.349,0.350,0.341,0.343,1021309,105474653.000
2024-08-27,0.342,0.342,0.336,0.337,977877,99208592.000
2024-08-28,0.335,0.340,0.334,0.336,1100441,110927454.000
2024-08-29,0.332,0.336,0.325,0.335,1495024,148009784.000
2024-08-30,0.331,0.347,0.331,0.344,1646184,168947365.000
2024-09-02,0.342,0.343,0.330,0.330,1535401,154431559.000
2024-09-03,0.330,0.334,0.329,0.334,1113767,110942194.000
2024-09-04,0.329,0.334,0.324,0.331,1415936,139842503.000
2024-09-05,0.331,0.337,0.330,0.334,1134025,113372127.000
2024-09-06,0.334,0.335,0.326,0.326,912726,90275483.000
2024-09-09,0.324,0.328,0.323,0.328,982588,95772045.000
2024-09-10,0.327,0.336,0.325,0.334,1964209,194950539.000
2024-09-11,0.333,0.337,0.333,0.335,1184958,119100083.000
2024-09-12,0.340,0.343,0.334,0.335,1209711,122713510.000
2024-09-13,0.334,0.344,0.334,0.339,1992377,204030813.000
2024-09-18,0.338,0.340,0.334,0.338,895837,90599299.000
2024-09-19,0.339,0.341,0.332,0.338,1453030,146637383.000
2024-09-20,0.340,0.341,0.336,0.338,1237517,125747513.000
2024-09-23,0.338,0.346,0.337,0.342,1435825,147683618.000
2024-09-24,0.343,0.361,0.341,0.361,2137831,224352130.000
2024-09-25,0.365,0.370,0.360,0.361,1866104,204503711.000
2024-09-26,0.361,0.374,0.358,0.374,1577891,172456257.000
2024-09-27,0.376,0.394,0.373,0.393,1245698,142128219.000
2024-09-30,0.405,0.432,0.397,0.432,2365696,296395955.000
2024-10-08,0.476,0.476,0.456,0.476,2256730,319959732.000
2024-10-09,0.479,0.493,0.450,0.456,3476219,495026775.000
2024-10-10,0.458,0.465,0.438,0.449,3290229,446250962.000
2024-10-11,0.444,0.449,0.425,0.432,1392810,182776380.000
2024-10-14,0.433,0.445,0.422,0.444,1363121,177431420.000
2024-10-15,0.442,0.453,0.434,0.434,1562097,207697231.000
2024-10-16,0.421,0.429,0.419,0.421,1440532,182856799.000
2024-10-17,0.425,0.432,0.424,0.425,1457282,187002093.000
2024-10-18,0.425,0.467,0.424,0.458,2596847,345885923.000
2024-10-21,0.460,0.475,0.451,0.463,2478800,343051920.000
2024-10-22,0.470,0.470,0.457,0.465,1496454,207502832.000
2024-10-23,0.457,0.468,0.452,0.458,1695537,234540434.000
2024-10-24,0.455,0.474,0.454,0.465,2949045,411310909.000
2024-10-25,0.468,0.474,0.463,0.470,1901451,266932055.000
2024-10-28,0.468,0.472,0.462,0.468,976020,136474186.000
2024-10-29,0.467,0.475,0.461,0.463,1288619,180739555.000
2024-10-30,0.459,0.471,0.458,0.464,1014705,141708197.000
2024-10-31,0.463,0.473,0.458,0.468,1414251,198349332.000
2024-11-01,0.463,0.466,0.452,0.453,1378444,189987407.000
2024-11-04,0.450,0.465,0.450,0.463,955942,132054427.000
2024-11-05,0.463,0.479,0.460,0.477,1508548,213297842.000
2024-11-06,0.477,0.481,0.467,0.472,1527306,217819061.000
2024-11-07,0.465,0.481,0.464,0.481,1764561,251124122.000
2024-11-08,0.488,0.503,0.487,0.488,1998975,296687727.000
2024-11-11,0.484,0.509,0.481,0.504,2360563,351820218.000
2024-11-12,0.504,0.505,0.490,0.495,1616880,241747104.000
2024-11-13,0.491,0.508,0.489,0.505,1863020,279125121.000
2024-11-14,0.501,0.505,0.480,0.482,1414169,208632596.000
2024-11-15,0.481,0.487,0.463,0.464,1599646,227794033.000
2024-11-18,0.461,0.465,0.447,0.451,1340544,182735758.000
2024-11-19,0.452,0.463,0.446,0.462,1186237,162069015.000
2024-11-20,0.461,0.470,0.460,0.469,1501826,209688126.000
2024-11-21,0.467,0.470,0.460,0.464,1013388,141345095.000
2024-11-22,0.462,0.469,0.447,0.448,951302,130940594.000
2024-11-25,0.445,0.448,0.428,0.437,1192350,155944462.000
2024-11-26,0.437,0.442,0.435,0.436,897959,118322872.000
2024-11-27,0.434,0.445,0.428,0.445,1106912,144879247.000
2024-11-28,0.444,0.444,0.435,0.436,979755,129074949.000
2024-11-29,0.436,0.450,0.435,0.445,1009051,133880296.000
2024-12-02,0.445,0.458,0.445,0.455,1392062,189434526.000
2024-12-03,0.455,0.455,0.445,0.450,1142609,154376303.000
2024-12-04,0.450,0.453,0.439,0.442,968869,129065385.000
2024-12-05,0.442,0.451,0.441,0.448,937945,125972059.000
2024-12-06,0.448,0.454,0.446,0.451,1004376,135736788.000
2024-12-09,0.449,0.450,0.440,0.443,965698,128657730.000
2024-12-10,0.458,0.459,0.444,0.445,1115375,150224016.000
2024-12-11,0.443,0.455,0.443,0.454,1199785,162248818.000
2024-12-12,0.454,0.461,0.454,0.459,1173088,161163201.000
2024-12-13,0.457,0.459,0.448,0.449,839515,113746727.000
2024-12-16,0.449,0.452,0.443,0.448,578642,77616209.000
2024-12-17,0.448,0.464,0.448,0.451,1453079,199111162.000
2024-12-18,0.449,0.458,0.444,0.453,1084962,146482723.000
2024-12-19,0.449,0.470,0.449,0.468,2034015,282632555.000
2024-12-20,0.464,0.475,0.463,0.469,1935484,272104056.000
2024-12-23,0.469,0.472,0.458,0.459,1844916,256821770.000
2024-12-24,0.459,0.464,0.453,0.463,1077575,148388442.000
2024-12-25,0.463,0.469,0.461,0.464,1834431,255770815.000
2024-12-26,0.464,0.486,0.460,0.485,2379857,342090162.000
2024-12-27,0.484,0.484,0.473,0.476,2528297,363504715.000
2024-12-30,0.476,0.478,0.468,0.469,2263261,320832586.000
2024-12-31,0.470,0.472,0.454,0.455,2448052,338335161.000
2025-01-02,0.451,0.454,0.435,0.440,1629873,217941013.000
2025-01-03,0.440,0.441,0.426,0.427,1727212,224593203.000
2025-01-06,0.428,0.435,0.420,0.424,1319439,169205701.000
2025-01-07,0.424,0.438,0.422,0.437,1880735,242574466.000
2025-01-08,0.432,0.435,0.418,0.431,1680786,215320954.000
2025-01-09,0.427,0.437,0.426,0.435,1158916,150614833.000
2025-01-10,0.432,0.433,0.419,0.419,1263392,161604740.000
2025-01-13,0.413,0.424,0.412,0.419,1158668,145597730.000
2025-01-14,0.420,0.441,0.414,0.439,1656538,213633632.000
2025-01-15,0.436,0.438,0.431,0.432,1027642,133658665.000
2025-01-16,0.435,0.447,0.432,0.444,2408297,318217323.000
2025-01-17,0.441,0.453,0.438,0.448,1675975,224052227.000
2025-01-20,0.449,0.460,0.449,0.454,1490206,203248896.000
2025-01-21,0.462,0.468,0.457,0.465,1350959,187354739.000
2025-01-22,0.466,0.482,0.466,0.477,2402340,341952775.000
2025-01-23,0.480,0.488,0.466,0.467,1536770,219582855.000
2025-01-24,0.465,0.479,0.464,0.478,1099730,156460300.000
2025-01-27,0.471,0.473,0.452,0.452,1991840,274994291.000
2025-02-05,0.451,0.452,0.433,0.437,2855343,374127655.000
2025-02-06,0.439,0.453,0.438,0.451,2223071,297259533.000
2025-02-07,0.451,0.470,0.450,0.464,3118634,432660731.000
2025-02-10,0.464,0.467,0.459,0.467,2463522,342847964.000
2025-02-11,0.467,0.470,0.463,0.465,1186205,166210326.000
2025-02-12,0.462,0.474,0.462,0.474,1488580,209082765.000
2025-02-13,0.473,0.473,0.458,0.460,1786308,248153227.000
2025-02-14,0.457,0.465,0.455,0.459,1367270,188513771.000
2025-02-17,0.463,0.480,0.463,0.476,2632107,372873149.000
2025-02-18,0.472,0.477,0.462,0.464,2162595,304326855.000
2025-02-19,0.462,0.473,0.460,0.473,1898526,266988965.000
2025-02-20,0.472,0.474,0.467,0.473,1274160,180307287.000
2025-02-21,0.476,0.493,0.473,0.490,2716508,394189249.000
2025-02-24,0.488,0.488,0.479,0.486,3208098,466057030.000
2025-02-25,0.474,0.485,0.472,0.478,1808012,259461048.000
2025-02-26,0.479,0.482,0.471,0.481,2785930,398915428.000
2025-02-27,0.482,0.484,0.460,0.467,2245688,315900157.000
2025-02-28,0.457,0.460,0.440,0.443,2688136,361775543.000
2025-03-03,0.442,0.443,0.431,0.436,2435230,319248939.000
2025-03-04,0.428,0.441,0.427,0.441,1405170,183617138.000
2025-03-05,0.441,0.446,0.440,0.446,1467139,195251856.000
2025-03-06,0.450,0.457,0.447,0.455,1963232,266848214.000
2025-03-07,0.453,0.454,0.445,0.448,1817451,245423819.000
2025-03-10,0.448,0.449,0.442,0.447,872783,116643285.000
2025-03-11,0.443,0.445,0.440,0.444,988691,131074441.000
2025-03-12,0.447,0.457,0.445,0.451,1585913,214602433.000
2025-03-13,0.451,0.454,0.440,0.442,984496,131564248.000
2025-03-14,0.441,0.452,0.440,0.452,1398933,188029455.000
2025-03-17,0.453,0.456,0.452,0.453,960203,130593681.000
2025-03-18,0.458,0.460,0.450,0.459,1805013,246904138.000
2025-03-19,0.456,0.456,0.447,0.449,1363011,184058278.000
2025-03-20,0.448,0.451,0.445,0.446,1940439,260821990.000
2025-03-21,0.444,0.447,0.435,0.436,1892489,249920233.000
2025-03-24,0.436,0.440,0.427,0.436,1141014,148369369.000
2025-03-25,0.437,0.439,0.428,0.429,1015682,131765421.000
2025-03-26,0.429,0.432,0.427,0.427,898338,115601825.000
2025-03-27,0.425,0.430,0.418,0.425,1110916,141366469.000
2025-03-28,0.425,0.427,0.422,0.422,1107963,140861952.000
2025-03-31,0.420,0.423,0.415,0.422,1732091,217973307.000
2025-04-01,0.422,0.424,0.420,0.420,1432202,181353098.000
2025-04-02,0.421,0.428,0.421,0.425,1991289,253809162.000
2025-04-03,0.418,0.421,0.408,0.411,2065317,257067285.000
2025-04-07,0.379,0.385,0.370,0.370,736475,82707611.000
2025-04-08,0.353,0.362,0.340,0.348,4080926,425050570.000
2025-04-09,0.340,0.359,0.331,0.356,2619194,272800723.000
2025-04-10,0.374,0.381,0.371,0.372,6537162,740689853.000
2025-04-11,0.366,0.380,0.365,0.376,1901455,212249090.000
2025-04-14,0.386,0.388,0.379,0.380,2047110,235484333.000
2025-04-15,0.379,0.380,0.373,0.377,998783,112620202.000
2025-04-16,0.374,0.375,0.365,0.370,1212501,134462537.000
2025-04-17,0.367,0.375,0.367,0.369,908361,101268322.000
2025-04-18,0.370,0.380,0.369,0.379,3189866,360592489.000
2025-04-21,0.379,0.384,0.377,0.384,2139677,245011125.000
2025-04-22,0.382,0.383,0.379,0.380,984484,112536539.000
2025-04-23,0.385,0.394,0.383,0.391,2282135,266109172.000
2025-04-24,0.389,0.389,0.383,0.385,1355501,156853680.000
2025-04-25,0.385,0.395,0.385,0.391,1528507,179500661.000
2025-04-28,0.389,0.391,0.385,0.386,1177673,136690324.000
2025-04-29,0.384,0.387,0.381,0.385,732474,84522815.000
2025-04-30,0.384,0.389,0.383,0.387,991987,115140576.000
2025-05-06,0.391,0.402,0.391,0.401,2106041,251119447.000
2025-05-07,0.406,0.409,0.398,0.402,1431590,172882356.000
2025-05-08,0.401,0.419,0.401,0.418,3042306,377008411.000
2025-05-09,0.414,0.415,0.408,0.412,1757013,216999319.000
2025-05-12,0.419,0.422,0.416,0.422,2624835,329629359.000
2025-05-13,0.428,0.428,0.419,0.419,3409934,431126809.000
2025-05-14,0.421,0.429,0.420,0.422,1730884,220579986.000
2025-05-15,0.421,0.422,0.410,0.411,1273111,158093367.000
2025-05-16,0.409,0.417,0.408,0.414,1163819,144782068.000
2025-05-19,0.412,0.414,0.409,0.412,800478,98755322.000
2025-05-20,0.412,0.416,0.409,0.414,697166,86203972.000
2025-05-21,0.414,0.414,0.410,0.412,567811,70189260.000
2025-05-22,0.410,0.416,0.408,0.410,687363,85073480.000
2025-05-23,0.410,0.412,0.403,0.403,1305975,159304783.000
2025-05-26,0.403,0.407,0.402,0.407,664410,80740019.000
2025-05-27,0.406,0.406,0.398,0.400,2222325,266886026.000
2025-05-28,0.401,0.408,0.401,0.406,1153762,140168624.000
2025-05-29,0.408,0.417,0.408,0.416,1810356,225370708.000
2025-05-30,0.413,0.413,0.409,0.412,812182,100088955.000
2025-06-03,0.410,0.414,0.409,0.410,806423,99445529.000
2025-06-04,0.411,0.421,0.411,0.419,1398217,175325214.000
2025-06-05,0.418,0.433,0.418,0.432,2856706,367463641.000
2025-06-06,0.432,0.437,0.429,0.435,2150767,279701273.000
2025-06-09,0.437,0.447,0.436,0.443,1933177,255954987.000
2025-06-10,0.439,0.441,0.431,0.436,1849751,242038671.000
2025-06-11,0.436,0.441,0.435,0.436,1144749,150256596.000
2025-06-12,0.434,0.451,0.433,0.445,1937864,259053470.000
2025-06-13,0.440,0.448,0.438,0.441,1352188,179384742.000
2025-06-16,0.440,0.455,0.439,0.451,2027724,273907552.000
2025-06-17,0.451,0.452,0.445,0.448,814835,109446685.000
2025-06-18,0.447,0.458,0.442,0.457,1792669,242743671.000
2025-06-19,0.454,0.470,0.451,0.454,1573471,215187140.000
2025-06-20,0.453,0.454,0.445,0.447,1400693,188410459.000
2025-06-23,0.443,0.448,0.439,0.446,825076,109835761.000
2025-06-24,0.448,0.453,0.448,0.452,921654,124778772.000
2025-06-25,0.455,0.459,0.452,0.459,989727,135388434.000
2025-06-26,0.462,0.470,0.461,0.463,2865835,399927960.000
2025-06-27,0.462,0.477,0.458,0.474,2352640,333033595.000
2025-06-30,0.476,0.485,0.474,0.485,1308842,188343367.000
2025-07-01,0.482,0.484,0.479,0.483,798915,115431404.000
2025-07-02,0.479,0.479,0.470,0.472,1108096,157290614.000
2025-07-03,0.475,0.488,0.475,0.485,2943051,425510097.000
2025-07-04,0.484,0.487,0.478,0.478,1118633,161694974.000
2025-07-07,0.476,0.478,0.465,0.473,908778,128597035.000
2025-07-08,0.473,0.496,0.473,0.495,2511973,367947668.000
2025-07-09,0.495,0.501,0.494,0.496,1385211,206486723.000
2025-07-10,0.497,0.500,0.489,0.496,1177110,174916878.000
2025-07-11,0.493,0.497,0.491,0.494,1598846,237015488.000
2025-07-14,0.490,0.497,0.490,0.494,863140,127939572.000
2025-07-15,0.505,0.525,0.505,0.525,2835372,442487292.000
2025-07-16,0.527,0.540,0.522,0.523,3205247,508838861.000
2025-07-17,0.518,0.544,0.518,0.543,2261617,363725951.000
2025-07-18,0.547,0.556,0.539,0.542,2402123,393032586.000
2025-07-21,0.540,0.547,0.533,0.544,1536223,248605408.000
2025-07-22,0.542,0.556,0.537,0.542,1884122,307834664.000
2025-07-23,0.534,0.542,0.530,0.540,1308218,210335374.000
2025-07-24,0.545,0.547,0.535,0.543,1356360,219939088.000
2025-07-25,0.542,0.547,0.541,0.544,2201514,358934413.000
2025-07-28,0.544,0.555,0.542,0.555,1704854,280844451.000
2025-07-29,0.555,0.579,0.555,0.578,2451143,418645285.000
2025-07-30,0.575,0.583,0.567,0.580,2326014,401154764.000
2025-07-31,0.590,0.605,0.581,0.583,3848791,686743178.000
2025-08-01,0.573,0.590,0.567,0.574,2599112,449828968.000
2025-08-04,0.567,0.578,0.566,0.578,1320391,226625771.000
2025-08-05,0.586,0.588,0.573,0.588,2559638,447264043.000
2025-08-06,0.583,0.592,0.580,0.589,1538164,270893178.000
2025-08-07,0.592,0.600,0.574,0.587,2206585,389332968.000
2025-08-08,0.585,0.597,0.582,0.588,1693679,299974922.000
2025-08-11,0.589,0.606,0.588,0.600,1818160,326734776.000
2025-08-12,0.601,0.622,0.600,0.620,2300286,423325137.000
2025-08-13,0.622,0.662,0.617,0.660,5323989,1036457882.000
2025-08-14,0.656,0.658,0.643,0.643,3433083,670306328.000
2025-08-15,0.638,0.654,0.638,0.650,3436560,667167430.000
2025-08-18,0.651,0.687,0.645,0.677,3725887,748709442.000
2025-08-19,0.676,0.706,0.675,0.705,4502530,940176627.000
2025-08-20,0.690,0.707,0.674,0.707,6018862,1249310515.000
2025-08-21,0.710,0.717,0.689,0.699,5056851,1060647092.000
2025-08-22,0.693,0.729,0.692,0.727,4841409,1036303225.000
2025-08-25,0.742,0.777,0.733,0.776,5185267,1174058795.000
2025-08-26,0.772,0.778,0.754,0.759,4044905,929172569.000
2025-08-27,0.762,0.813,0.762,0.779,5814147,1374814292.000
2025-08-28,0.776,0.856,0.773,0.852,8472408,2072324176.000
2025-08-29,0.851,0.858,0.820,0.851,9452589,2380210632.000
2025-09-01,0.862,0.915,0.846,0.901,9398678,2488198779.000
2025-09-02,0.898,0.921,0.833,0.849,13831940,3614751444.000
2025-09-03,0.844,0.881,0.829,0.867,12511710,3208056780.000
2025-09-04,0.884,0.893,0.780,0.786,14893846,3664446253.000
2025-09-05,0.790,0.848,0.776,0.839,11347641,2755885502.000
2025-09-08,0.825,0.827,0.767,0.798,10897117,2591966558.000
2025-09-09,0.782,0.799,0.767,0.782,5262371,1239023701.000
2025-09-10,0.809,0.832,0.799,0.817,8526258,2084529884.000
2025-09-11,0.833,0.899,0.830,0.899,11700631,3059268450.000
2025-09-12,0.868,0.890,0.863,0.874,10002257,2630953879.000
2025-09-15,0.859,0.873,0.843,0.859,7109074,1832880918.000
2025-09-16,0.858,0.874,0.844,0.865,6734765,1737469116.000
2025-09-17,0.860,0.875,0.845,0.868,6458409,1672539893.000
2025-09-18,0.854,0.908,0.853,0.885,9427954,2500808913.000
2025-09-19,0.895,0.910,0.878,0.894,6781301,1818437548.000
2025-09-22,0.894,0.908,0.868,0.904,5441229,1460437794.000
2025-09-23,0.936,0.946,0.881,0.911,8985564,2451652156.000
2025-09-24,0.884,0.916,0.876,0.905,7306471,1966405823.000
2025-09-25,0.895,0.937,0.883,0.926,7245660,1993124533.000
2025-09-26,0.916,0.935,0.898,0.898,5167848,1416801202.000
2025-09-29,0.887,0.922,0.887,0.911,4736567,1294041967.000
2025-09-30,0.914,0.931,0.887,0.892,6381562,1726352380.000
2025-10-09,0.901,0.920,0.897,0.900,6859681,1869851506.000
2025-10-10,0.901,0.911,0.875,0.881,5271715,1410120320.000
2025-10-13,0.833,0.867,0.828,0.866,4923200,1259550016.000
2025-10-14,0.878,0.879,0.808,0.812,7600222,1900125453.000
2025-10-15,0.809,0.835,0.802,0.834,4070371,1003465513.000
2025-10-16,0.826,0.856,0.823,0.841,3215871,814406575.000
2025-10-17,0.841,0.845,0.812,0.815,3655771,902384200.000
2025-10-20,0.843,0.868,0.833,0.843,5560379,1417344490.000
2025-10-21,0.850,0.907,0.844,0.900,7417786,1962450089.000
2025-10-22,0.890,0.907,0.884,0.892,5303283,1423862861.000
2025-10-23,0.880,0.884,0.856,0.875,4351207,1132300474.000
2025-10-24,0.890,0.930,0.874,0.926,6643173,1803783203.000
2025-10-27,0.953,0.974,0.945,0.971,6734778,1942475632.000
2025-10-28,0.960,0.998,0.955,0.972,5978631,1753025699.000
2025-10-29,0.993,1.003,0.970,0.990,6278889,1854523815.000
2025-10-30,0.973,0.992,0.953,0.956,7235932,2096265355.000
2025-10-31,0.952,0.952,0.904,0.906,9078721,2496748561.000
2025-11-03,0.894,0.915,0.885,0.913,5382153,1456418032.000
2025-11-04,0.917,0.926,0.893,0.902,4289668,1170962735.000
2025-11-05,0.873,0.902,0.872,0.897,3681684,979365362.000
2025-11-06,0.906,0.926,0.902,0.921,5409884,1485540256.000
2025-11-07,0.907,0.921,0.894,0.910,3737203,1016598374.000
2025-11-10,0.908,0.916,0.871,0.901,5669584,1509118805.000
2025-11-11,0.912,0.913,0.870,0.873,5029576,1336672284.000
2025-11-12,0.860,0.883,0.850,0.882,4835133,1254635550.000
2025-11-13,0.876,0.880,0.859,0.875,3766175,983734098.000
2025-11-14,0.860,0.862,0.846,0.847,4070822,1042074584.000
2025-11-17,0.846,0.866,0.844,0.855,3785687,970121683.000
2025-11-18,0.846,0.871,0.841,0.852,5061982,1305586864.000
2025-11-19,0.850,0.875,0.849,0.862,5801080,1504059572.000
2025-11-20,0.892,0.896,0.860,0.866,5582232,1463309804.000
2025-11-21,0.840,0.846,0.816,0.819,6301926,1568184668.000
2025-11-24,0.828,0.828,0.790,0.809,5087137,1234869662.000
2025-11-25,0.823,0.855,0.823,0.838,6769740,1704435166.000
2025-11-26,0.830,0.904,0.823,0.885,8893448,2336033734.000
2025-11-27,0.880,0.922,0.879,0.889,5360794,1454244998.000
2025-11-28,0.886,0.898,0.876,0.892,3699935,984659980.000
2025-12-01,0.899,0.921,0.884,0.917,4578854,1247952732.000
2025-12-02,0.915,0.931,0.912,0.921,3742418,1033205788.000
2025-12-03,0.921,0.943,0.910,0.912,4715823,1310802282.000
2025-12-04,0.902,0.924,0.894,0.920,3771737,1030655756.000
2025-12-05,0.928,0.938,0.914,0.929,3399679,945501698.000
2025-12-08,0.931,0.994,0.931,0.980,7231189,2109858701.000
2025-12-09,0.980,1.018,0.978,1.011,6393818,1927619883.000
2025-12-10,1.008,1.024,0.981,1.020,5335095,1602283129.000
2025-12-11,1.016,1.020,0.979,0.980,5066328,1519076158.000
2025-12-12,0.971,1.002,0.967,0.992,4532733,1341783095.000
2025-12-15,0.977,0.988,0.966,0.968,3525253,1031303630.000
2025-12-16,0.965,0.968,0.932,0.942,4425104,1257458588.000
2025-12-17,0.942,0.995,0.942,0.994,6518461,1906848346.000
2025-12-18,0.977,0.993,0.974,0.975,4707101,1386269817.000
2025-12-19,0.989,0.996,0.972,0.981,4033409,1191990274.000
2025-12-22,1.001,1.031,1.000,1.027,5922669,1812147232.000
2025-12-23,1.028,1.035,1.017,1.025,4210270,1295420621.000
2025-12-24,1.029,1.045,1.020,1.045,4529038,1406510373.000
2025-12-25,1.045,1.065,1.028,1.047,4587631,1437779882.000
2025-12-26,1.038,1.044,1.027,1.035,4725791,1467138621.000
2025-12-29,1.030,1.049,1.027,1.038,3778544,1177924056.000
2025-12-30,1.029,1.054,1.027,1.038,4438408,1385762630.000
2025-12-31,1.039,1.046,1.021,1.027,4310365,1333398867.000
