group,metric,count,mean,median,p25,p75,min,max,positive_count,positive_rate,negative_count,negative_rate
NO_DAILY_TARGET_CHANGE,net_intrawweek_effect_bps,409,0,0.0,0.00,0.00,0,0,0,0,0,0
NO_DAILY_TARGET_CHANGE,gross_path_effect_bps,409,0,0.0,0.00,0.00,0,0,0,0,0,0
NO_DAILY_TARGET_CHANGE,trading_friction_effect_bps,409,0,0.0,0.00,0.00,0,0,0,0,0,0
DAILY_CHANGE_NON_WHIPSAW,net_intrawweek_effect_bps,167,8.262621197121565671332587695,0.0,-14.86264874148485283485112328,32.00430016675855315688252320,-206.2516478158647507050635076,285.0799763730686983391344921,67,0.4011976047904191616766467066,61,0.3652694610778443113772455090
DAILY_CHANGE_NON_WHIPSAW,gross_path_effect_bps,167,14.26891713708128794200819044,0.0,-5.97105762794493699333460949,38.51353159510336052400459116,-194.3370308768706951034316662,291.9317540888674907570554320,79,0.4730538922155688622754491018,49,0.2934131736526946107784431138
DAILY_CHANGE_NON_WHIPSAW,trading_friction_effect_bps,167,-6.006295939959722270675602784,-6.671483398592242039146890774,-7.825636862141823287482241245,-5.438107871306990296363097405,-14.66063753471221672757396699,0,0,0,128,0.7664670658682634730538922156
DAILY_WHIPSAW,net_intrawweek_effect_bps,111,-38.23899652278453010335199759,-31.76532884908304602870589489,-59.4489783267610613088437744,-16.57191659083137550189056198,-310.0705374179923149642293699,221.8224132361274332568004572,19,0.1711711711711711711711711712,92,0.8288288288288288288288288288
DAILY_WHIPSAW,gross_path_effect_bps,111,-23.98894795948109449090612274,-18.53435308663200419135014754,-45.76322482098331977993479622,-3.267956232651368118861138866,-294.2877284781916036640163491,241.0687566678972685946989978,25,0.2252252252252252252252252252,86,0.7747747747747747747747747748
DAILY_WHIPSAW,trading_friction_effect_bps,111,-14.25004856330343561244587490,-13.76038174714505521580097155,-16.81248070686053865682298754,-11.28740804464921284777551296,-37.51392263543266333302687257,-5.420087242438670483227316985,0,0,111,1
