calculation_date,universe_version,symbol,name,downside_drawdown_risk__downside_volatility__120d,downside_drawdown_risk__downside_volatility__60d,downside_drawdown_risk__max_drawdown__120d,downside_drawdown_risk__max_drawdown__60d,market_beta__beta__120d,market_beta__beta__60d,realized_volatility__annualized_volatility__20d,realized_volatility__annualized_volatility__60d,return_momentum__past_return__120d,return_momentum__past_return__20d,return_momentum__past_return__60d,trading_liquidity__avg_amount__20d,trading_liquidity__avg_amount__60d,trading_liquidity__avg_volume__20d,trading_liquidity__avg_volume__60d
2026-07-08,universe_v2_qualified_research,159516,半导体设备ETF国泰,1.07685149,0.3714374638,-0.5708935259,-0.1533333333,1.7523962961,1.4937504104,0.6587272115,0.5806935507,1.0898345154,0.4009508716,1.0205714286,5316217160.0362,3450940824.1680503,3173929001.2,2540481278.45
2026-07-08,universe_v2_qualified_research,159531,中证2000ETF南方,0.1700600177,0.1693873762,-0.1422250316,-0.1134708738,0.9796238942,0.8330517865,0.2863649908,0.2540384447,0.0181184669,-0.0330906684,-0.006122449,145366694.9167,143860199.69610003,94363612.5,92516481.48333333
2026-07-08,universe_v2_qualified_research,159547,红利低波ETF华夏,0.0952464151,0.0882536481,-0.1240992794,-0.1163166397,0.1196182044,-0.0996512273,0.1894314532,0.1354493232,-0.0514096186,-0.0474604496,-0.0630630631,157345040.56334996,131471792.01730002,137867255.3,111278464.06666666
2026-07-08,universe_v2_qualified_research,159593,中证A50ETF,0.110344034,0.1233448705,-0.0764239366,-0.0636237898,0.8926296467,0.8971384935,0.2290751843,0.183502502,-0.0279971285,-0.0188405797,0.0188111362,60440744.0125,95745831.57511666,43732693.95,68257279.65
2026-07-08,universe_v2_qualified_research,159608,稀有金属ETF广发,0.2915408267,0.2665674747,-0.237446198,-0.1896067416,1.6271358748,1.6825015678,0.543573899,0.456198785,0.014059754,-0.0286195286,-0.0359231412,255589288.79500002,208268287.97838333,196869096.0,162234344.43333334
2026-07-08,universe_v2_qualified_research,159638,高端装备ETF嘉实,0.2912269361,0.2416130154,-0.334082397,-0.2125775022,1.0579288929,0.9942072501,0.3152228433,0.3203206582,-0.2194907814,-0.0347448426,-0.1154228856,59476007.50345,69743401.88378334,63927508.7,69896411.7
2026-07-08,universe_v2_qualified_research,159667,工业母机ETF国泰,1.5556715303,2.1687044296,-0.6807645384,-0.6807645384,1.7483324464,2.1584255069,2.4500943488,1.4547975297,-0.5179549604,-0.6751435603,-0.5648351648,361047973.1323501,298652745.30908334,414186078.45,218774098.28333333
2026-07-08,universe_v2_qualified_research,159732,消费电子ETF华夏,0.2395305875,0.2753658545,-0.1411458333,-0.1411458333,1.7375008696,2.0051755313,0.6100128059,0.4885815393,0.4045996593,0.048315321,0.4464912281,776804003.9408,491579905.7058667,448308009.3,306860533.71666664
2026-07-08,universe_v2_qualified_research,510050,上证50ETF,0.1090668274,0.1174805663,-0.1093167702,-0.0710854947,0.7766854735,0.7589429379,0.2397457205,0.1714401944,-0.0698608964,0.0315392527,0.0172413793,2364893642.15,2827392296.85,783283934.15,934012638.2666667
2026-07-08,universe_v2_qualified_research,515260,电子ETF,0.2514853304,0.2941995509,-0.155862069,-0.1247848537,1.7535787625,2.0622845397,0.573875618,0.4857718517,0.4675324675,0.0935483871,0.5362537764,112331106.15,74800698.68333334,103423158.95,77166915.88333334
2026-07-08,universe_v2_qualified_research,515630,保险证券,0.141421488,0.1482873645,-0.2351791531,-0.0976172175,0.8579187395,0.7573196924,0.443913212,0.2866205727,-0.1852090032,0.074639525,0.0225988701,80223746.0,52260532.03333333,61310235.7,41004904.11666667
2026-07-08,universe_v2_qualified_research,561360,石油ETF,0.2112080647,0.1261141942,-0.2919320594,-0.1698817673,0.4010887621,0.3613327317,0.3058943664,0.2148206654,0.0604133545,-0.0409777139,-0.1657285804,74795923.05,110861936.7,53685179.15,73848057.03333333
2026-07-08,universe_v2_qualified_research,561560,电力ETF,0.1713658831,0.1865486755,-0.1965923984,-0.1965923984,0.5368455924,0.5080149849,0.2063534945,0.2629000578,-0.0056772101,-0.1267806268,-0.0612557427,118606182.55,135008117.2,90446111.05,97610038.98333333
2026-07-08,universe_v2_qualified_research,562550,绿电ETF,0.1767190607,0.1945231914,-0.1973684211,-0.1973684211,0.4861205234,0.5063906065,0.1950989192,0.2673698353,-0.0054347826,-0.1306413302,-0.0558899398,161431392.8,199828138.36666667,137307750.0,161049555.03333333
2026-07-08,universe_v2_qualified_research,588200,科创芯片ETF,0.2915132818,0.3402687325,-0.1929577465,-0.1549692623,1.7550982778,1.9692732943,0.552861733,0.5464320642,0.7943177271,0.2873959231,0.7800714569,6193061922.7,5276323342.933333,1471645941.9,1458602491.6333334
2026-07-08,universe_v2_qualified_research,588220,科创100ETF基金,0.2173091168,0.231928753,-0.1484230056,-0.0835550825,1.3786849714,1.3409962644,0.4100519527,0.366062061,0.4152249135,0.1329639889,0.3817567568,613098393.5,666112663.55,304213589.45,368479765.73333335
