calculation_date,universe_version,symbol,name,exposure_name,metric_name,lookback_window,exposure_value,window_start_date,window_end_date,point_in_time_status,confidence_level,missing_data_flag,missing_data_reason,source_data,research_only,execution_allowed,notes
2026-07-08,universe_v2_qualified_research,159516,半导体设备ETF国泰,market_beta,beta,60,1.4937504104,2026-04-10,2026-07-08,PIT_SAFE_WITH_PROXY,MEDIUM,False,,data/etf_daily,True,False,"{""benchmark_symbol"": ""510300"", ""correlation"": 0.49090904656361456, ""observations"": 60}"
2026-07-08,universe_v2_qualified_research,159516,半导体设备ETF国泰,market_beta,beta,120,1.7523962961,2026-01-07,2026-07-08,PIT_SAFE_WITH_PROXY,HIGH,False,,data/etf_daily,True,False,"{""benchmark_symbol"": ""510300"", ""correlation"": 0.1922474267057082, ""observations"": 120}"
2026-07-08,universe_v2_qualified_research,159516,半导体设备ETF国泰,realized_volatility,annualized_volatility,20,0.6587272115,2026-06-10,2026-07-08,PIT_SAFE,HIGH,False,,data/etf_daily,True,False,"{""observations"": 20}"
2026-07-08,universe_v2_qualified_research,159516,半导体设备ETF国泰,realized_volatility,annualized_volatility,60,0.5806935507,2026-04-10,2026-07-08,PIT_SAFE,HIGH,False,,data/etf_daily,True,False,"{""observations"": 60}"
2026-07-08,universe_v2_qualified_research,159516,半导体设备ETF国泰,downside_drawdown_risk,max_drawdown,60,-0.1533333333,2026-04-10,2026-07-08,PIT_SAFE,HIGH,False,,data/etf_daily,True,False,"{""observations"": 60}"
2026-07-08,universe_v2_qualified_research,159516,半导体设备ETF国泰,downside_drawdown_risk,downside_volatility,60,0.3714374638,2026-04-10,2026-07-08,PIT_SAFE,HIGH,False,,data/etf_daily,True,False,"{""downside_observations"": 19, ""observations"": 60}"
2026-07-08,universe_v2_qualified_research,159516,半导体设备ETF国泰,downside_drawdown_risk,max_drawdown,120,-0.5708935259,2026-01-07,2026-07-08,PIT_SAFE,HIGH,False,,data/etf_daily,True,False,"{""observations"": 120}"
2026-07-08,universe_v2_qualified_research,159516,半导体设备ETF国泰,downside_drawdown_risk,downside_volatility,120,1.07685149,2026-01-07,2026-07-08,PIT_SAFE,HIGH,False,,data/etf_daily,True,False,"{""downside_observations"": 51, ""observations"": 120}"
2026-07-08,universe_v2_qualified_research,159516,半导体设备ETF国泰,trading_liquidity,avg_amount,20,5316217160.0362,2026-06-10,2026-07-08,PIT_SAFE,HIGH,False,,data/etf_daily,True,False,"{""observations"": 20}"
2026-07-08,universe_v2_qualified_research,159516,半导体设备ETF国泰,trading_liquidity,avg_volume,20,3173929001.2,2026-06-10,2026-07-08,PIT_SAFE,HIGH,False,,data/etf_daily,True,False,"{""observations"": 20}"
2026-07-08,universe_v2_qualified_research,159516,半导体设备ETF国泰,trading_liquidity,avg_amount,60,3450940824.1680503,2026-04-10,2026-07-08,PIT_SAFE,HIGH,False,,data/etf_daily,True,False,"{""observations"": 60}"
2026-07-08,universe_v2_qualified_research,159516,半导体设备ETF国泰,trading_liquidity,avg_volume,60,2540481278.45,2026-04-10,2026-07-08,PIT_SAFE,HIGH,False,,data/etf_daily,True,False,"{""observations"": 60}"
2026-07-08,universe_v2_qualified_research,159516,半导体设备ETF国泰,return_momentum,past_return,20,0.4009508716,2026-06-09,2026-07-08,PIT_SAFE,HIGH,False,,data/etf_daily,True,False,"{""observations"": 20}"
2026-07-08,universe_v2_qualified_research,159516,半导体设备ETF国泰,return_momentum,past_return,60,1.0205714286,2026-04-09,2026-07-08,PIT_SAFE,HIGH,False,,data/etf_daily,True,False,"{""observations"": 60}"
2026-07-08,universe_v2_qualified_research,159516,半导体设备ETF国泰,return_momentum,past_return,120,1.0898345154,2026-01-06,2026-07-08,PIT_SAFE,HIGH,False,,data/etf_daily,True,False,"{""observations"": 120}"
2026-07-08,universe_v2_qualified_research,159531,中证2000ETF南方,market_beta,beta,60,0.8330517865,2026-04-10,2026-07-08,PIT_SAFE_WITH_PROXY,MEDIUM,False,,data/etf_daily,True,False,"{""benchmark_symbol"": ""510300"", ""correlation"": 0.6258100819461792, ""observations"": 60}"
2026-07-08,universe_v2_qualified_research,159531,中证2000ETF南方,market_beta,beta,120,0.9796238942,2026-01-07,2026-07-08,PIT_SAFE_WITH_PROXY,HIGH,False,,data/etf_daily,True,False,"{""benchmark_symbol"": ""510300"", ""correlation"": 0.6525189398818403, ""observations"": 120}"
2026-07-08,universe_v2_qualified_research,159531,中证2000ETF南方,realized_volatility,annualized_volatility,20,0.2863649908,2026-06-10,2026-07-08,PIT_SAFE,HIGH,False,,data/etf_daily,True,False,"{""observations"": 20}"
2026-07-08,universe_v2_qualified_research,159531,中证2000ETF南方,realized_volatility,annualized_volatility,60,0.2540384447,2026-04-10,2026-07-08,PIT_SAFE,HIGH,False,,data/etf_daily,True,False,"{""observations"": 60}"
2026-07-08,universe_v2_qualified_research,159531,中证2000ETF南方,downside_drawdown_risk,max_drawdown,60,-0.1134708738,2026-04-10,2026-07-08,PIT_SAFE,HIGH,False,,data/etf_daily,True,False,"{""observations"": 60}"
2026-07-08,universe_v2_qualified_research,159531,中证2000ETF南方,downside_drawdown_risk,downside_volatility,60,0.1693873762,2026-04-10,2026-07-08,PIT_SAFE,HIGH,False,,data/etf_daily,True,False,"{""downside_observations"": 29, ""observations"": 60}"
2026-07-08,universe_v2_qualified_research,159531,中证2000ETF南方,downside_drawdown_risk,max_drawdown,120,-0.1422250316,2026-01-07,2026-07-08,PIT_SAFE,HIGH,False,,data/etf_daily,True,False,"{""observations"": 120}"
2026-07-08,universe_v2_qualified_research,159531,中证2000ETF南方,downside_drawdown_risk,downside_volatility,120,0.1700600177,2026-01-07,2026-07-08,PIT_SAFE,HIGH,False,,data/etf_daily,True,False,"{""downside_observations"": 56, ""observations"": 120}"
2026-07-08,universe_v2_qualified_research,159531,中证2000ETF南方,trading_liquidity,avg_amount,20,145366694.9167,2026-06-10,2026-07-08,PIT_SAFE,HIGH,False,,data/etf_daily,True,False,"{""observations"": 20}"
2026-07-08,universe_v2_qualified_research,159531,中证2000ETF南方,trading_liquidity,avg_volume,20,94363612.5,2026-06-10,2026-07-08,PIT_SAFE,HIGH,False,,data/etf_daily,True,False,"{""observations"": 20}"
2026-07-08,universe_v2_qualified_research,159531,中证2000ETF南方,trading_liquidity,avg_amount,60,143860199.69610003,2026-04-10,2026-07-08,PIT_SAFE,HIGH,False,,data/etf_daily,True,False,"{""observations"": 60}"
2026-07-08,universe_v2_qualified_research,159531,中证2000ETF南方,trading_liquidity,avg_volume,60,92516481.48333333,2026-04-10,2026-07-08,PIT_SAFE,HIGH,False,,data/etf_daily,True,False,"{""observations"": 60}"
2026-07-08,universe_v2_qualified_research,159531,中证2000ETF南方,return_momentum,past_return,20,-0.0330906684,2026-06-09,2026-07-08,PIT_SAFE,HIGH,False,,data/etf_daily,True,False,"{""observations"": 20}"
2026-07-08,universe_v2_qualified_research,159531,中证2000ETF南方,return_momentum,past_return,60,-0.006122449,2026-04-09,2026-07-08,PIT_SAFE,HIGH,False,,data/etf_daily,True,False,"{""observations"": 60}"
2026-07-08,universe_v2_qualified_research,159531,中证2000ETF南方,return_momentum,past_return,120,0.0181184669,2026-01-06,2026-07-08,PIT_SAFE,HIGH,False,,data/etf_daily,True,False,"{""observations"": 120}"
2026-07-08,universe_v2_qualified_research,159547,红利低波ETF华夏,market_beta,beta,60,-0.0996512273,2026-04-10,2026-07-08,PIT_SAFE_WITH_PROXY,MEDIUM,False,,data/etf_daily,True,False,"{""benchmark_symbol"": ""510300"", ""correlation"": -0.1404028143041328, ""observations"": 60}"
2026-07-08,universe_v2_qualified_research,159547,红利低波ETF华夏,market_beta,beta,120,0.1196182044,2026-01-07,2026-07-08,PIT_SAFE_WITH_PROXY,HIGH,False,,data/etf_daily,True,False,"{""benchmark_symbol"": ""510300"", ""correlation"": 0.15855425539921317, ""observations"": 120}"
2026-07-08,universe_v2_qualified_research,159547,红利低波ETF华夏,realized_volatility,annualized_volatility,20,0.1894314532,2026-06-10,2026-07-08,PIT_SAFE,HIGH,False,,data/etf_daily,True,False,"{""observations"": 20}"
2026-07-08,universe_v2_qualified_research,159547,红利低波ETF华夏,realized_volatility,annualized_volatility,60,0.1354493232,2026-04-10,2026-07-08,PIT_SAFE,HIGH,False,,data/etf_daily,True,False,"{""observations"": 60}"
2026-07-08,universe_v2_qualified_research,159547,红利低波ETF华夏,downside_drawdown_risk,max_drawdown,60,-0.1163166397,2026-04-10,2026-07-08,PIT_SAFE,HIGH,False,,data/etf_daily,True,False,"{""observations"": 60}"
2026-07-08,universe_v2_qualified_research,159547,红利低波ETF华夏,downside_drawdown_risk,downside_volatility,60,0.0882536481,2026-04-10,2026-07-08,PIT_SAFE,HIGH,False,,data/etf_daily,True,False,"{""downside_observations"": 31, ""observations"": 60}"
2026-07-08,universe_v2_qualified_research,159547,红利低波ETF华夏,downside_drawdown_risk,max_drawdown,120,-0.1240992794,2026-01-07,2026-07-08,PIT_SAFE,HIGH,False,,data/etf_daily,True,False,"{""observations"": 120}"
2026-07-08,universe_v2_qualified_research,159547,红利低波ETF华夏,downside_drawdown_risk,downside_volatility,120,0.0952464151,2026-01-07,2026-07-08,PIT_SAFE,HIGH,False,,data/etf_daily,True,False,"{""downside_observations"": 59, ""observations"": 120}"
2026-07-08,universe_v2_qualified_research,159547,红利低波ETF华夏,trading_liquidity,avg_amount,20,157345040.56334996,2026-06-10,2026-07-08,PIT_SAFE,HIGH,False,,data/etf_daily,True,False,"{""observations"": 20}"
2026-07-08,universe_v2_qualified_research,159547,红利低波ETF华夏,trading_liquidity,avg_volume,20,137867255.3,2026-06-10,2026-07-08,PIT_SAFE,HIGH,False,,data/etf_daily,True,False,"{""observations"": 20}"
2026-07-08,universe_v2_qualified_research,159547,红利低波ETF华夏,trading_liquidity,avg_amount,60,131471792.01730002,2026-04-10,2026-07-08,PIT_SAFE,HIGH,False,,data/etf_daily,True,False,"{""observations"": 60}"
2026-07-08,universe_v2_qualified_research,159547,红利低波ETF华夏,trading_liquidity,avg_volume,60,111278464.06666666,2026-04-10,2026-07-08,PIT_SAFE,HIGH,False,,data/etf_daily,True,False,"{""observations"": 60}"
2026-07-08,universe_v2_qualified_research,159547,红利低波ETF华夏,return_momentum,past_return,20,-0.0474604496,2026-06-09,2026-07-08,PIT_SAFE,HIGH,False,,data/etf_daily,True,False,"{""observations"": 20}"
2026-07-08,universe_v2_qualified_research,159547,红利低波ETF华夏,return_momentum,past_return,60,-0.0630630631,2026-04-09,2026-07-08,PIT_SAFE,HIGH,False,,data/etf_daily,True,False,"{""observations"": 60}"
2026-07-08,universe_v2_qualified_research,159547,红利低波ETF华夏,return_momentum,past_return,120,-0.0514096186,2026-01-06,2026-07-08,PIT_SAFE,HIGH,False,,data/etf_daily,True,False,"{""observations"": 120}"
2026-07-08,universe_v2_qualified_research,159593,中证A50ETF,market_beta,beta,60,0.8971384935,2026-04-10,2026-07-08,PIT_SAFE_WITH_PROXY,MEDIUM,False,,data/etf_daily,True,False,"{""benchmark_symbol"": ""510300"", ""correlation"": 0.9330125850870563, ""observations"": 60}"
2026-07-08,universe_v2_qualified_research,159593,中证A50ETF,market_beta,beta,120,0.8926296467,2026-01-07,2026-07-08,PIT_SAFE_WITH_PROXY,HIGH,False,,data/etf_daily,True,False,"{""benchmark_symbol"": ""510300"", ""correlation"": 0.9297089123365587, ""observations"": 120}"
2026-07-08,universe_v2_qualified_research,159593,中证A50ETF,realized_volatility,annualized_volatility,20,0.2290751843,2026-06-10,2026-07-08,PIT_SAFE,HIGH,False,,data/etf_daily,True,False,"{""observations"": 20}"
2026-07-08,universe_v2_qualified_research,159593,中证A50ETF,realized_volatility,annualized_volatility,60,0.183502502,2026-04-10,2026-07-08,PIT_SAFE,HIGH,False,,data/etf_daily,True,False,"{""observations"": 60}"
2026-07-08,universe_v2_qualified_research,159593,中证A50ETF,downside_drawdown_risk,max_drawdown,60,-0.0636237898,2026-04-10,2026-07-08,PIT_SAFE,HIGH,False,,data/etf_daily,True,False,"{""observations"": 60}"
2026-07-08,universe_v2_qualified_research,159593,中证A50ETF,downside_drawdown_risk,downside_volatility,60,0.1233448705,2026-04-10,2026-07-08,PIT_SAFE,HIGH,False,,data/etf_daily,True,False,"{""downside_observations"": 25, ""observations"": 60}"
2026-07-08,universe_v2_qualified_research,159593,中证A50ETF,downside_drawdown_risk,max_drawdown,120,-0.0764239366,2026-01-07,2026-07-08,PIT_SAFE,HIGH,False,,data/etf_daily,True,False,"{""observations"": 120}"
2026-07-08,universe_v2_qualified_research,159593,中证A50ETF,downside_drawdown_risk,downside_volatility,120,0.110344034,2026-01-07,2026-07-08,PIT_SAFE,HIGH,False,,data/etf_daily,True,False,"{""downside_observations"": 59, ""observations"": 120}"
2026-07-08,universe_v2_qualified_research,159593,中证A50ETF,trading_liquidity,avg_amount,20,60440744.0125,2026-06-10,2026-07-08,PIT_SAFE,HIGH,False,,data/etf_daily,True,False,"{""observations"": 20}"
2026-07-08,universe_v2_qualified_research,159593,中证A50ETF,trading_liquidity,avg_volume,20,43732693.95,2026-06-10,2026-07-08,PIT_SAFE,HIGH,False,,data/etf_daily,True,False,"{""observations"": 20}"
2026-07-08,universe_v2_qualified_research,159593,中证A50ETF,trading_liquidity,avg_amount,60,95745831.57511666,2026-04-10,2026-07-08,PIT_SAFE,HIGH,False,,data/etf_daily,True,False,"{""observations"": 60}"
2026-07-08,universe_v2_qualified_research,159593,中证A50ETF,trading_liquidity,avg_volume,60,68257279.65,2026-04-10,2026-07-08,PIT_SAFE,HIGH,False,,data/etf_daily,True,False,"{""observations"": 60}"
2026-07-08,universe_v2_qualified_research,159593,中证A50ETF,return_momentum,past_return,20,-0.0188405797,2026-06-09,2026-07-08,PIT_SAFE,HIGH,False,,data/etf_daily,True,False,"{""observations"": 20}"
2026-07-08,universe_v2_qualified_research,159593,中证A50ETF,return_momentum,past_return,60,0.0188111362,2026-04-09,2026-07-08,PIT_SAFE,HIGH,False,,data/etf_daily,True,False,"{""observations"": 60}"
2026-07-08,universe_v2_qualified_research,159593,中证A50ETF,return_momentum,past_return,120,-0.0279971285,2026-01-06,2026-07-08,PIT_SAFE,HIGH,False,,data/etf_daily,True,False,"{""observations"": 120}"
2026-07-08,universe_v2_qualified_research,159608,稀有金属ETF广发,market_beta,beta,60,1.6825015678,2026-04-10,2026-07-08,PIT_SAFE_WITH_PROXY,MEDIUM,False,,data/etf_daily,True,False,"{""benchmark_symbol"": ""510300"", ""correlation"": 0.7038358012566152, ""observations"": 60}"
2026-07-08,universe_v2_qualified_research,159608,稀有金属ETF广发,market_beta,beta,120,1.6271358748,2026-01-07,2026-07-08,PIT_SAFE_WITH_PROXY,HIGH,False,,data/etf_daily,True,False,"{""benchmark_symbol"": ""510300"", ""correlation"": 0.6500597658811269, ""observations"": 120}"
2026-07-08,universe_v2_qualified_research,159608,稀有金属ETF广发,realized_volatility,annualized_volatility,20,0.543573899,2026-06-10,2026-07-08,PIT_SAFE,HIGH,False,,data/etf_daily,True,False,"{""observations"": 20}"
2026-07-08,universe_v2_qualified_research,159608,稀有金属ETF广发,realized_volatility,annualized_volatility,60,0.456198785,2026-04-10,2026-07-08,PIT_SAFE,HIGH,False,,data/etf_daily,True,False,"{""observations"": 60}"
2026-07-08,universe_v2_qualified_research,159608,稀有金属ETF广发,downside_drawdown_risk,max_drawdown,60,-0.1896067416,2026-04-10,2026-07-08,PIT_SAFE,HIGH,False,,data/etf_daily,True,False,"{""observations"": 60}"
2026-07-08,universe_v2_qualified_research,159608,稀有金属ETF广发,downside_drawdown_risk,downside_volatility,60,0.2665674747,2026-04-10,2026-07-08,PIT_SAFE,HIGH,False,,data/etf_daily,True,False,"{""downside_observations"": 28, ""observations"": 60}"
2026-07-08,universe_v2_qualified_research,159608,稀有金属ETF广发,downside_drawdown_risk,max_drawdown,120,-0.237446198,2026-01-07,2026-07-08,PIT_SAFE,HIGH,False,,data/etf_daily,True,False,"{""observations"": 120}"
2026-07-08,universe_v2_qualified_research,159608,稀有金属ETF广发,downside_drawdown_risk,downside_volatility,120,0.2915408267,2026-01-07,2026-07-08,PIT_SAFE,HIGH,False,,data/etf_daily,True,False,"{""downside_observations"": 60, ""observations"": 120}"
2026-07-08,universe_v2_qualified_research,159608,稀有金属ETF广发,trading_liquidity,avg_amount,20,255589288.79500002,2026-06-10,2026-07-08,PIT_SAFE,HIGH,False,,data/etf_daily,True,False,"{""observations"": 20}"
2026-07-08,universe_v2_qualified_research,159608,稀有金属ETF广发,trading_liquidity,avg_volume,20,196869096.0,2026-06-10,2026-07-08,PIT_SAFE,HIGH,False,,data/etf_daily,True,False,"{""observations"": 20}"
2026-07-08,universe_v2_qualified_research,159608,稀有金属ETF广发,trading_liquidity,avg_amount,60,208268287.97838333,2026-04-10,2026-07-08,PIT_SAFE,HIGH,False,,data/etf_daily,True,False,"{""observations"": 60}"
2026-07-08,universe_v2_qualified_research,159608,稀有金属ETF广发,trading_liquidity,avg_volume,60,162234344.43333334,2026-04-10,2026-07-08,PIT_SAFE,HIGH,False,,data/etf_daily,True,False,"{""observations"": 60}"
2026-07-08,universe_v2_qualified_research,159608,稀有金属ETF广发,return_momentum,past_return,20,-0.0286195286,2026-06-09,2026-07-08,PIT_SAFE,HIGH,False,,data/etf_daily,True,False,"{""observations"": 20}"
2026-07-08,universe_v2_qualified_research,159608,稀有金属ETF广发,return_momentum,past_return,60,-0.0359231412,2026-04-09,2026-07-08,PIT_SAFE,HIGH,False,,data/etf_daily,True,False,"{""observations"": 60}"
2026-07-08,universe_v2_qualified_research,159608,稀有金属ETF广发,return_momentum,past_return,120,0.014059754,2026-01-06,2026-07-08,PIT_SAFE,HIGH,False,,data/etf_daily,True,False,"{""observations"": 120}"
2026-07-08,universe_v2_qualified_research,159638,高端装备ETF嘉实,market_beta,beta,60,0.9942072501,2026-04-10,2026-07-08,PIT_SAFE_WITH_PROXY,MEDIUM,False,,data/etf_daily,True,False,"{""benchmark_symbol"": ""510300"", ""correlation"": 0.5923276120490696, ""observations"": 60}"
2026-07-08,universe_v2_qualified_research,159638,高端装备ETF嘉实,market_beta,beta,120,1.0579288929,2026-01-07,2026-07-08,PIT_SAFE_WITH_PROXY,HIGH,False,,data/etf_daily,True,False,"{""benchmark_symbol"": ""510300"", ""correlation"": 0.47022005855805526, ""observations"": 120}"
2026-07-08,universe_v2_qualified_research,159638,高端装备ETF嘉实,realized_volatility,annualized_volatility,20,0.3152228433,2026-06-10,2026-07-08,PIT_SAFE,HIGH,False,,data/etf_daily,True,False,"{""observations"": 20}"
2026-07-08,universe_v2_qualified_research,159638,高端装备ETF嘉实,realized_volatility,annualized_volatility,60,0.3203206582,2026-04-10,2026-07-08,PIT_SAFE,HIGH,False,,data/etf_daily,True,False,"{""observations"": 60}"
2026-07-08,universe_v2_qualified_research,159638,高端装备ETF嘉实,downside_drawdown_risk,max_drawdown,60,-0.2125775022,2026-04-10,2026-07-08,PIT_SAFE,HIGH,False,,data/etf_daily,True,False,"{""observations"": 60}"
2026-07-08,universe_v2_qualified_research,159638,高端装备ETF嘉实,downside_drawdown_risk,downside_volatility,60,0.2416130154,2026-04-10,2026-07-08,PIT_SAFE,HIGH,False,,data/etf_daily,True,False,"{""downside_observations"": 27, ""observations"": 60}"
2026-07-08,universe_v2_qualified_research,159638,高端装备ETF嘉实,downside_drawdown_risk,max_drawdown,120,-0.334082397,2026-01-07,2026-07-08,PIT_SAFE,HIGH,False,,data/etf_daily,True,False,"{""observations"": 120}"
2026-07-08,universe_v2_qualified_research,159638,高端装备ETF嘉实,downside_drawdown_risk,downside_volatility,120,0.2912269361,2026-01-07,2026-07-08,PIT_SAFE,HIGH,False,,data/etf_daily,True,False,"{""downside_observations"": 59, ""observations"": 120}"
2026-07-08,universe_v2_qualified_research,159638,高端装备ETF嘉实,trading_liquidity,avg_amount,20,59476007.50345,2026-06-10,2026-07-08,PIT_SAFE,HIGH,False,,data/etf_daily,True,False,"{""observations"": 20}"
2026-07-08,universe_v2_qualified_research,159638,高端装备ETF嘉实,trading_liquidity,avg_volume,20,63927508.7,2026-06-10,2026-07-08,PIT_SAFE,HIGH,False,,data/etf_daily,True,False,"{""observations"": 20}"
2026-07-08,universe_v2_qualified_research,159638,高端装备ETF嘉实,trading_liquidity,avg_amount,60,69743401.88378334,2026-04-10,2026-07-08,PIT_SAFE,HIGH,False,,data/etf_daily,True,False,"{""observations"": 60}"
2026-07-08,universe_v2_qualified_research,159638,高端装备ETF嘉实,trading_liquidity,avg_volume,60,69896411.7,2026-04-10,2026-07-08,PIT_SAFE,HIGH,False,,data/etf_daily,True,False,"{""observations"": 60}"
2026-07-08,universe_v2_qualified_research,159638,高端装备ETF嘉实,return_momentum,past_return,20,-0.0347448426,2026-06-09,2026-07-08,PIT_SAFE,HIGH,False,,data/etf_daily,True,False,"{""observations"": 20}"
2026-07-08,universe_v2_qualified_research,159638,高端装备ETF嘉实,return_momentum,past_return,60,-0.1154228856,2026-04-09,2026-07-08,PIT_SAFE,HIGH,False,,data/etf_daily,True,False,"{""observations"": 60}"
2026-07-08,universe_v2_qualified_research,159638,高端装备ETF嘉实,return_momentum,past_return,120,-0.2194907814,2026-01-06,2026-07-08,PIT_SAFE,HIGH,False,,data/etf_daily,True,False,"{""observations"": 120}"
2026-07-08,universe_v2_qualified_research,159667,工业母机ETF国泰,market_beta,beta,60,2.1584255069,2026-04-10,2026-07-08,PIT_SAFE_WITH_PROXY,MEDIUM,False,,data/etf_daily,True,False,"{""benchmark_symbol"": ""510300"", ""correlation"": 0.28314214003788596, ""observations"": 60}"
2026-07-08,universe_v2_qualified_research,159667,工业母机ETF国泰,market_beta,beta,120,1.7483324464,2026-01-07,2026-07-08,PIT_SAFE_WITH_PROXY,HIGH,False,,data/etf_daily,True,False,"{""benchmark_symbol"": ""510300"", ""correlation"": 0.2991857330328764, ""observations"": 120}"
2026-07-08,universe_v2_qualified_research,159667,工业母机ETF国泰,realized_volatility,annualized_volatility,20,2.4500943488,2026-06-10,2026-07-08,PIT_SAFE,HIGH,False,,data/etf_daily,True,False,"{""observations"": 20}"
2026-07-08,universe_v2_qualified_research,159667,工业母机ETF国泰,realized_volatility,annualized_volatility,60,1.4547975297,2026-04-10,2026-07-08,PIT_SAFE,HIGH,False,,data/etf_daily,True,False,"{""observations"": 60}"
2026-07-08,universe_v2_qualified_research,159667,工业母机ETF国泰,downside_drawdown_risk,max_drawdown,60,-0.6807645384,2026-04-10,2026-07-08,PIT_SAFE,HIGH,False,,data/etf_daily,True,False,"{""observations"": 60}"
2026-07-08,universe_v2_qualified_research,159667,工业母机ETF国泰,downside_drawdown_risk,downside_volatility,60,2.1687044296,2026-04-10,2026-07-08,PIT_SAFE,HIGH,False,,data/etf_daily,True,False,"{""downside_observations"": 23, ""observations"": 60}"
2026-07-08,universe_v2_qualified_research,159667,工业母机ETF国泰,downside_drawdown_risk,max_drawdown,120,-0.6807645384,2026-01-07,2026-07-08,PIT_SAFE,HIGH,False,,data/etf_daily,True,False,"{""observations"": 120}"
2026-07-08,universe_v2_qualified_research,159667,工业母机ETF国泰,downside_drawdown_risk,downside_volatility,120,1.5556715303,2026-01-07,2026-07-08,PIT_SAFE,HIGH,False,,data/etf_daily,True,False,"{""downside_observations"": 45, ""observations"": 120}"
2026-07-08,universe_v2_qualified_research,159667,工业母机ETF国泰,trading_liquidity,avg_amount,20,361047973.1323501,2026-06-10,2026-07-08,PIT_SAFE,HIGH,False,,data/etf_daily,True,False,"{""observations"": 20}"
2026-07-08,universe_v2_qualified_research,159667,工业母机ETF国泰,trading_liquidity,avg_volume,20,414186078.45,2026-06-10,2026-07-08,PIT_SAFE,HIGH,False,,data/etf_daily,True,False,"{""observations"": 20}"
2026-07-08,universe_v2_qualified_research,159667,工业母机ETF国泰,trading_liquidity,avg_amount,60,298652745.30908334,2026-04-10,2026-07-08,PIT_SAFE,HIGH,False,,data/etf_daily,True,False,"{""observations"": 60}"
2026-07-08,universe_v2_qualified_research,159667,工业母机ETF国泰,trading_liquidity,avg_volume,60,218774098.28333333,2026-04-10,2026-07-08,PIT_SAFE,HIGH,False,,data/etf_daily,True,False,"{""observations"": 60}"
2026-07-08,universe_v2_qualified_research,159667,工业母机ETF国泰,return_momentum,past_return,20,-0.6751435603,2026-06-09,2026-07-08,PIT_SAFE,HIGH,False,,data/etf_daily,True,False,"{""observations"": 20}"
2026-07-08,universe_v2_qualified_research,159667,工业母机ETF国泰,return_momentum,past_return,60,-0.5648351648,2026-04-09,2026-07-08,PIT_SAFE,HIGH,False,,data/etf_daily,True,False,"{""observations"": 60}"
2026-07-08,universe_v2_qualified_research,159667,工业母机ETF国泰,return_momentum,past_return,120,-0.5179549604,2026-01-06,2026-07-08,PIT_SAFE,HIGH,False,,data/etf_daily,True,False,"{""observations"": 120}"
2026-07-08,universe_v2_qualified_research,159732,消费电子ETF华夏,market_beta,beta,60,2.0051755313,2026-04-10,2026-07-08,PIT_SAFE_WITH_PROXY,MEDIUM,False,,data/etf_daily,True,False,"{""benchmark_symbol"": ""510300"", ""correlation"": 0.7832228395981843, ""observations"": 60}"
2026-07-08,universe_v2_qualified_research,159732,消费电子ETF华夏,market_beta,beta,120,1.7375008696,2026-01-07,2026-07-08,PIT_SAFE_WITH_PROXY,HIGH,False,,data/etf_daily,True,False,"{""benchmark_symbol"": ""510300"", ""correlation"": 0.757297771375154, ""observations"": 120}"
2026-07-08,universe_v2_qualified_research,159732,消费电子ETF华夏,realized_volatility,annualized_volatility,20,0.6100128059,2026-06-10,2026-07-08,PIT_SAFE,HIGH,False,,data/etf_daily,True,False,"{""observations"": 20}"
2026-07-08,universe_v2_qualified_research,159732,消费电子ETF华夏,realized_volatility,annualized_volatility,60,0.4885815393,2026-04-10,2026-07-08,PIT_SAFE,HIGH,False,,data/etf_daily,True,False,"{""observations"": 60}"
2026-07-08,universe_v2_qualified_research,159732,消费电子ETF华夏,downside_drawdown_risk,max_drawdown,60,-0.1411458333,2026-04-10,2026-07-08,PIT_SAFE,HIGH,False,,data/etf_daily,True,False,"{""observations"": 60}"
2026-07-08,universe_v2_qualified_research,159732,消费电子ETF华夏,downside_drawdown_risk,downside_volatility,60,0.2753658545,2026-04-10,2026-07-08,PIT_SAFE,HIGH,False,,data/etf_daily,True,False,"{""downside_observations"": 24, ""observations"": 60}"
2026-07-08,universe_v2_qualified_research,159732,消费电子ETF华夏,downside_drawdown_risk,max_drawdown,120,-0.1411458333,2026-01-07,2026-07-08,PIT_SAFE,HIGH,False,,data/etf_daily,True,False,"{""observations"": 120}"
2026-07-08,universe_v2_qualified_research,159732,消费电子ETF华夏,downside_drawdown_risk,downside_volatility,120,0.2395305875,2026-01-07,2026-07-08,PIT_SAFE,HIGH,False,,data/etf_daily,True,False,"{""downside_observations"": 56, ""observations"": 120}"
2026-07-08,universe_v2_qualified_research,159732,消费电子ETF华夏,trading_liquidity,avg_amount,20,776804003.9408,2026-06-10,2026-07-08,PIT_SAFE,HIGH,False,,data/etf_daily,True,False,"{""observations"": 20}"
2026-07-08,universe_v2_qualified_research,159732,消费电子ETF华夏,trading_liquidity,avg_volume,20,448308009.3,2026-06-10,2026-07-08,PIT_SAFE,HIGH,False,,data/etf_daily,True,False,"{""observations"": 20}"
2026-07-08,universe_v2_qualified_research,159732,消费电子ETF华夏,trading_liquidity,avg_amount,60,491579905.7058667,2026-04-10,2026-07-08,PIT_SAFE,HIGH,False,,data/etf_daily,True,False,"{""observations"": 60}"
2026-07-08,universe_v2_qualified_research,159732,消费电子ETF华夏,trading_liquidity,avg_volume,60,306860533.71666664,2026-04-10,2026-07-08,PIT_SAFE,HIGH,False,,data/etf_daily,True,False,"{""observations"": 60}"
2026-07-08,universe_v2_qualified_research,159732,消费电子ETF华夏,return_momentum,past_return,20,0.048315321,2026-06-09,2026-07-08,PIT_SAFE,HIGH,False,,data/etf_daily,True,False,"{""observations"": 20}"
2026-07-08,universe_v2_qualified_research,159732,消费电子ETF华夏,return_momentum,past_return,60,0.4464912281,2026-04-09,2026-07-08,PIT_SAFE,HIGH,False,,data/etf_daily,True,False,"{""observations"": 60}"
2026-07-08,universe_v2_qualified_research,159732,消费电子ETF华夏,return_momentum,past_return,120,0.4045996593,2026-01-06,2026-07-08,PIT_SAFE,HIGH,False,,data/etf_daily,True,False,"{""observations"": 120}"
2026-07-08,universe_v2_qualified_research,510050,上证50ETF,market_beta,beta,60,0.7589429379,2026-04-10,2026-07-08,PIT_SAFE_WITH_PROXY,MEDIUM,False,,data/etf_daily,True,False,"{""benchmark_symbol"": ""510300"", ""correlation"": 0.8448244500279419, ""observations"": 60}"
2026-07-08,universe_v2_qualified_research,510050,上证50ETF,market_beta,beta,120,0.7766854735,2026-01-07,2026-07-08,PIT_SAFE_WITH_PROXY,HIGH,False,,data/etf_daily,True,False,"{""benchmark_symbol"": ""510300"", ""correlation"": 0.8678425014487692, ""observations"": 120}"
2026-07-08,universe_v2_qualified_research,510050,上证50ETF,realized_volatility,annualized_volatility,20,0.2397457205,2026-06-10,2026-07-08,PIT_SAFE,HIGH,False,,data/etf_daily,True,False,"{""observations"": 20}"
2026-07-08,universe_v2_qualified_research,510050,上证50ETF,realized_volatility,annualized_volatility,60,0.1714401944,2026-04-10,2026-07-08,PIT_SAFE,HIGH,False,,data/etf_daily,True,False,"{""observations"": 60}"
2026-07-08,universe_v2_qualified_research,510050,上证50ETF,downside_drawdown_risk,max_drawdown,60,-0.0710854947,2026-04-10,2026-07-08,PIT_SAFE,HIGH,False,,data/etf_daily,True,False,"{""observations"": 60}"
2026-07-08,universe_v2_qualified_research,510050,上证50ETF,downside_drawdown_risk,downside_volatility,60,0.1174805663,2026-04-10,2026-07-08,PIT_SAFE,HIGH,False,,data/etf_daily,True,False,"{""downside_observations"": 24, ""observations"": 60}"
2026-07-08,universe_v2_qualified_research,510050,上证50ETF,downside_drawdown_risk,max_drawdown,120,-0.1093167702,2026-01-07,2026-07-08,PIT_SAFE,HIGH,False,,data/etf_daily,True,False,"{""observations"": 120}"
2026-07-08,universe_v2_qualified_research,510050,上证50ETF,downside_drawdown_risk,downside_volatility,120,0.1090668274,2026-01-07,2026-07-08,PIT_SAFE,HIGH,False,,data/etf_daily,True,False,"{""downside_observations"": 59, ""observations"": 120}"
2026-07-08,universe_v2_qualified_research,510050,上证50ETF,trading_liquidity,avg_amount,20,2364893642.15,2026-06-10,2026-07-08,PIT_SAFE,HIGH,False,,data/etf_daily,True,False,"{""observations"": 20}"
2026-07-08,universe_v2_qualified_research,510050,上证50ETF,trading_liquidity,avg_volume,20,783283934.15,2026-06-10,2026-07-08,PIT_SAFE,HIGH,False,,data/etf_daily,True,False,"{""observations"": 20}"
2026-07-08,universe_v2_qualified_research,510050,上证50ETF,trading_liquidity,avg_amount,60,2827392296.85,2026-04-10,2026-07-08,PIT_SAFE,HIGH,False,,data/etf_daily,True,False,"{""observations"": 60}"
2026-07-08,universe_v2_qualified_research,510050,上证50ETF,trading_liquidity,avg_volume,60,934012638.2666667,2026-04-10,2026-07-08,PIT_SAFE,HIGH,False,,data/etf_daily,True,False,"{""observations"": 60}"
2026-07-08,universe_v2_qualified_research,510050,上证50ETF,return_momentum,past_return,20,0.0315392527,2026-06-09,2026-07-08,PIT_SAFE,HIGH,False,,data/etf_daily,True,False,"{""observations"": 20}"
2026-07-08,universe_v2_qualified_research,510050,上证50ETF,return_momentum,past_return,60,0.0172413793,2026-04-09,2026-07-08,PIT_SAFE,HIGH,False,,data/etf_daily,True,False,"{""observations"": 60}"
2026-07-08,universe_v2_qualified_research,510050,上证50ETF,return_momentum,past_return,120,-0.0698608964,2026-01-06,2026-07-08,PIT_SAFE,HIGH,False,,data/etf_daily,True,False,"{""observations"": 120}"
2026-07-08,universe_v2_qualified_research,515260,电子ETF,market_beta,beta,60,2.0622845397,2026-04-10,2026-07-08,PIT_SAFE_WITH_PROXY,MEDIUM,False,,data/etf_daily,True,False,"{""benchmark_symbol"": ""510300"", ""correlation"": 0.8101888104007688, ""observations"": 60}"
2026-07-08,universe_v2_qualified_research,515260,电子ETF,market_beta,beta,120,1.7535787625,2026-01-07,2026-07-08,PIT_SAFE_WITH_PROXY,HIGH,False,,data/etf_daily,True,False,"{""benchmark_symbol"": ""510300"", ""correlation"": 0.7618957884287896, ""observations"": 120}"
2026-07-08,universe_v2_qualified_research,515260,电子ETF,realized_volatility,annualized_volatility,20,0.573875618,2026-06-10,2026-07-08,PIT_SAFE,HIGH,False,,data/etf_daily,True,False,"{""observations"": 20}"
2026-07-08,universe_v2_qualified_research,515260,电子ETF,realized_volatility,annualized_volatility,60,0.4857718517,2026-04-10,2026-07-08,PIT_SAFE,HIGH,False,,data/etf_daily,True,False,"{""observations"": 60}"
2026-07-08,universe_v2_qualified_research,515260,电子ETF,downside_drawdown_risk,max_drawdown,60,-0.1247848537,2026-04-10,2026-07-08,PIT_SAFE,HIGH,False,,data/etf_daily,True,False,"{""observations"": 60}"
2026-07-08,universe_v2_qualified_research,515260,电子ETF,downside_drawdown_risk,downside_volatility,60,0.2941995509,2026-04-10,2026-07-08,PIT_SAFE,HIGH,False,,data/etf_daily,True,False,"{""downside_observations"": 25, ""observations"": 60}"
2026-07-08,universe_v2_qualified_research,515260,电子ETF,downside_drawdown_risk,max_drawdown,120,-0.155862069,2026-01-07,2026-07-08,PIT_SAFE,HIGH,False,,data/etf_daily,True,False,"{""observations"": 120}"
2026-07-08,universe_v2_qualified_research,515260,电子ETF,downside_drawdown_risk,downside_volatility,120,0.2514853304,2026-01-07,2026-07-08,PIT_SAFE,HIGH,False,,data/etf_daily,True,False,"{""downside_observations"": 52, ""observations"": 120}"
2026-07-08,universe_v2_qualified_research,515260,电子ETF,trading_liquidity,avg_amount,20,112331106.15,2026-06-10,2026-07-08,PIT_SAFE,HIGH,False,,data/etf_daily,True,False,"{""observations"": 20}"
2026-07-08,universe_v2_qualified_research,515260,电子ETF,trading_liquidity,avg_volume,20,103423158.95,2026-06-10,2026-07-08,PIT_SAFE,HIGH,False,,data/etf_daily,True,False,"{""observations"": 20}"
2026-07-08,universe_v2_qualified_research,515260,电子ETF,trading_liquidity,avg_amount,60,74800698.68333334,2026-04-10,2026-07-08,PIT_SAFE,HIGH,False,,data/etf_daily,True,False,"{""observations"": 60}"
2026-07-08,universe_v2_qualified_research,515260,电子ETF,trading_liquidity,avg_volume,60,77166915.88333334,2026-04-10,2026-07-08,PIT_SAFE,HIGH,False,,data/etf_daily,True,False,"{""observations"": 60}"
2026-07-08,universe_v2_qualified_research,515260,电子ETF,return_momentum,past_return,20,0.0935483871,2026-06-09,2026-07-08,PIT_SAFE,HIGH,False,,data/etf_daily,True,False,"{""observations"": 20}"
2026-07-08,universe_v2_qualified_research,515260,电子ETF,return_momentum,past_return,60,0.5362537764,2026-04-09,2026-07-08,PIT_SAFE,HIGH,False,,data/etf_daily,True,False,"{""observations"": 60}"
2026-07-08,universe_v2_qualified_research,515260,电子ETF,return_momentum,past_return,120,0.4675324675,2026-01-06,2026-07-08,PIT_SAFE,HIGH,False,,data/etf_daily,True,False,"{""observations"": 120}"
2026-07-08,universe_v2_qualified_research,515630,保险证券,market_beta,beta,60,0.7573196924,2026-04-10,2026-07-08,PIT_SAFE_WITH_PROXY,MEDIUM,False,,data/etf_daily,True,False,"{""benchmark_symbol"": ""510300"", ""correlation"": 0.5042453371411119, ""observations"": 60}"
2026-07-08,universe_v2_qualified_research,515630,保险证券,market_beta,beta,120,0.8579187395,2026-01-07,2026-07-08,PIT_SAFE_WITH_PROXY,HIGH,False,,data/etf_daily,True,False,"{""benchmark_symbol"": ""510300"", ""correlation"": 0.6121353245199227, ""observations"": 120}"
2026-07-08,universe_v2_qualified_research,515630,保险证券,realized_volatility,annualized_volatility,20,0.443913212,2026-06-10,2026-07-08,PIT_SAFE,HIGH,False,,data/etf_daily,True,False,"{""observations"": 20}"
2026-07-08,universe_v2_qualified_research,515630,保险证券,realized_volatility,annualized_volatility,60,0.2866205727,2026-04-10,2026-07-08,PIT_SAFE,HIGH,False,,data/etf_daily,True,False,"{""observations"": 60}"
2026-07-08,universe_v2_qualified_research,515630,保险证券,downside_drawdown_risk,max_drawdown,60,-0.0976172175,2026-04-10,2026-07-08,PIT_SAFE,HIGH,False,,data/etf_daily,True,False,"{""observations"": 60}"
2026-07-08,universe_v2_qualified_research,515630,保险证券,downside_drawdown_risk,downside_volatility,60,0.1482873645,2026-04-10,2026-07-08,PIT_SAFE,HIGH,False,,data/etf_daily,True,False,"{""downside_observations"": 32, ""observations"": 60}"
2026-07-08,universe_v2_qualified_research,515630,保险证券,downside_drawdown_risk,max_drawdown,120,-0.2351791531,2026-01-07,2026-07-08,PIT_SAFE,HIGH,False,,data/etf_daily,True,False,"{""observations"": 120}"
2026-07-08,universe_v2_qualified_research,515630,保险证券,downside_drawdown_risk,downside_volatility,120,0.141421488,2026-01-07,2026-07-08,PIT_SAFE,HIGH,False,,data/etf_daily,True,False,"{""downside_observations"": 71, ""observations"": 120}"
2026-07-08,universe_v2_qualified_research,515630,保险证券,trading_liquidity,avg_amount,20,80223746.0,2026-06-10,2026-07-08,PIT_SAFE,HIGH,False,,data/etf_daily,True,False,"{""observations"": 20}"
2026-07-08,universe_v2_qualified_research,515630,保险证券,trading_liquidity,avg_volume,20,61310235.7,2026-06-10,2026-07-08,PIT_SAFE,HIGH,False,,data/etf_daily,True,False,"{""observations"": 20}"
2026-07-08,universe_v2_qualified_research,515630,保险证券,trading_liquidity,avg_amount,60,52260532.03333333,2026-04-10,2026-07-08,PIT_SAFE,HIGH,False,,data/etf_daily,True,False,"{""observations"": 60}"
2026-07-08,universe_v2_qualified_research,515630,保险证券,trading_liquidity,avg_volume,60,41004904.11666667,2026-04-10,2026-07-08,PIT_SAFE,HIGH,False,,data/etf_daily,True,False,"{""observations"": 60}"
2026-07-08,universe_v2_qualified_research,515630,保险证券,return_momentum,past_return,20,0.074639525,2026-06-09,2026-07-08,PIT_SAFE,HIGH,False,,data/etf_daily,True,False,"{""observations"": 20}"
2026-07-08,universe_v2_qualified_research,515630,保险证券,return_momentum,past_return,60,0.0225988701,2026-04-09,2026-07-08,PIT_SAFE,HIGH,False,,data/etf_daily,True,False,"{""observations"": 60}"
2026-07-08,universe_v2_qualified_research,515630,保险证券,return_momentum,past_return,120,-0.1852090032,2026-01-06,2026-07-08,PIT_SAFE,HIGH,False,,data/etf_daily,True,False,"{""observations"": 120}"
2026-07-08,universe_v2_qualified_research,561360,石油ETF,market_beta,beta,60,0.3613327317,2026-04-10,2026-07-08,PIT_SAFE_WITH_PROXY,MEDIUM,False,,data/etf_daily,True,False,"{""benchmark_symbol"": ""510300"", ""correlation"": 0.3209972025002401, ""observations"": 60}"
2026-07-08,universe_v2_qualified_research,561360,石油ETF,market_beta,beta,120,0.4010887621,2026-01-07,2026-07-08,PIT_SAFE_WITH_PROXY,HIGH,False,,data/etf_daily,True,False,"{""benchmark_symbol"": ""510300"", ""correlation"": 0.20493996951032245, ""observations"": 120}"
2026-07-08,universe_v2_qualified_research,561360,石油ETF,realized_volatility,annualized_volatility,20,0.3058943664,2026-06-10,2026-07-08,PIT_SAFE,HIGH,False,,data/etf_daily,True,False,"{""observations"": 20}"
2026-07-08,universe_v2_qualified_research,561360,石油ETF,realized_volatility,annualized_volatility,60,0.2148206654,2026-04-10,2026-07-08,PIT_SAFE,HIGH,False,,data/etf_daily,True,False,"{""observations"": 60}"
2026-07-08,universe_v2_qualified_research,561360,石油ETF,downside_drawdown_risk,max_drawdown,60,-0.1698817673,2026-04-10,2026-07-08,PIT_SAFE,HIGH,False,,data/etf_daily,True,False,"{""observations"": 60}"
2026-07-08,universe_v2_qualified_research,561360,石油ETF,downside_drawdown_risk,downside_volatility,60,0.1261141942,2026-04-10,2026-07-08,PIT_SAFE,HIGH,False,,data/etf_daily,True,False,"{""downside_observations"": 37, ""observations"": 60}"
2026-07-08,universe_v2_qualified_research,561360,石油ETF,downside_drawdown_risk,max_drawdown,120,-0.2919320594,2026-01-07,2026-07-08,PIT_SAFE,HIGH,False,,data/etf_daily,True,False,"{""observations"": 120}"
2026-07-08,universe_v2_qualified_research,561360,石油ETF,downside_drawdown_risk,downside_volatility,120,0.2112080647,2026-01-07,2026-07-08,PIT_SAFE,HIGH,False,,data/etf_daily,True,False,"{""downside_observations"": 64, ""observations"": 120}"
2026-07-08,universe_v2_qualified_research,561360,石油ETF,trading_liquidity,avg_amount,20,74795923.05,2026-06-10,2026-07-08,PIT_SAFE,HIGH,False,,data/etf_daily,True,False,"{""observations"": 20}"
2026-07-08,universe_v2_qualified_research,561360,石油ETF,trading_liquidity,avg_volume,20,53685179.15,2026-06-10,2026-07-08,PIT_SAFE,HIGH,False,,data/etf_daily,True,False,"{""observations"": 20}"
2026-07-08,universe_v2_qualified_research,561360,石油ETF,trading_liquidity,avg_amount,60,110861936.7,2026-04-10,2026-07-08,PIT_SAFE,HIGH,False,,data/etf_daily,True,False,"{""observations"": 60}"
2026-07-08,universe_v2_qualified_research,561360,石油ETF,trading_liquidity,avg_volume,60,73848057.03333333,2026-04-10,2026-07-08,PIT_SAFE,HIGH,False,,data/etf_daily,True,False,"{""observations"": 60}"
2026-07-08,universe_v2_qualified_research,561360,石油ETF,return_momentum,past_return,20,-0.0409777139,2026-06-09,2026-07-08,PIT_SAFE,HIGH,False,,data/etf_daily,True,False,"{""observations"": 20}"
2026-07-08,universe_v2_qualified_research,561360,石油ETF,return_momentum,past_return,60,-0.1657285804,2026-04-09,2026-07-08,PIT_SAFE,HIGH,False,,data/etf_daily,True,False,"{""observations"": 60}"
2026-07-08,universe_v2_qualified_research,561360,石油ETF,return_momentum,past_return,120,0.0604133545,2026-01-06,2026-07-08,PIT_SAFE,HIGH,False,,data/etf_daily,True,False,"{""observations"": 120}"
2026-07-08,universe_v2_qualified_research,561560,电力ETF,market_beta,beta,60,0.5080149849,2026-04-10,2026-07-08,PIT_SAFE_WITH_PROXY,MEDIUM,False,,data/etf_daily,True,False,"{""benchmark_symbol"": ""510300"", ""correlation"": 0.36877021942683563, ""observations"": 60}"
2026-07-08,universe_v2_qualified_research,561560,电力ETF,market_beta,beta,120,0.5368455924,2026-01-07,2026-07-08,PIT_SAFE_WITH_PROXY,HIGH,False,,data/etf_daily,True,False,"{""benchmark_symbol"": ""510300"", ""correlation"": 0.39189508039662935, ""observations"": 120}"
2026-07-08,universe_v2_qualified_research,561560,电力ETF,realized_volatility,annualized_volatility,20,0.2063534945,2026-06-10,2026-07-08,PIT_SAFE,HIGH,False,,data/etf_daily,True,False,"{""observations"": 20}"
2026-07-08,universe_v2_qualified_research,561560,电力ETF,realized_volatility,annualized_volatility,60,0.2629000578,2026-04-10,2026-07-08,PIT_SAFE,HIGH,False,,data/etf_daily,True,False,"{""observations"": 60}"
2026-07-08,universe_v2_qualified_research,561560,电力ETF,downside_drawdown_risk,max_drawdown,60,-0.1965923984,2026-04-10,2026-07-08,PIT_SAFE,HIGH,False,,data/etf_daily,True,False,"{""observations"": 60}"
2026-07-08,universe_v2_qualified_research,561560,电力ETF,downside_drawdown_risk,downside_volatility,60,0.1865486755,2026-04-10,2026-07-08,PIT_SAFE,HIGH,False,,data/etf_daily,True,False,"{""downside_observations"": 25, ""observations"": 60}"
2026-07-08,universe_v2_qualified_research,561560,电力ETF,downside_drawdown_risk,max_drawdown,120,-0.1965923984,2026-01-07,2026-07-08,PIT_SAFE,HIGH,False,,data/etf_daily,True,False,"{""observations"": 120}"
2026-07-08,universe_v2_qualified_research,561560,电力ETF,downside_drawdown_risk,downside_volatility,120,0.1713658831,2026-01-07,2026-07-08,PIT_SAFE,HIGH,False,,data/etf_daily,True,False,"{""downside_observations"": 49, ""observations"": 120}"
2026-07-08,universe_v2_qualified_research,561560,电力ETF,trading_liquidity,avg_amount,20,118606182.55,2026-06-10,2026-07-08,PIT_SAFE,HIGH,False,,data/etf_daily,True,False,"{""observations"": 20}"
2026-07-08,universe_v2_qualified_research,561560,电力ETF,trading_liquidity,avg_volume,20,90446111.05,2026-06-10,2026-07-08,PIT_SAFE,HIGH,False,,data/etf_daily,True,False,"{""observations"": 20}"
2026-07-08,universe_v2_qualified_research,561560,电力ETF,trading_liquidity,avg_amount,60,135008117.2,2026-04-10,2026-07-08,PIT_SAFE,HIGH,False,,data/etf_daily,True,False,"{""observations"": 60}"
2026-07-08,universe_v2_qualified_research,561560,电力ETF,trading_liquidity,avg_volume,60,97610038.98333333,2026-04-10,2026-07-08,PIT_SAFE,HIGH,False,,data/etf_daily,True,False,"{""observations"": 60}"
2026-07-08,universe_v2_qualified_research,561560,电力ETF,return_momentum,past_return,20,-0.1267806268,2026-06-09,2026-07-08,PIT_SAFE,HIGH,False,,data/etf_daily,True,False,"{""observations"": 20}"
2026-07-08,universe_v2_qualified_research,561560,电力ETF,return_momentum,past_return,60,-0.0612557427,2026-04-09,2026-07-08,PIT_SAFE,HIGH,False,,data/etf_daily,True,False,"{""observations"": 60}"
2026-07-08,universe_v2_qualified_research,561560,电力ETF,return_momentum,past_return,120,-0.0056772101,2026-01-06,2026-07-08,PIT_SAFE,HIGH,False,,data/etf_daily,True,False,"{""observations"": 120}"
2026-07-08,universe_v2_qualified_research,562550,绿电ETF,market_beta,beta,60,0.5063906065,2026-04-10,2026-07-08,PIT_SAFE_WITH_PROXY,MEDIUM,False,,data/etf_daily,True,False,"{""benchmark_symbol"": ""510300"", ""correlation"": 0.3614458418719423, ""observations"": 60}"
2026-07-08,universe_v2_qualified_research,562550,绿电ETF,market_beta,beta,120,0.4861205234,2026-01-07,2026-07-08,PIT_SAFE_WITH_PROXY,HIGH,False,,data/etf_daily,True,False,"{""benchmark_symbol"": ""510300"", ""correlation"": 0.34983127302907446, ""observations"": 120}"
2026-07-08,universe_v2_qualified_research,562550,绿电ETF,realized_volatility,annualized_volatility,20,0.1950989192,2026-06-10,2026-07-08,PIT_SAFE,HIGH,False,,data/etf_daily,True,False,"{""observations"": 20}"
2026-07-08,universe_v2_qualified_research,562550,绿电ETF,realized_volatility,annualized_volatility,60,0.2673698353,2026-04-10,2026-07-08,PIT_SAFE,HIGH,False,,data/etf_daily,True,False,"{""observations"": 60}"
2026-07-08,universe_v2_qualified_research,562550,绿电ETF,downside_drawdown_risk,max_drawdown,60,-0.1973684211,2026-04-10,2026-07-08,PIT_SAFE,HIGH,False,,data/etf_daily,True,False,"{""observations"": 60}"
2026-07-08,universe_v2_qualified_research,562550,绿电ETF,downside_drawdown_risk,downside_volatility,60,0.1945231914,2026-04-10,2026-07-08,PIT_SAFE,HIGH,False,,data/etf_daily,True,False,"{""downside_observations"": 27, ""observations"": 60}"
2026-07-08,universe_v2_qualified_research,562550,绿电ETF,downside_drawdown_risk,max_drawdown,120,-0.1973684211,2026-01-07,2026-07-08,PIT_SAFE,HIGH,False,,data/etf_daily,True,False,"{""observations"": 120}"
2026-07-08,universe_v2_qualified_research,562550,绿电ETF,downside_drawdown_risk,downside_volatility,120,0.1767190607,2026-01-07,2026-07-08,PIT_SAFE,HIGH,False,,data/etf_daily,True,False,"{""downside_observations"": 55, ""observations"": 120}"
2026-07-08,universe_v2_qualified_research,562550,绿电ETF,trading_liquidity,avg_amount,20,161431392.8,2026-06-10,2026-07-08,PIT_SAFE,HIGH,False,,data/etf_daily,True,False,"{""observations"": 20}"
2026-07-08,universe_v2_qualified_research,562550,绿电ETF,trading_liquidity,avg_volume,20,137307750.0,2026-06-10,2026-07-08,PIT_SAFE,HIGH,False,,data/etf_daily,True,False,"{""observations"": 20}"
2026-07-08,universe_v2_qualified_research,562550,绿电ETF,trading_liquidity,avg_amount,60,199828138.36666667,2026-04-10,2026-07-08,PIT_SAFE,HIGH,False,,data/etf_daily,True,False,"{""observations"": 60}"
2026-07-08,universe_v2_qualified_research,562550,绿电ETF,trading_liquidity,avg_volume,60,161049555.03333333,2026-04-10,2026-07-08,PIT_SAFE,HIGH,False,,data/etf_daily,True,False,"{""observations"": 60}"
2026-07-08,universe_v2_qualified_research,562550,绿电ETF,return_momentum,past_return,20,-0.1306413302,2026-06-09,2026-07-08,PIT_SAFE,HIGH,False,,data/etf_daily,True,False,"{""observations"": 20}"
2026-07-08,universe_v2_qualified_research,562550,绿电ETF,return_momentum,past_return,60,-0.0558899398,2026-04-09,2026-07-08,PIT_SAFE,HIGH,False,,data/etf_daily,True,False,"{""observations"": 60}"
2026-07-08,universe_v2_qualified_research,562550,绿电ETF,return_momentum,past_return,120,-0.0054347826,2026-01-06,2026-07-08,PIT_SAFE,HIGH,False,,data/etf_daily,True,False,"{""observations"": 120}"
2026-07-08,universe_v2_qualified_research,588200,科创芯片ETF,market_beta,beta,60,1.9692732943,2026-04-10,2026-07-08,PIT_SAFE_WITH_PROXY,MEDIUM,False,,data/etf_daily,True,False,"{""benchmark_symbol"": ""510300"", ""correlation"": 0.6877645968596688, ""observations"": 60}"
2026-07-08,universe_v2_qualified_research,588200,科创芯片ETF,market_beta,beta,120,1.7550982778,2026-01-07,2026-07-08,PIT_SAFE_WITH_PROXY,HIGH,False,,data/etf_daily,True,False,"{""benchmark_symbol"": ""510300"", ""correlation"": 0.6639374640432159, ""observations"": 120}"
2026-07-08,universe_v2_qualified_research,588200,科创芯片ETF,realized_volatility,annualized_volatility,20,0.552861733,2026-06-10,2026-07-08,PIT_SAFE,HIGH,False,,data/etf_daily,True,False,"{""observations"": 20}"
2026-07-08,universe_v2_qualified_research,588200,科创芯片ETF,realized_volatility,annualized_volatility,60,0.5464320642,2026-04-10,2026-07-08,PIT_SAFE,HIGH,False,,data/etf_daily,True,False,"{""observations"": 60}"
2026-07-08,universe_v2_qualified_research,588200,科创芯片ETF,downside_drawdown_risk,max_drawdown,60,-0.1549692623,2026-04-10,2026-07-08,PIT_SAFE,HIGH,False,,data/etf_daily,True,False,"{""observations"": 60}"
2026-07-08,universe_v2_qualified_research,588200,科创芯片ETF,downside_drawdown_risk,downside_volatility,60,0.3402687325,2026-04-10,2026-07-08,PIT_SAFE,HIGH,False,,data/etf_daily,True,False,"{""downside_observations"": 21, ""observations"": 60}"
2026-07-08,universe_v2_qualified_research,588200,科创芯片ETF,downside_drawdown_risk,max_drawdown,120,-0.1929577465,2026-01-07,2026-07-08,PIT_SAFE,HIGH,False,,data/etf_daily,True,False,"{""observations"": 120}"
2026-07-08,universe_v2_qualified_research,588200,科创芯片ETF,downside_drawdown_risk,downside_volatility,120,0.2915132818,2026-01-07,2026-07-08,PIT_SAFE,HIGH,False,,data/etf_daily,True,False,"{""downside_observations"": 50, ""observations"": 120}"
2026-07-08,universe_v2_qualified_research,588200,科创芯片ETF,trading_liquidity,avg_amount,20,6193061922.7,2026-06-10,2026-07-08,PIT_SAFE,HIGH,False,,data/etf_daily,True,False,"{""observations"": 20}"
2026-07-08,universe_v2_qualified_research,588200,科创芯片ETF,trading_liquidity,avg_volume,20,1471645941.9,2026-06-10,2026-07-08,PIT_SAFE,HIGH,False,,data/etf_daily,True,False,"{""observations"": 20}"
2026-07-08,universe_v2_qualified_research,588200,科创芯片ETF,trading_liquidity,avg_amount,60,5276323342.933333,2026-04-10,2026-07-08,PIT_SAFE,HIGH,False,,data/etf_daily,True,False,"{""observations"": 60}"
2026-07-08,universe_v2_qualified_research,588200,科创芯片ETF,trading_liquidity,avg_volume,60,1458602491.6333334,2026-04-10,2026-07-08,PIT_SAFE,HIGH,False,,data/etf_daily,True,False,"{""observations"": 60}"
2026-07-08,universe_v2_qualified_research,588200,科创芯片ETF,return_momentum,past_return,20,0.2873959231,2026-06-09,2026-07-08,PIT_SAFE,HIGH,False,,data/etf_daily,True,False,"{""observations"": 20}"
2026-07-08,universe_v2_qualified_research,588200,科创芯片ETF,return_momentum,past_return,60,0.7800714569,2026-04-09,2026-07-08,PIT_SAFE,HIGH,False,,data/etf_daily,True,False,"{""observations"": 60}"
2026-07-08,universe_v2_qualified_research,588200,科创芯片ETF,return_momentum,past_return,120,0.7943177271,2026-01-06,2026-07-08,PIT_SAFE,HIGH,False,,data/etf_daily,True,False,"{""observations"": 120}"
2026-07-08,universe_v2_qualified_research,588220,科创100ETF基金,market_beta,beta,60,1.3409962644,2026-04-10,2026-07-08,PIT_SAFE_WITH_PROXY,MEDIUM,False,,data/etf_daily,True,False,"{""benchmark_symbol"": ""510300"", ""correlation"": 0.6991057081014356, ""observations"": 60}"
2026-07-08,universe_v2_qualified_research,588220,科创100ETF基金,market_beta,beta,120,1.3786849714,2026-01-07,2026-07-08,PIT_SAFE_WITH_PROXY,HIGH,False,,data/etf_daily,True,False,"{""benchmark_symbol"": ""510300"", ""correlation"": 0.6891852918376061, ""observations"": 120}"
2026-07-08,universe_v2_qualified_research,588220,科创100ETF基金,realized_volatility,annualized_volatility,20,0.4100519527,2026-06-10,2026-07-08,PIT_SAFE,HIGH,False,,data/etf_daily,True,False,"{""observations"": 20}"
2026-07-08,universe_v2_qualified_research,588220,科创100ETF基金,realized_volatility,annualized_volatility,60,0.366062061,2026-04-10,2026-07-08,PIT_SAFE,HIGH,False,,data/etf_daily,True,False,"{""observations"": 60}"
2026-07-08,universe_v2_qualified_research,588220,科创100ETF基金,downside_drawdown_risk,max_drawdown,60,-0.0835550825,2026-04-10,2026-07-08,PIT_SAFE,HIGH,False,,data/etf_daily,True,False,"{""observations"": 60}"
2026-07-08,universe_v2_qualified_research,588220,科创100ETF基金,downside_drawdown_risk,downside_volatility,60,0.231928753,2026-04-10,2026-07-08,PIT_SAFE,HIGH,False,,data/etf_daily,True,False,"{""downside_observations"": 23, ""observations"": 60}"
2026-07-08,universe_v2_qualified_research,588220,科创100ETF基金,downside_drawdown_risk,max_drawdown,120,-0.1484230056,2026-01-07,2026-07-08,PIT_SAFE,HIGH,False,,data/etf_daily,True,False,"{""observations"": 120}"
2026-07-08,universe_v2_qualified_research,588220,科创100ETF基金,downside_drawdown_risk,downside_volatility,120,0.2173091168,2026-01-07,2026-07-08,PIT_SAFE,HIGH,False,,data/etf_daily,True,False,"{""downside_observations"": 55, ""observations"": 120}"
2026-07-08,universe_v2_qualified_research,588220,科创100ETF基金,trading_liquidity,avg_amount,20,613098393.5,2026-06-10,2026-07-08,PIT_SAFE,HIGH,False,,data/etf_daily,True,False,"{""observations"": 20}"
2026-07-08,universe_v2_qualified_research,588220,科创100ETF基金,trading_liquidity,avg_volume,20,304213589.45,2026-06-10,2026-07-08,PIT_SAFE,HIGH,False,,data/etf_daily,True,False,"{""observations"": 20}"
2026-07-08,universe_v2_qualified_research,588220,科创100ETF基金,trading_liquidity,avg_amount,60,666112663.55,2026-04-10,2026-07-08,PIT_SAFE,HIGH,False,,data/etf_daily,True,False,"{""observations"": 60}"
2026-07-08,universe_v2_qualified_research,588220,科创100ETF基金,trading_liquidity,avg_volume,60,368479765.73333335,2026-04-10,2026-07-08,PIT_SAFE,HIGH,False,,data/etf_daily,True,False,"{""observations"": 60}"
2026-07-08,universe_v2_qualified_research,588220,科创100ETF基金,return_momentum,past_return,20,0.1329639889,2026-06-09,2026-07-08,PIT_SAFE,HIGH,False,,data/etf_daily,True,False,"{""observations"": 20}"
2026-07-08,universe_v2_qualified_research,588220,科创100ETF基金,return_momentum,past_return,60,0.3817567568,2026-04-09,2026-07-08,PIT_SAFE,HIGH,False,,data/etf_daily,True,False,"{""observations"": 60}"
2026-07-08,universe_v2_qualified_research,588220,科创100ETF基金,return_momentum,past_return,120,0.4152249135,2026-01-06,2026-07-08,PIT_SAFE,HIGH,False,,data/etf_daily,True,False,"{""observations"": 120}"
