calculation_date,universe_version,benchmark_basket_version,etf_code,etf_name,benchmark_code,benchmark_name,benchmark_family,lookback_window,beta,correlation,r_squared,sample_size,window_start_date,window_end_date,confidence,PIT_status,missing_flag,missing_reason,source_data,research_only,execution_allowed
2026-07-08,universe_v2_qualified_research,market_benchmark_basket_v1,159516,半导体设备ETF国泰,510300,沪深300ETF,core_market,60,1.4937504104,0.4909090466,0.240991692,60,2026-04-10,2026-07-08,MEDIUM,PIT_SAFE_WITH_PROXY,False,,data/etf_daily,True,False
2026-07-08,universe_v2_qualified_research,market_benchmark_basket_v1,159516,半导体设备ETF国泰,510300,沪深300ETF,core_market,120,1.7523962961,0.1922474267,0.0369590731,120,2026-01-07,2026-07-08,LOW,PIT_SAFE_WITH_PROXY,False,,data/etf_daily,True,False
2026-07-08,universe_v2_qualified_research,market_benchmark_basket_v1,159516,半导体设备ETF国泰,510500,中证500ETF,mid_cap,60,1.3943680096,0.6072206646,0.3687169356,60,2026-04-10,2026-07-08,MEDIUM,PIT_SAFE_WITH_PROXY,False,,data/etf_daily,True,False
2026-07-08,universe_v2_qualified_research,market_benchmark_basket_v1,159516,半导体设备ETF国泰,510500,中证500ETF,mid_cap,120,1.1770090616,0.1926949726,0.0371313525,120,2026-01-07,2026-07-08,LOW,PIT_SAFE_WITH_PROXY,False,,data/etf_daily,True,False
2026-07-08,universe_v2_qualified_research,market_benchmark_basket_v1,159516,半导体设备ETF国泰,512100,中证1000ETF代理,small_cap,60,1.2934294825,0.5446170536,0.296607735,60,2026-04-10,2026-07-08,MEDIUM,PIT_SAFE_WITH_PROXY,False,,data/etf_daily,True,False
2026-07-08,universe_v2_qualified_research,market_benchmark_basket_v1,159516,半导体设备ETF国泰,512100,中证1000ETF代理,small_cap,120,0.835472219,0.1332166631,0.0177466793,120,2026-01-07,2026-07-08,LOW,PIT_SAFE_WITH_PROXY,False,,data/etf_daily,True,False
2026-07-08,universe_v2_qualified_research,market_benchmark_basket_v1,159516,半导体设备ETF国泰,159915,创业板ETF,growth,60,0.8621193281,0.5366084414,0.2879486194,60,2026-04-10,2026-07-08,MEDIUM,PIT_SAFE_WITH_PROXY,False,,data/etf_daily,True,False
2026-07-08,universe_v2_qualified_research,market_benchmark_basket_v1,159516,半导体设备ETF国泰,159915,创业板ETF,growth,120,0.9519050105,0.1812833657,0.0328636587,120,2026-01-07,2026-07-08,LOW,PIT_SAFE_WITH_PROXY,False,,data/etf_daily,True,False
2026-07-08,universe_v2_qualified_research,market_benchmark_basket_v1,159516,半导体设备ETF国泰,588000,科创50ETF,technology,60,1.0275417147,0.8348887839,0.6970392815,60,2026-04-10,2026-07-08,MEDIUM,PIT_SAFE_WITH_PROXY,False,,data/etf_daily,True,False
2026-07-08,universe_v2_qualified_research,market_benchmark_basket_v1,159516,半导体设备ETF国泰,588000,科创50ETF,technology,120,0.9001269106,0.2221049376,0.0493306033,120,2026-01-07,2026-07-08,LOW,PIT_SAFE_WITH_PROXY,False,,data/etf_daily,True,False
2026-07-08,universe_v2_qualified_research,market_benchmark_basket_v1,159516,半导体设备ETF国泰,510880,红利ETF,defensive,60,-1.1157165587,-0.3205136277,0.1027289856,60,2026-04-10,2026-07-08,MEDIUM,PIT_SAFE_WITH_PROXY,False,,data/etf_daily,True,False
2026-07-08,universe_v2_qualified_research,market_benchmark_basket_v1,159516,半导体设备ETF国泰,510880,红利ETF,defensive,120,0.491721391,0.0550778776,0.0030335726,120,2026-01-07,2026-07-08,LOW,PIT_SAFE_WITH_PROXY,False,,data/etf_daily,True,False
2026-07-08,universe_v2_qualified_research,market_benchmark_basket_v1,159531,中证2000ETF南方,510300,沪深300ETF,core_market,60,0.8330517865,0.6258100819,0.3916382587,60,2026-04-10,2026-07-08,MEDIUM,PIT_SAFE_WITH_PROXY,False,,data/etf_daily,True,False
2026-07-08,universe_v2_qualified_research,market_benchmark_basket_v1,159531,中证2000ETF南方,510300,沪深300ETF,core_market,120,0.9796238942,0.6525189399,0.4257809669,120,2026-01-07,2026-07-08,MEDIUM,PIT_SAFE_WITH_PROXY,False,,data/etf_daily,True,False
2026-07-08,universe_v2_qualified_research,market_benchmark_basket_v1,159531,中证2000ETF南方,510500,中证500ETF,mid_cap,60,0.846157024,0.8423016548,0.7094720776,60,2026-04-10,2026-07-08,MEDIUM,PIT_SAFE_WITH_PROXY,False,,data/etf_daily,True,False
2026-07-08,universe_v2_qualified_research,market_benchmark_basket_v1,159531,中证2000ETF南方,510500,中证500ETF,mid_cap,120,0.8799143695,0.874654493,0.7650204821,120,2026-01-07,2026-07-08,MEDIUM,PIT_SAFE_WITH_PROXY,False,,data/etf_daily,True,False
2026-07-08,universe_v2_qualified_research,market_benchmark_basket_v1,159531,中证2000ETF南方,512100,中证1000ETF代理,small_cap,60,0.9607323848,0.9246949122,0.8550606807,60,2026-04-10,2026-07-08,MEDIUM,PIT_SAFE_WITH_PROXY,False,,data/etf_daily,True,False
2026-07-08,universe_v2_qualified_research,market_benchmark_basket_v1,159531,中证2000ETF南方,512100,中证1000ETF代理,small_cap,120,0.9624576308,0.9317806799,0.8682152355,120,2026-01-07,2026-07-08,MEDIUM,PIT_SAFE_WITH_PROXY,False,,data/etf_daily,True,False
2026-07-08,universe_v2_qualified_research,market_benchmark_basket_v1,159531,中证2000ETF南方,159915,创业板ETF,growth,60,0.4887197167,0.6953405174,0.4834984352,60,2026-04-10,2026-07-08,MEDIUM,PIT_SAFE_WITH_PROXY,False,,data/etf_daily,True,False
2026-07-08,universe_v2_qualified_research,market_benchmark_basket_v1,159531,中证2000ETF南方,159915,创业板ETF,growth,120,0.6188762953,0.715605607,0.5120913847,120,2026-01-07,2026-07-08,MEDIUM,PIT_SAFE_WITH_PROXY,False,,data/etf_daily,True,False
2026-07-08,universe_v2_qualified_research,market_benchmark_basket_v1,159531,中证2000ETF南方,588000,科创50ETF,technology,60,0.297335489,0.5522344182,0.3049628526,60,2026-04-10,2026-07-08,MEDIUM,PIT_SAFE_WITH_PROXY,False,,data/etf_daily,True,False
2026-07-08,universe_v2_qualified_research,market_benchmark_basket_v1,159531,中证2000ETF南方,588000,科创50ETF,technology,120,0.4449845745,0.6666608744,0.4444367214,120,2026-01-07,2026-07-08,MEDIUM,PIT_SAFE_WITH_PROXY,False,,data/etf_daily,True,False
2026-07-08,universe_v2_qualified_research,market_benchmark_basket_v1,159531,中证2000ETF南方,510880,红利ETF,defensive,60,-0.1613244586,-0.1059352254,0.011222272,60,2026-04-10,2026-07-08,LOW,PIT_SAFE_WITH_PROXY,False,,data/etf_daily,True,False
2026-07-08,universe_v2_qualified_research,market_benchmark_basket_v1,159531,中证2000ETF南方,510880,红利ETF,defensive,120,-0.0701242499,-0.0476904992,0.0022743837,120,2026-01-07,2026-07-08,LOW,PIT_SAFE_WITH_PROXY,False,,data/etf_daily,True,False
2026-07-08,universe_v2_qualified_research,market_benchmark_basket_v1,159547,红利低波ETF华夏,510300,沪深300ETF,core_market,60,-0.0996512273,-0.1404028143,0.0197129503,60,2026-04-10,2026-07-08,LOW,PIT_SAFE_WITH_PROXY,False,,data/etf_daily,True,False
2026-07-08,universe_v2_qualified_research,market_benchmark_basket_v1,159547,红利低波ETF华夏,510300,沪深300ETF,core_market,120,0.1196182044,0.1585542554,0.0251394519,120,2026-01-07,2026-07-08,LOW,PIT_SAFE_WITH_PROXY,False,,data/etf_daily,True,False
2026-07-08,universe_v2_qualified_research,market_benchmark_basket_v1,159547,红利低波ETF华夏,510500,中证500ETF,mid_cap,60,-0.1789409021,-0.3340788011,0.1116086453,60,2026-04-10,2026-07-08,MEDIUM,PIT_SAFE_WITH_PROXY,False,,data/etf_daily,True,False
2026-07-08,universe_v2_qualified_research,market_benchmark_basket_v1,159547,红利低波ETF华夏,510500,中证500ETF,mid_cap,120,-0.018253313,-0.0361064419,0.0013036751,120,2026-01-07,2026-07-08,LOW,PIT_SAFE_WITH_PROXY,False,,data/etf_daily,True,False
2026-07-08,universe_v2_qualified_research,market_benchmark_basket_v1,159547,红利低波ETF华夏,512100,中证1000ETF代理,small_cap,60,-0.2199217784,-0.396996687,0.1576063695,60,2026-04-10,2026-07-08,MEDIUM,PIT_SAFE_WITH_PROXY,False,,data/etf_daily,True,False
2026-07-08,universe_v2_qualified_research,market_benchmark_basket_v1,159547,红利低波ETF华夏,512100,中证1000ETF代理,small_cap,120,-0.019704349,-0.0379612972,0.0014410601,120,2026-01-07,2026-07-08,LOW,PIT_SAFE_WITH_PROXY,False,,data/etf_daily,True,False
2026-07-08,universe_v2_qualified_research,market_benchmark_basket_v1,159547,红利低波ETF华夏,159915,创业板ETF,growth,60,-0.1511411387,-0.4033136976,0.1626619387,60,2026-04-10,2026-07-08,MEDIUM,PIT_SAFE_WITH_PROXY,False,,data/etf_daily,True,False
2026-07-08,universe_v2_qualified_research,market_benchmark_basket_v1,159547,红利低波ETF华夏,159915,创业板ETF,growth,120,-0.0787011304,-0.1810913589,0.0327940803,120,2026-01-07,2026-07-08,LOW,PIT_SAFE_WITH_PROXY,False,,data/etf_daily,True,False
2026-07-08,universe_v2_qualified_research,market_benchmark_basket_v1,159547,红利低波ETF华夏,588000,科创50ETF,technology,60,-0.1215172902,-0.4232894114,0.1791739258,60,2026-04-10,2026-07-08,MEDIUM,PIT_SAFE_WITH_PROXY,False,,data/etf_daily,True,False
2026-07-08,universe_v2_qualified_research,market_benchmark_basket_v1,159547,红利低波ETF华夏,588000,科创50ETF,technology,120,-0.0809051806,-0.2412032826,0.0581790235,120,2026-01-07,2026-07-08,LOW,PIT_SAFE_WITH_PROXY,False,,data/etf_daily,True,False
2026-07-08,universe_v2_qualified_research,market_benchmark_basket_v1,159547,红利低波ETF华夏,510880,红利ETF,defensive,60,0.6025573694,0.7420978732,0.5507092535,60,2026-04-10,2026-07-08,MEDIUM,PIT_SAFE_WITH_PROXY,False,,data/etf_daily,True,False
2026-07-08,universe_v2_qualified_research,market_benchmark_basket_v1,159547,红利低波ETF华夏,510880,红利ETF,defensive,120,0.511896302,0.6927754708,0.4799378529,120,2026-01-07,2026-07-08,MEDIUM,PIT_SAFE_WITH_PROXY,False,,data/etf_daily,True,False
2026-07-08,universe_v2_qualified_research,market_benchmark_basket_v1,159593,中证A50ETF,510300,沪深300ETF,core_market,60,0.8971384935,0.9330125851,0.8705124839,60,2026-04-10,2026-07-08,MEDIUM,PIT_SAFE_WITH_PROXY,False,,data/etf_daily,True,False
2026-07-08,universe_v2_qualified_research,market_benchmark_basket_v1,159593,中证A50ETF,510300,沪深300ETF,core_market,120,0.8926296467,0.9297089123,0.8643586617,120,2026-01-07,2026-07-08,MEDIUM,PIT_SAFE_WITH_PROXY,False,,data/etf_daily,True,False
2026-07-08,universe_v2_qualified_research,market_benchmark_basket_v1,159593,中证A50ETF,510500,中证500ETF,mid_cap,60,0.5631615745,0.7760811937,0.6023020193,60,2026-04-10,2026-07-08,MEDIUM,PIT_SAFE_WITH_PROXY,False,,data/etf_daily,True,False
2026-07-08,universe_v2_qualified_research,market_benchmark_basket_v1,159593,中证A50ETF,510500,中证500ETF,mid_cap,120,0.4744878267,0.7375018789,0.5439090214,120,2026-01-07,2026-07-08,MEDIUM,PIT_SAFE_WITH_PROXY,False,,data/etf_daily,True,False
2026-07-08,universe_v2_qualified_research,market_benchmark_basket_v1,159593,中证A50ETF,512100,中证1000ETF代理,small_cap,60,0.5010721285,0.6676575112,0.4457665522,60,2026-04-10,2026-07-08,MEDIUM,PIT_SAFE_WITH_PROXY,False,,data/etf_daily,True,False
2026-07-08,universe_v2_qualified_research,market_benchmark_basket_v1,159593,中证A50ETF,512100,中证1000ETF代理,small_cap,120,0.4546077401,0.6881939364,0.4736108941,120,2026-01-07,2026-07-08,MEDIUM,PIT_SAFE_WITH_PROXY,False,,data/etf_daily,True,False
2026-07-08,universe_v2_qualified_research,market_benchmark_basket_v1,159593,中证A50ETF,159915,创业板ETF,growth,60,0.4137341694,0.8149228981,0.6640993299,60,2026-04-10,2026-07-08,MEDIUM,PIT_SAFE_WITH_PROXY,False,,data/etf_daily,True,False
2026-07-08,universe_v2_qualified_research,market_benchmark_basket_v1,159593,中证A50ETF,159915,创业板ETF,growth,120,0.4390317355,0.7937938609,0.6301086936,120,2026-01-07,2026-07-08,MEDIUM,PIT_SAFE_WITH_PROXY,False,,data/etf_daily,True,False
2026-07-08,universe_v2_qualified_research,market_benchmark_basket_v1,159593,中证A50ETF,588000,科创50ETF,technology,60,0.2382803104,0.6126639615,0.3753571297,60,2026-04-10,2026-07-08,MEDIUM,PIT_SAFE_WITH_PROXY,False,,data/etf_daily,True,False
2026-07-08,universe_v2_qualified_research,market_benchmark_basket_v1,159593,中证A50ETF,588000,科创50ETF,technology,120,0.2574296092,0.6030598893,0.3636812301,120,2026-01-07,2026-07-08,MEDIUM,PIT_SAFE_WITH_PROXY,False,,data/etf_daily,True,False
2026-07-08,universe_v2_qualified_research,market_benchmark_basket_v1,159593,中证A50ETF,510880,红利ETF,defensive,60,0.1306613776,0.1187804228,0.0141087888,60,2026-04-10,2026-07-08,LOW,PIT_SAFE_WITH_PROXY,False,,data/etf_daily,True,False
2026-07-08,universe_v2_qualified_research,market_benchmark_basket_v1,159593,中证A50ETF,510880,红利ETF,defensive,120,0.18721358,0.1990870091,0.0396356372,120,2026-01-07,2026-07-08,LOW,PIT_SAFE_WITH_PROXY,False,,data/etf_daily,True,False
2026-07-08,universe_v2_qualified_research,market_benchmark_basket_v1,159608,稀有金属ETF广发,510300,沪深300ETF,core_market,60,1.6825015678,0.7038358013,0.4953848351,60,2026-04-10,2026-07-08,MEDIUM,PIT_SAFE_WITH_PROXY,False,,data/etf_daily,True,False
2026-07-08,universe_v2_qualified_research,market_benchmark_basket_v1,159608,稀有金属ETF广发,510300,沪深300ETF,core_market,120,1.6271358748,0.6500597659,0.4225776992,120,2026-01-07,2026-07-08,MEDIUM,PIT_SAFE_WITH_PROXY,False,,data/etf_daily,True,False
2026-07-08,universe_v2_qualified_research,market_benchmark_basket_v1,159608,稀有金属ETF广发,510500,中证500ETF,mid_cap,60,1.3308316709,0.7377090962,0.5442147106,60,2026-04-10,2026-07-08,MEDIUM,PIT_SAFE_WITH_PROXY,False,,data/etf_daily,True,False
2026-07-08,universe_v2_qualified_research,market_benchmark_basket_v1,159608,稀有金属ETF广发,510500,中证500ETF,mid_cap,120,1.2711666145,0.7578692981,0.574365873,120,2026-01-07,2026-07-08,MEDIUM,PIT_SAFE_WITH_PROXY,False,,data/etf_daily,True,False
2026-07-08,universe_v2_qualified_research,market_benchmark_basket_v1,159608,稀有金属ETF广发,512100,中证1000ETF代理,small_cap,60,1.3305151989,0.7131176715,0.5085368134,60,2026-04-10,2026-07-08,MEDIUM,PIT_SAFE_WITH_PROXY,False,,data/etf_daily,True,False
2026-07-08,universe_v2_qualified_research,market_benchmark_basket_v1,159608,稀有金属ETF广发,512100,中证1000ETF代理,small_cap,120,1.2256834671,0.7117150073,0.5065382516,120,2026-01-07,2026-07-08,MEDIUM,PIT_SAFE_WITH_PROXY,False,,data/etf_daily,True,False
2026-07-08,universe_v2_qualified_research,market_benchmark_basket_v1,159608,稀有金属ETF广发,159915,创业板ETF,growth,60,0.8624083934,0.6832756935,0.4668656733,60,2026-04-10,2026-07-08,MEDIUM,PIT_SAFE_WITH_PROXY,False,,data/etf_daily,True,False
2026-07-08,universe_v2_qualified_research,market_benchmark_basket_v1,159608,稀有金属ETF广发,159915,创业板ETF,growth,120,0.8445330763,0.5857094945,0.343055612,120,2026-01-07,2026-07-08,MEDIUM,PIT_SAFE_WITH_PROXY,False,,data/etf_daily,True,False
2026-07-08,universe_v2_qualified_research,market_benchmark_basket_v1,159608,稀有金属ETF广发,588000,科创50ETF,technology,60,0.4754198062,0.4916989875,0.2417678943,60,2026-04-10,2026-07-08,MEDIUM,PIT_SAFE_WITH_PROXY,False,,data/etf_daily,True,False
2026-07-08,universe_v2_qualified_research,market_benchmark_basket_v1,159608,稀有金属ETF广发,588000,科创50ETF,technology,120,0.5584056348,0.5017709539,0.2517740901,120,2026-01-07,2026-07-08,MEDIUM,PIT_SAFE_WITH_PROXY,False,,data/etf_daily,True,False
2026-07-08,universe_v2_qualified_research,market_benchmark_basket_v1,159608,稀有金属ETF广发,510880,红利ETF,defensive,60,-0.1312588449,-0.0479969983,0.0023037118,60,2026-04-10,2026-07-08,LOW,PIT_SAFE_WITH_PROXY,False,,data/etf_daily,True,False
2026-07-08,universe_v2_qualified_research,market_benchmark_basket_v1,159608,稀有金属ETF广发,510880,红利ETF,defensive,120,0.1683892549,0.0686868703,0.0047178862,120,2026-01-07,2026-07-08,LOW,PIT_SAFE_WITH_PROXY,False,,data/etf_daily,True,False
2026-07-08,universe_v2_qualified_research,market_benchmark_basket_v1,159638,高端装备ETF嘉实,510300,沪深300ETF,core_market,60,0.9942072501,0.592327612,0.350852,60,2026-04-10,2026-07-08,MEDIUM,PIT_SAFE_WITH_PROXY,False,,data/etf_daily,True,False
2026-07-08,universe_v2_qualified_research,market_benchmark_basket_v1,159638,高端装备ETF嘉实,510300,沪深300ETF,core_market,120,1.0579288929,0.4702200586,0.2211069035,120,2026-01-07,2026-07-08,MEDIUM,PIT_SAFE_WITH_PROXY,False,,data/etf_daily,True,False
2026-07-08,universe_v2_qualified_research,market_benchmark_basket_v1,159638,高端装备ETF嘉实,510500,中证500ETF,mid_cap,60,0.9667026145,0.7631749031,0.5824359327,60,2026-04-10,2026-07-08,MEDIUM,PIT_SAFE_WITH_PROXY,False,,data/etf_daily,True,False
2026-07-08,universe_v2_qualified_research,market_benchmark_basket_v1,159638,高端装备ETF嘉实,510500,中证500ETF,mid_cap,120,1.0965169312,0.7273147311,0.5289867181,120,2026-01-07,2026-07-08,MEDIUM,PIT_SAFE_WITH_PROXY,False,,data/etf_daily,True,False
2026-07-08,universe_v2_qualified_research,market_benchmark_basket_v1,159638,高端装备ETF嘉实,512100,中证1000ETF代理,small_cap,60,1.0176609156,0.7768078937,0.6034305037,60,2026-04-10,2026-07-08,MEDIUM,PIT_SAFE_WITH_PROXY,False,,data/etf_daily,True,False
2026-07-08,universe_v2_qualified_research,market_benchmark_basket_v1,159638,高端装备ETF嘉实,512100,中证1000ETF代理,small_cap,120,1.1412923915,0.7372926827,0.5436005,120,2026-01-07,2026-07-08,MEDIUM,PIT_SAFE_WITH_PROXY,False,,data/etf_daily,True,False
2026-07-08,universe_v2_qualified_research,market_benchmark_basket_v1,159638,高端装备ETF嘉实,159915,创业板ETF,growth,60,0.5150300246,0.5811452881,0.3377298458,60,2026-04-10,2026-07-08,MEDIUM,PIT_SAFE_WITH_PROXY,False,,data/etf_daily,True,False
2026-07-08,universe_v2_qualified_research,market_benchmark_basket_v1,159638,高端装备ETF嘉实,159915,创业板ETF,growth,120,0.6828301381,0.5268578902,0.2775792364,120,2026-01-07,2026-07-08,MEDIUM,PIT_SAFE_WITH_PROXY,False,,data/etf_daily,True,False
2026-07-08,universe_v2_qualified_research,market_benchmark_basket_v1,159638,高端装备ETF嘉实,588000,科创50ETF,technology,60,0.3868796638,0.569858619,0.3247388457,60,2026-04-10,2026-07-08,MEDIUM,PIT_SAFE_WITH_PROXY,False,,data/etf_daily,True,False
2026-07-08,universe_v2_qualified_research,market_benchmark_basket_v1,159638,高端装备ETF嘉实,588000,科创50ETF,technology,120,0.5656783467,0.5655102576,0.3198018514,120,2026-01-07,2026-07-08,MEDIUM,PIT_SAFE_WITH_PROXY,False,,data/etf_daily,True,False
2026-07-08,universe_v2_qualified_research,market_benchmark_basket_v1,159638,高端装备ETF嘉实,510880,红利ETF,defensive,60,-0.2166579598,-0.1128312306,0.0127308866,60,2026-04-10,2026-07-08,LOW,PIT_SAFE_WITH_PROXY,False,,data/etf_daily,True,False
2026-07-08,universe_v2_qualified_research,market_benchmark_basket_v1,159638,高端装备ETF嘉实,510880,红利ETF,defensive,120,-0.1509438117,-0.0684998897,0.0046922349,120,2026-01-07,2026-07-08,LOW,PIT_SAFE_WITH_PROXY,False,,data/etf_daily,True,False
2026-07-08,universe_v2_qualified_research,market_benchmark_basket_v1,159667,工业母机ETF国泰,510300,沪深300ETF,core_market,60,2.1584255069,0.28314214,0.0801694715,60,2026-04-10,2026-07-08,LOW,PIT_SAFE_WITH_PROXY,False,,data/etf_daily,True,False
2026-07-08,universe_v2_qualified_research,market_benchmark_basket_v1,159667,工业母机ETF国泰,510300,沪深300ETF,core_market,120,1.7483324464,0.299185733,0.0895121029,120,2026-01-07,2026-07-08,LOW,PIT_SAFE_WITH_PROXY,False,,data/etf_daily,True,False
2026-07-08,universe_v2_qualified_research,market_benchmark_basket_v1,159667,工业母机ETF国泰,510500,中证500ETF,mid_cap,60,1.889628873,0.328465754,0.1078897515,60,2026-04-10,2026-07-08,MEDIUM,PIT_SAFE_WITH_PROXY,False,,data/etf_daily,True,False
2026-07-08,universe_v2_qualified_research,market_benchmark_basket_v1,159667,工业母机ETF国泰,510500,中证500ETF,mid_cap,120,1.4195120914,0.3625086113,0.1314124933,120,2026-01-07,2026-07-08,MEDIUM,PIT_SAFE_WITH_PROXY,False,,data/etf_daily,True,False
2026-07-08,universe_v2_qualified_research,market_benchmark_basket_v1,159667,工业母机ETF国泰,512100,中证1000ETF代理,small_cap,60,2.0452424416,0.3437460563,0.1181613513,60,2026-04-10,2026-07-08,MEDIUM,PIT_SAFE_WITH_PROXY,False,,data/etf_daily,True,False
2026-07-08,universe_v2_qualified_research,market_benchmark_basket_v1,159667,工业母机ETF国泰,512100,中证1000ETF代理,small_cap,120,1.4840532639,0.3691175373,0.1362477563,120,2026-01-07,2026-07-08,MEDIUM,PIT_SAFE_WITH_PROXY,False,,data/etf_daily,True,False
2026-07-08,universe_v2_qualified_research,market_benchmark_basket_v1,159667,工业母机ETF国泰,159915,创业板ETF,growth,60,1.5307226574,0.3803041608,0.1446312547,60,2026-04-10,2026-07-08,MEDIUM,PIT_SAFE_WITH_PROXY,False,,data/etf_daily,True,False
2026-07-08,universe_v2_qualified_research,market_benchmark_basket_v1,159667,工业母机ETF国泰,159915,创业板ETF,growth,120,1.340831304,0.3983154362,0.1586551867,120,2026-01-07,2026-07-08,MEDIUM,PIT_SAFE_WITH_PROXY,False,,data/etf_daily,True,False
2026-07-08,universe_v2_qualified_research,market_benchmark_basket_v1,159667,工业母机ETF国泰,588000,科创50ETF,technology,60,0.7027436839,0.2279137693,0.0519446862,60,2026-04-10,2026-07-08,LOW,PIT_SAFE_WITH_PROXY,False,,data/etf_daily,True,False
2026-07-08,universe_v2_qualified_research,market_benchmark_basket_v1,159667,工业母机ETF国泰,588000,科创50ETF,technology,120,0.7359834416,0.2832769024,0.0802458034,120,2026-01-07,2026-07-08,LOW,PIT_SAFE_WITH_PROXY,False,,data/etf_daily,True,False
2026-07-08,universe_v2_qualified_research,market_benchmark_basket_v1,159667,工业母机ETF国泰,510880,红利ETF,defensive,60,-0.1738633168,-0.0199363215,0.0003974569,60,2026-04-10,2026-07-08,LOW,PIT_SAFE_WITH_PROXY,False,,data/etf_daily,True,False
2026-07-08,universe_v2_qualified_research,market_benchmark_basket_v1,159667,工业母机ETF国泰,510880,红利ETF,defensive,120,-0.1734699368,-0.0303089554,0.0009186328,120,2026-01-07,2026-07-08,LOW,PIT_SAFE_WITH_PROXY,False,,data/etf_daily,True,False
2026-07-08,universe_v2_qualified_research,market_benchmark_basket_v1,159732,消费电子ETF华夏,510300,沪深300ETF,core_market,60,2.0051755313,0.7832228396,0.6134380165,60,2026-04-10,2026-07-08,MEDIUM,PIT_SAFE_WITH_PROXY,False,,data/etf_daily,True,False
2026-07-08,universe_v2_qualified_research,market_benchmark_basket_v1,159732,消费电子ETF华夏,510300,沪深300ETF,core_market,120,1.7375008696,0.7572977714,0.5734999145,120,2026-01-07,2026-07-08,MEDIUM,PIT_SAFE_WITH_PROXY,False,,data/etf_daily,True,False
2026-07-08,universe_v2_qualified_research,market_benchmark_basket_v1,159732,消费电子ETF华夏,510500,中证500ETF,mid_cap,60,1.6841578228,0.8716896082,0.7598427731,60,2026-04-10,2026-07-08,MEDIUM,PIT_SAFE_WITH_PROXY,False,,data/etf_daily,True,False
2026-07-08,universe_v2_qualified_research,market_benchmark_basket_v1,159732,消费电子ETF华夏,510500,中证500ETF,mid_cap,120,1.2482862356,0.8119292716,0.6592291421,120,2026-01-07,2026-07-08,MEDIUM,PIT_SAFE_WITH_PROXY,False,,data/etf_daily,True,False
2026-07-08,universe_v2_qualified_research,market_benchmark_basket_v1,159732,消费电子ETF华夏,512100,中证1000ETF代理,small_cap,60,1.6905893215,0.8460510152,0.7158023204,60,2026-04-10,2026-07-08,MEDIUM,PIT_SAFE_WITH_PROXY,False,,data/etf_daily,True,False
2026-07-08,universe_v2_qualified_research,market_benchmark_basket_v1,159732,消费电子ETF华夏,512100,中证1000ETF代理,small_cap,120,1.2775930563,0.8093428226,0.6550358045,120,2026-01-07,2026-07-08,MEDIUM,PIT_SAFE_WITH_PROXY,False,,data/etf_daily,True,False
2026-07-08,universe_v2_qualified_research,market_benchmark_basket_v1,159732,消费电子ETF华夏,159915,创业板ETF,growth,60,1.1737885812,0.8683402817,0.7540148448,60,2026-04-10,2026-07-08,MEDIUM,PIT_SAFE_WITH_PROXY,False,,data/etf_daily,True,False
2026-07-08,universe_v2_qualified_research,market_benchmark_basket_v1,159732,消费电子ETF华夏,159915,创业板ETF,growth,120,1.1420995967,0.8641353276,0.7467298645,120,2026-01-07,2026-07-08,MEDIUM,PIT_SAFE_WITH_PROXY,False,,data/etf_daily,True,False
2026-07-08,universe_v2_qualified_research,market_benchmark_basket_v1,159732,消费电子ETF华夏,588000,科创50ETF,technology,60,0.8132212942,0.7853221669,0.6167309059,60,2026-04-10,2026-07-08,MEDIUM,PIT_SAFE_WITH_PROXY,False,,data/etf_daily,True,False
2026-07-08,universe_v2_qualified_research,market_benchmark_basket_v1,159732,消费电子ETF华夏,588000,科创50ETF,technology,120,0.8404891457,0.8239484029,0.6788909706,120,2026-01-07,2026-07-08,MEDIUM,PIT_SAFE_WITH_PROXY,False,,data/etf_daily,True,False
2026-07-08,universe_v2_qualified_research,market_benchmark_basket_v1,159732,消费电子ETF华夏,510880,红利ETF,defensive,60,-1.0859292959,-0.3707696013,0.1374700972,60,2026-04-10,2026-07-08,MEDIUM,PIT_SAFE_WITH_PROXY,False,,data/etf_daily,True,False
2026-07-08,universe_v2_qualified_research,market_benchmark_basket_v1,159732,消费电子ETF华夏,510880,红利ETF,defensive,120,-0.571975957,-0.2545360548,0.0647886032,120,2026-01-07,2026-07-08,LOW,PIT_SAFE_WITH_PROXY,False,,data/etf_daily,True,False
2026-07-08,universe_v2_qualified_research,market_benchmark_basket_v1,510050,上证50ETF,510300,沪深300ETF,core_market,60,0.7589429379,0.84482445,0.7137283514,60,2026-04-10,2026-07-08,MEDIUM,PIT_SAFE_WITH_PROXY,False,,data/etf_daily,True,False
2026-07-08,universe_v2_qualified_research,market_benchmark_basket_v1,510050,上证50ETF,510300,沪深300ETF,core_market,120,0.7766854735,0.8678425014,0.7531506073,120,2026-01-07,2026-07-08,MEDIUM,PIT_SAFE_WITH_PROXY,False,,data/etf_daily,True,False
2026-07-08,universe_v2_qualified_research,market_benchmark_basket_v1,510050,上证50ETF,510500,中证500ETF,mid_cap,60,0.4588698026,0.676850826,0.4581270407,60,2026-04-10,2026-07-08,MEDIUM,PIT_SAFE_WITH_PROXY,False,,data/etf_daily,True,False
2026-07-08,universe_v2_qualified_research,market_benchmark_basket_v1,510050,上证50ETF,510500,中证500ETF,mid_cap,120,0.4019114172,0.670175343,0.4491349904,120,2026-01-07,2026-07-08,MEDIUM,PIT_SAFE_WITH_PROXY,False,,data/etf_daily,True,False
2026-07-08,universe_v2_qualified_research,market_benchmark_basket_v1,510050,上证50ETF,512100,中证1000ETF代理,small_cap,60,0.3555498264,0.5070879652,0.2571382045,60,2026-04-10,2026-07-08,MEDIUM,PIT_SAFE_WITH_PROXY,False,,data/etf_daily,True,False
2026-07-08,universe_v2_qualified_research,market_benchmark_basket_v1,510050,上证50ETF,512100,中证1000ETF代理,small_cap,120,0.3647785633,0.5924113493,0.3509512067,120,2026-01-07,2026-07-08,MEDIUM,PIT_SAFE_WITH_PROXY,False,,data/etf_daily,True,False
2026-07-08,universe_v2_qualified_research,market_benchmark_basket_v1,510050,上证50ETF,159915,创业板ETF,growth,60,0.2842505543,0.5992744901,0.3591299145,60,2026-04-10,2026-07-08,MEDIUM,PIT_SAFE_WITH_PROXY,False,,data/etf_daily,True,False
2026-07-08,universe_v2_qualified_research,market_benchmark_basket_v1,510050,上证50ETF,159915,创业板ETF,growth,120,0.3070043919,0.5954927183,0.3546115775,120,2026-01-07,2026-07-08,MEDIUM,PIT_SAFE_WITH_PROXY,False,,data/etf_daily,True,False
2026-07-08,universe_v2_qualified_research,market_benchmark_basket_v1,510050,上证50ETF,588000,科创50ETF,technology,60,0.235731543,0.648755744,0.4208840154,60,2026-04-10,2026-07-08,MEDIUM,PIT_SAFE_WITH_PROXY,False,,data/etf_daily,True,False
2026-07-08,universe_v2_qualified_research,market_benchmark_basket_v1,510050,上证50ETF,588000,科创50ETF,technology,120,0.2435338659,0.6120421817,0.3745956322,120,2026-01-07,2026-07-08,MEDIUM,PIT_SAFE_WITH_PROXY,False,,data/etf_daily,True,False
2026-07-08,universe_v2_qualified_research,market_benchmark_basket_v1,510050,上证50ETF,510880,红利ETF,defensive,60,0.197075349,0.1917605549,0.0367721104,60,2026-04-10,2026-07-08,LOW,PIT_SAFE_WITH_PROXY,False,,data/etf_daily,True,False
2026-07-08,universe_v2_qualified_research,market_benchmark_basket_v1,510050,上证50ETF,510880,红利ETF,defensive,120,0.2400193839,0.2738242685,0.07497973,120,2026-01-07,2026-07-08,LOW,PIT_SAFE_WITH_PROXY,False,,data/etf_daily,True,False
2026-07-08,universe_v2_qualified_research,market_benchmark_basket_v1,515260,电子ETF,510300,沪深300ETF,core_market,60,2.0622845397,0.8101888104,0.6564059085,60,2026-04-10,2026-07-08,MEDIUM,PIT_SAFE_WITH_PROXY,False,,data/etf_daily,True,False
2026-07-08,universe_v2_qualified_research,market_benchmark_basket_v1,515260,电子ETF,510300,沪深300ETF,core_market,120,1.7535787625,0.7618957884,0.5804851924,120,2026-01-07,2026-07-08,MEDIUM,PIT_SAFE_WITH_PROXY,False,,data/etf_daily,True,False
2026-07-08,universe_v2_qualified_research,market_benchmark_basket_v1,515260,电子ETF,510500,中证500ETF,mid_cap,60,1.6494106486,0.8586429006,0.7372676307,60,2026-04-10,2026-07-08,MEDIUM,PIT_SAFE_WITH_PROXY,False,,data/etf_daily,True,False
2026-07-08,universe_v2_qualified_research,market_benchmark_basket_v1,515260,电子ETF,510500,中证500ETF,mid_cap,120,1.210341454,0.7847667117,0.6158587918,120,2026-01-07,2026-07-08,MEDIUM,PIT_SAFE_WITH_PROXY,False,,data/etf_daily,True,False
2026-07-08,universe_v2_qualified_research,market_benchmark_basket_v1,515260,电子ETF,512100,中证1000ETF代理,small_cap,60,1.6002844328,0.8054903053,0.648814632,60,2026-04-10,2026-07-08,MEDIUM,PIT_SAFE_WITH_PROXY,False,,data/etf_daily,True,False
2026-07-08,universe_v2_qualified_research,market_benchmark_basket_v1,515260,电子ETF,512100,中证1000ETF代理,small_cap,120,1.2186153708,0.7695472247,0.5922029311,120,2026-01-07,2026-07-08,MEDIUM,PIT_SAFE_WITH_PROXY,False,,data/etf_daily,True,False
2026-07-08,universe_v2_qualified_research,market_benchmark_basket_v1,515260,电子ETF,159915,创业板ETF,growth,60,1.1366823919,0.8457537031,0.7152993262,60,2026-04-10,2026-07-08,MEDIUM,PIT_SAFE_WITH_PROXY,False,,data/etf_daily,True,False
2026-07-08,universe_v2_qualified_research,market_benchmark_basket_v1,515260,电子ETF,159915,创业板ETF,growth,120,1.1180463719,0.843269216,0.7111029707,120,2026-01-07,2026-07-08,MEDIUM,PIT_SAFE_WITH_PROXY,False,,data/etf_daily,True,False
2026-07-08,universe_v2_qualified_research,market_benchmark_basket_v1,515260,电子ETF,588000,科创50ETF,technology,60,0.9523409998,0.9249884367,0.855603608,60,2026-04-10,2026-07-08,MEDIUM,PIT_SAFE_WITH_PROXY,False,,data/etf_daily,True,False
2026-07-08,universe_v2_qualified_research,market_benchmark_basket_v1,515260,电子ETF,588000,科创50ETF,technology,120,0.9495335295,0.9279121463,0.8610209512,120,2026-01-07,2026-07-08,MEDIUM,PIT_SAFE_WITH_PROXY,False,,data/etf_daily,True,False
2026-07-08,universe_v2_qualified_research,market_benchmark_basket_v1,515260,电子ETF,510880,红利ETF,defensive,60,-0.9721884948,-0.3338549004,0.1114590945,60,2026-04-10,2026-07-08,MEDIUM,PIT_SAFE_WITH_PROXY,False,,data/etf_daily,True,False
2026-07-08,universe_v2_qualified_research,market_benchmark_basket_v1,515260,电子ETF,510880,红利ETF,defensive,120,-0.5887186482,-0.2611607909,0.0682049587,120,2026-01-07,2026-07-08,LOW,PIT_SAFE_WITH_PROXY,False,,data/etf_daily,True,False
2026-07-08,universe_v2_qualified_research,market_benchmark_basket_v1,515630,保险证券,510300,沪深300ETF,core_market,60,0.7573196924,0.5042453371,0.25426336,60,2026-04-10,2026-07-08,MEDIUM,PIT_SAFE_WITH_PROXY,False,,data/etf_daily,True,False
2026-07-08,universe_v2_qualified_research,market_benchmark_basket_v1,515630,保险证券,510300,沪深300ETF,core_market,120,0.8579187395,0.6121353245,0.3747096555,120,2026-01-07,2026-07-08,MEDIUM,PIT_SAFE_WITH_PROXY,False,,data/etf_daily,True,False
2026-07-08,universe_v2_qualified_research,market_benchmark_basket_v1,515630,保险证券,510500,中证500ETF,mid_cap,60,0.4139662992,0.3652361553,0.1333974492,60,2026-04-10,2026-07-08,MEDIUM,PIT_SAFE_WITH_PROXY,False,,data/etf_daily,True,False
2026-07-08,universe_v2_qualified_research,market_benchmark_basket_v1,515630,保险证券,510500,中证500ETF,mid_cap,120,0.3990624621,0.4249174187,0.1805548127,120,2026-01-07,2026-07-08,MEDIUM,PIT_SAFE_WITH_PROXY,False,,data/etf_daily,True,False
2026-07-08,universe_v2_qualified_research,market_benchmark_basket_v1,515630,保险证券,512100,中证1000ETF代理,small_cap,60,0.3250714475,0.2773109053,0.0769013382,60,2026-04-10,2026-07-08,LOW,PIT_SAFE_WITH_PROXY,False,,data/etf_daily,True,False
2026-07-08,universe_v2_qualified_research,market_benchmark_basket_v1,515630,保险证券,512100,中证1000ETF代理,small_cap,120,0.3677140019,0.3813377361,0.145418469,120,2026-01-07,2026-07-08,MEDIUM,PIT_SAFE_WITH_PROXY,False,,data/etf_daily,True,False
2026-07-08,universe_v2_qualified_research,market_benchmark_basket_v1,515630,保险证券,159915,创业板ETF,growth,60,0.2104357604,0.2653684608,0.07042042,60,2026-04-10,2026-07-08,LOW,PIT_SAFE_WITH_PROXY,False,,data/etf_daily,True,False
2026-07-08,universe_v2_qualified_research,market_benchmark_basket_v1,515630,保险证券,159915,创业板ETF,growth,120,0.2949499253,0.3653303159,0.1334662397,120,2026-01-07,2026-07-08,MEDIUM,PIT_SAFE_WITH_PROXY,False,,data/etf_daily,True,False
2026-07-08,universe_v2_qualified_research,market_benchmark_basket_v1,515630,保险证券,588000,科创50ETF,technology,60,0.0861364234,0.1417932781,0.0201053337,60,2026-04-10,2026-07-08,LOW,PIT_SAFE_WITH_PROXY,False,,data/etf_daily,True,False
2026-07-08,universe_v2_qualified_research,market_benchmark_basket_v1,515630,保险证券,588000,科创50ETF,technology,120,0.1618528313,0.2597453896,0.0674676674,120,2026-01-07,2026-07-08,LOW,PIT_SAFE_WITH_PROXY,False,,data/etf_daily,True,False
2026-07-08,universe_v2_qualified_research,market_benchmark_basket_v1,515630,保险证券,510880,红利ETF,defensive,60,0.6364010622,0.3703933324,0.1371912207,60,2026-04-10,2026-07-08,MEDIUM,PIT_SAFE_WITH_PROXY,False,,data/etf_daily,True,False
2026-07-08,universe_v2_qualified_research,market_benchmark_basket_v1,515630,保险证券,510880,红利ETF,defensive,120,0.4034011625,0.293878842,0.0863647738,120,2026-01-07,2026-07-08,LOW,PIT_SAFE_WITH_PROXY,False,,data/etf_daily,True,False
2026-07-08,universe_v2_qualified_research,market_benchmark_basket_v1,561360,石油ETF,510300,沪深300ETF,core_market,60,0.3613327317,0.3209972025,0.103039204,60,2026-04-10,2026-07-08,MEDIUM,PIT_SAFE_WITH_PROXY,False,,data/etf_daily,True,False
2026-07-08,universe_v2_qualified_research,market_benchmark_basket_v1,561360,石油ETF,510300,沪深300ETF,core_market,120,0.4010887621,0.2049399695,0.0420003911,120,2026-01-07,2026-07-08,LOW,PIT_SAFE_WITH_PROXY,False,,data/etf_daily,True,False
2026-07-08,universe_v2_qualified_research,market_benchmark_basket_v1,561360,石油ETF,510500,中证500ETF,mid_cap,60,0.2927904666,0.3446648616,0.1187938668,60,2026-04-10,2026-07-08,MEDIUM,PIT_SAFE_WITH_PROXY,False,,data/etf_daily,True,False
2026-07-08,universe_v2_qualified_research,market_benchmark_basket_v1,561360,石油ETF,510500,中证500ETF,mid_cap,120,0.2650596752,0.2021120484,0.0408492801,120,2026-01-07,2026-07-08,LOW,PIT_SAFE_WITH_PROXY,False,,data/etf_daily,True,False
2026-07-08,universe_v2_qualified_research,market_benchmark_basket_v1,561360,石油ETF,512100,中证1000ETF代理,small_cap,60,0.2558383114,0.2911957321,0.0847949544,60,2026-04-10,2026-07-08,LOW,PIT_SAFE_WITH_PROXY,False,,data/etf_daily,True,False
2026-07-08,universe_v2_qualified_research,market_benchmark_basket_v1,561360,石油ETF,512100,中证1000ETF代理,small_cap,120,0.2028739237,0.1506644293,0.0226997703,120,2026-01-07,2026-07-08,LOW,PIT_SAFE_WITH_PROXY,False,,data/etf_daily,True,False
2026-07-08,universe_v2_qualified_research,market_benchmark_basket_v1,561360,石油ETF,159915,创业板ETF,growth,60,0.1026967203,0.1727896155,0.0298562512,60,2026-04-10,2026-07-08,LOW,PIT_SAFE_WITH_PROXY,False,,data/etf_daily,True,False
2026-07-08,universe_v2_qualified_research,market_benchmark_basket_v1,561360,石油ETF,159915,创业板ETF,growth,120,0.056552912,0.0501622814,0.0025162545,120,2026-01-07,2026-07-08,LOW,PIT_SAFE_WITH_PROXY,False,,data/etf_daily,True,False
2026-07-08,universe_v2_qualified_research,market_benchmark_basket_v1,561360,石油ETF,588000,科创50ETF,technology,60,0.0403639389,0.0886530437,0.0078593622,60,2026-04-10,2026-07-08,LOW,PIT_SAFE_WITH_PROXY,False,,data/etf_daily,True,False
2026-07-08,universe_v2_qualified_research,market_benchmark_basket_v1,561360,石油ETF,588000,科创50ETF,technology,120,-0.0275707165,-0.0316854941,0.0010039705,120,2026-01-07,2026-07-08,LOW,PIT_SAFE_WITH_PROXY,False,,data/etf_daily,True,False
2026-07-08,universe_v2_qualified_research,market_benchmark_basket_v1,561360,石油ETF,510880,红利ETF,defensive,60,0.6327456273,0.4913519897,0.2414267777,60,2026-04-10,2026-07-08,MEDIUM,PIT_SAFE_WITH_PROXY,False,,data/etf_daily,True,False
2026-07-08,universe_v2_qualified_research,market_benchmark_basket_v1,561360,石油ETF,510880,红利ETF,defensive,120,1.0608285174,0.5534281504,0.3062827176,120,2026-01-07,2026-07-08,MEDIUM,PIT_SAFE_WITH_PROXY,False,,data/etf_daily,True,False
2026-07-08,universe_v2_qualified_research,market_benchmark_basket_v1,561560,电力ETF,510300,沪深300ETF,core_market,60,0.5080149849,0.3687702194,0.1359914747,60,2026-04-10,2026-07-08,MEDIUM,PIT_SAFE_WITH_PROXY,False,,data/etf_daily,True,False
2026-07-08,universe_v2_qualified_research,market_benchmark_basket_v1,561560,电力ETF,510300,沪深300ETF,core_market,120,0.5368455924,0.3918950804,0.153581754,120,2026-01-07,2026-07-08,MEDIUM,PIT_SAFE_WITH_PROXY,False,,data/etf_daily,True,False
2026-07-08,universe_v2_qualified_research,market_benchmark_basket_v1,561560,电力ETF,510500,中证500ETF,mid_cap,60,0.3106827056,0.2988426178,0.0893069102,60,2026-04-10,2026-07-08,LOW,PIT_SAFE_WITH_PROXY,False,,data/etf_daily,True,False
2026-07-08,universe_v2_qualified_research,market_benchmark_basket_v1,561560,电力ETF,510500,中证500ETF,mid_cap,120,0.3549283958,0.3866549149,0.1495020232,120,2026-01-07,2026-07-08,MEDIUM,PIT_SAFE_WITH_PROXY,False,,data/etf_daily,True,False
2026-07-08,universe_v2_qualified_research,market_benchmark_basket_v1,561560,电力ETF,512100,中证1000ETF代理,small_cap,60,0.3176208404,0.2954022452,0.0872624865,60,2026-04-10,2026-07-08,LOW,PIT_SAFE_WITH_PROXY,False,,data/etf_daily,True,False
2026-07-08,universe_v2_qualified_research,market_benchmark_basket_v1,561560,电力ETF,512100,中证1000ETF代理,small_cap,120,0.3644851474,0.3867217375,0.1495537022,120,2026-01-07,2026-07-08,MEDIUM,PIT_SAFE_WITH_PROXY,False,,data/etf_daily,True,False
2026-07-08,universe_v2_qualified_research,market_benchmark_basket_v1,561560,电力ETF,159915,创业板ETF,growth,60,0.1978714395,0.2720379872,0.0740046665,60,2026-04-10,2026-07-08,LOW,PIT_SAFE_WITH_PROXY,False,,data/etf_daily,True,False
2026-07-08,universe_v2_qualified_research,market_benchmark_basket_v1,561560,电力ETF,159915,创业板ETF,growth,120,0.2401321579,0.3043034509,0.0926005903,120,2026-01-07,2026-07-08,MEDIUM,PIT_SAFE_WITH_PROXY,False,,data/etf_daily,True,False
2026-07-08,universe_v2_qualified_research,market_benchmark_basket_v1,561560,电力ETF,588000,科创50ETF,technology,60,0.0619751268,0.111225127,0.0123710289,60,2026-04-10,2026-07-08,LOW,PIT_SAFE_WITH_PROXY,False,,data/etf_daily,True,False
2026-07-08,universe_v2_qualified_research,market_benchmark_basket_v1,561560,电力ETF,588000,科创50ETF,technology,120,0.1087567385,0.178567679,0.031886416,120,2026-01-07,2026-07-08,LOW,PIT_SAFE_WITH_PROXY,False,,data/etf_daily,True,False
2026-07-08,universe_v2_qualified_research,market_benchmark_basket_v1,561560,电力ETF,510880,红利ETF,defensive,60,0.661108101,0.4194898153,0.1759717051,60,2026-04-10,2026-07-08,MEDIUM,PIT_SAFE_WITH_PROXY,False,,data/etf_daily,True,False
2026-07-08,universe_v2_qualified_research,market_benchmark_basket_v1,561560,电力ETF,510880,红利ETF,defensive,120,0.5544116811,0.4132212798,0.1707518261,120,2026-01-07,2026-07-08,MEDIUM,PIT_SAFE_WITH_PROXY,False,,data/etf_daily,True,False
2026-07-08,universe_v2_qualified_research,market_benchmark_basket_v1,562550,绿电ETF,510300,沪深300ETF,core_market,60,0.5063906065,0.3614458419,0.1306430966,60,2026-04-10,2026-07-08,MEDIUM,PIT_SAFE_WITH_PROXY,False,,data/etf_daily,True,False
2026-07-08,universe_v2_qualified_research,market_benchmark_basket_v1,562550,绿电ETF,510300,沪深300ETF,core_market,120,0.4861205234,0.349831273,0.1223819196,120,2026-01-07,2026-07-08,MEDIUM,PIT_SAFE_WITH_PROXY,False,,data/etf_daily,True,False
2026-07-08,universe_v2_qualified_research,market_benchmark_basket_v1,562550,绿电ETF,510500,中证500ETF,mid_cap,60,0.305670007,0.2891056329,0.083582067,60,2026-04-10,2026-07-08,LOW,PIT_SAFE_WITH_PROXY,False,,data/etf_daily,True,False
2026-07-08,universe_v2_qualified_research,market_benchmark_basket_v1,562550,绿电ETF,510500,中证500ETF,mid_cap,120,0.3271905801,0.3513806439,0.1234683569,120,2026-01-07,2026-07-08,MEDIUM,PIT_SAFE_WITH_PROXY,False,,data/etf_daily,True,False
2026-07-08,universe_v2_qualified_research,market_benchmark_basket_v1,562550,绿电ETF,512100,中证1000ETF代理,small_cap,60,0.3132873286,0.2865008428,0.0820827329,60,2026-04-10,2026-07-08,LOW,PIT_SAFE_WITH_PROXY,False,,data/etf_daily,True,False
2026-07-08,universe_v2_qualified_research,market_benchmark_basket_v1,562550,绿电ETF,512100,中证1000ETF代理,small_cap,120,0.3329061144,0.3482048165,0.1212465942,120,2026-01-07,2026-07-08,MEDIUM,PIT_SAFE_WITH_PROXY,False,,data/etf_daily,True,False
2026-07-08,universe_v2_qualified_research,market_benchmark_basket_v1,562550,绿电ETF,159915,创业板ETF,growth,60,0.2077210268,0.2808052177,0.0788515703,60,2026-04-10,2026-07-08,LOW,PIT_SAFE_WITH_PROXY,False,,data/etf_daily,True,False
2026-07-08,universe_v2_qualified_research,market_benchmark_basket_v1,562550,绿电ETF,159915,创业板ETF,growth,120,0.2281629536,0.2850335211,0.0812441082,120,2026-01-07,2026-07-08,LOW,PIT_SAFE_WITH_PROXY,False,,data/etf_daily,True,False
2026-07-08,universe_v2_qualified_research,market_benchmark_basket_v1,562550,绿电ETF,588000,科创50ETF,technology,60,0.0640305915,0.1129929307,0.0127674024,60,2026-04-10,2026-07-08,LOW,PIT_SAFE_WITH_PROXY,False,,data/etf_daily,True,False
2026-07-08,universe_v2_qualified_research,market_benchmark_basket_v1,562550,绿电ETF,588000,科创50ETF,technology,120,0.0959820575,0.1553570578,0.0241358154,120,2026-01-07,2026-07-08,LOW,PIT_SAFE_WITH_PROXY,False,,data/etf_daily,True,False
2026-07-08,universe_v2_qualified_research,market_benchmark_basket_v1,562550,绿电ETF,510880,红利ETF,defensive,60,0.6430930533,0.4012370546,0.160991174,60,2026-04-10,2026-07-08,MEDIUM,PIT_SAFE_WITH_PROXY,False,,data/etf_daily,True,False
2026-07-08,universe_v2_qualified_research,market_benchmark_basket_v1,562550,绿电ETF,510880,红利ETF,defensive,120,0.5573246547,0.409498972,0.1676894081,120,2026-01-07,2026-07-08,MEDIUM,PIT_SAFE_WITH_PROXY,False,,data/etf_daily,True,False
2026-07-08,universe_v2_qualified_research,market_benchmark_basket_v1,588200,科创芯片ETF,510300,沪深300ETF,core_market,60,1.9692732943,0.6877645969,0.4730201407,60,2026-04-10,2026-07-08,MEDIUM,PIT_SAFE_WITH_PROXY,False,,data/etf_daily,True,False
2026-07-08,universe_v2_qualified_research,market_benchmark_basket_v1,588200,科创芯片ETF,510300,沪深300ETF,core_market,120,1.7550982778,0.663937464,0.4408129562,120,2026-01-07,2026-07-08,MEDIUM,PIT_SAFE_WITH_PROXY,False,,data/etf_daily,True,False
2026-07-08,universe_v2_qualified_research,market_benchmark_basket_v1,588200,科创芯片ETF,510500,中证500ETF,mid_cap,60,1.6689711151,0.7723760171,0.5965647117,60,2026-04-10,2026-07-08,MEDIUM,PIT_SAFE_WITH_PROXY,False,,data/etf_daily,True,False
2026-07-08,universe_v2_qualified_research,market_benchmark_basket_v1,588200,科创芯片ETF,510500,中证500ETF,mid_cap,120,1.3210375182,0.7457671617,0.5561686594,120,2026-01-07,2026-07-08,MEDIUM,PIT_SAFE_WITH_PROXY,False,,data/etf_daily,True,False
2026-07-08,universe_v2_qualified_research,market_benchmark_basket_v1,588200,科创芯片ETF,512100,中证1000ETF代理,small_cap,60,1.5863507711,0.709836834,0.503868331,60,2026-04-10,2026-07-08,MEDIUM,PIT_SAFE_WITH_PROXY,False,,data/etf_daily,True,False
2026-07-08,universe_v2_qualified_research,market_benchmark_basket_v1,588200,科创芯片ETF,512100,中证1000ETF代理,small_cap,120,1.3136961024,0.7223022628,0.5217205588,120,2026-01-07,2026-07-08,MEDIUM,PIT_SAFE_WITH_PROXY,False,,data/etf_daily,True,False
2026-07-08,universe_v2_qualified_research,market_benchmark_basket_v1,588200,科创芯片ETF,159915,创业板ETF,growth,60,1.0755032591,0.71139806,0.5060871998,60,2026-04-10,2026-07-08,MEDIUM,PIT_SAFE_WITH_PROXY,False,,data/etf_daily,True,False
2026-07-08,universe_v2_qualified_research,market_benchmark_basket_v1,588200,科创芯片ETF,159915,创业板ETF,growth,120,1.1289768826,0.7413903322,0.5496596247,120,2026-01-07,2026-07-08,MEDIUM,PIT_SAFE_WITH_PROXY,False,,data/etf_daily,True,False
2026-07-08,universe_v2_qualified_research,market_benchmark_basket_v1,588200,科创芯片ETF,588000,科创50ETF,technology,60,1.1447073893,0.9884039639,0.9769423959,60,2026-04-10,2026-07-08,MEDIUM,PIT_SAFE_WITH_PROXY,False,,data/etf_daily,True,False
2026-07-08,universe_v2_qualified_research,market_benchmark_basket_v1,588200,科创芯片ETF,588000,科创50ETF,technology,120,1.1509140834,0.9792529726,0.9589363844,120,2026-01-07,2026-07-08,MEDIUM,PIT_SAFE_WITH_PROXY,False,,data/etf_daily,True,False
2026-07-08,universe_v2_qualified_research,market_benchmark_basket_v1,588200,科创芯片ETF,510880,红利ETF,defensive,60,-1.057986374,-0.3229858697,0.104319872,60,2026-04-10,2026-07-08,MEDIUM,PIT_SAFE_WITH_PROXY,False,,data/etf_daily,True,False
2026-07-08,universe_v2_qualified_research,market_benchmark_basket_v1,588200,科创芯片ETF,510880,红利ETF,defensive,120,-0.6634935955,-0.2562668065,0.0656726761,120,2026-01-07,2026-07-08,LOW,PIT_SAFE_WITH_PROXY,False,,data/etf_daily,True,False
2026-07-08,universe_v2_qualified_research,market_benchmark_basket_v1,588220,科创100ETF基金,510300,沪深300ETF,core_market,60,1.3409962644,0.6991057081,0.4887487911,60,2026-04-10,2026-07-08,MEDIUM,PIT_SAFE_WITH_PROXY,False,,data/etf_daily,True,False
2026-07-08,universe_v2_qualified_research,market_benchmark_basket_v1,588220,科创100ETF基金,510300,沪深300ETF,core_market,120,1.3786849714,0.6891852918,0.4749763665,120,2026-01-07,2026-07-08,MEDIUM,PIT_SAFE_WITH_PROXY,False,,data/etf_daily,True,False
2026-07-08,universe_v2_qualified_research,market_benchmark_basket_v1,588220,科创100ETF基金,510500,中证500ETF,mid_cap,60,1.2535471574,0.8659684929,0.7499014307,60,2026-04-10,2026-07-08,MEDIUM,PIT_SAFE_WITH_PROXY,False,,data/etf_daily,True,False
2026-07-08,universe_v2_qualified_research,market_benchmark_basket_v1,588220,科创100ETF基金,510500,中证500ETF,mid_cap,120,1.1542113696,0.8610307782,0.741374001,120,2026-01-07,2026-07-08,MEDIUM,PIT_SAFE_WITH_PROXY,False,,data/etf_daily,True,False
2026-07-08,universe_v2_qualified_research,market_benchmark_basket_v1,588220,科创100ETF基金,512100,中证1000ETF代理,small_cap,60,1.2823069095,0.8565106055,0.7336104173,60,2026-04-10,2026-07-08,MEDIUM,PIT_SAFE_WITH_PROXY,False,,data/etf_daily,True,False
2026-07-08,universe_v2_qualified_research,market_benchmark_basket_v1,588220,科创100ETF基金,512100,中证1000ETF代理,small_cap,120,1.1947871933,0.868080192,0.7535632197,120,2026-01-07,2026-07-08,MEDIUM,PIT_SAFE_WITH_PROXY,False,,data/etf_daily,True,False
2026-07-08,universe_v2_qualified_research,market_benchmark_basket_v1,588220,科创100ETF基金,159915,创业板ETF,growth,60,0.8041222188,0.7939706766,0.6303894353,60,2026-04-10,2026-07-08,MEDIUM,PIT_SAFE_WITH_PROXY,False,,data/etf_daily,True,False
2026-07-08,universe_v2_qualified_research,market_benchmark_basket_v1,588220,科创100ETF基金,159915,创业板ETF,growth,120,0.9185667854,0.7971092164,0.6353831028,120,2026-01-07,2026-07-08,MEDIUM,PIT_SAFE_WITH_PROXY,False,,data/etf_daily,True,False
2026-07-08,universe_v2_qualified_research,market_benchmark_basket_v1,588220,科创100ETF基金,588000,科创50ETF,technology,60,0.690861116,0.8904554512,0.7929109106,60,2026-04-10,2026-07-08,MEDIUM,PIT_SAFE_WITH_PROXY,False,,data/etf_daily,True,False
2026-07-08,universe_v2_qualified_research,market_benchmark_basket_v1,588220,科创100ETF基金,588000,科创50ETF,technology,120,0.7885472258,0.886594282,0.7860494208,120,2026-01-07,2026-07-08,MEDIUM,PIT_SAFE_WITH_PROXY,False,,data/etf_daily,True,False
2026-07-08,universe_v2_qualified_research,market_benchmark_basket_v1,588220,科创100ETF基金,510880,红利ETF,defensive,60,-0.808497172,-0.3684371452,0.1357459299,60,2026-04-10,2026-07-08,MEDIUM,PIT_SAFE_WITH_PROXY,False,,data/etf_daily,True,False
2026-07-08,universe_v2_qualified_research,market_benchmark_basket_v1,588220,科创100ETF基金,510880,红利ETF,defensive,120,-0.4209684172,-0.2148574218,0.0461637117,120,2026-01-07,2026-07-08,LOW,PIT_SAFE_WITH_PROXY,False,,data/etf_daily,True,False
