calculation_date,lookback_window,benchmark_code_a,benchmark_family_a,benchmark_code_b,benchmark_family_b,correlation,abs_correlation,sample_size,redundancy_level,missing_flag
2026-07-08,60,510300,core_market,510500,mid_cap,0.8859106899,0.8859106899,60,MEDIUM,False
2026-07-08,60,510300,core_market,512100,small_cap,0.7878867961,0.7878867961,60,MEDIUM,False
2026-07-08,60,510300,core_market,159915,growth,0.9068276022,0.9068276022,60,HIGH,False
2026-07-08,60,510300,core_market,588000,technology,0.7346494022,0.7346494022,60,LOW,False
2026-07-08,60,510300,core_market,510880,defensive,0.0102348306,0.0102348306,60,LOW,False
2026-07-08,60,510500,mid_cap,512100,small_cap,0.9538572993,0.9538572993,60,HIGH,False
2026-07-08,60,510500,mid_cap,159915,growth,0.8814726614,0.8814726614,60,MEDIUM,False
2026-07-08,60,510500,mid_cap,588000,technology,0.8050598182,0.8050598182,60,MEDIUM,False
2026-07-08,60,510500,mid_cap,510880,defensive,-0.1556794081,0.1556794081,60,LOW,False
2026-07-08,60,512100,small_cap,159915,growth,0.853736229,0.853736229,60,MEDIUM,False
2026-07-08,60,512100,small_cap,588000,technology,0.7258589754,0.7258589754,60,LOW,False
2026-07-08,60,512100,small_cap,510880,defensive,-0.2144144418,0.2144144418,60,LOW,False
2026-07-08,60,159915,growth,588000,technology,0.73612711,0.73612711,60,LOW,False
2026-07-08,60,159915,growth,510880,defensive,-0.2278778638,0.2278778638,60,LOW,False
2026-07-08,60,588000,technology,510880,defensive,-0.2938540399,0.2938540399,60,LOW,False
2026-07-08,120,510300,core_market,510500,mid_cap,0.8162397651,0.8162397651,120,MEDIUM,False
2026-07-08,120,510300,core_market,512100,small_cap,0.7891358916,0.7891358916,120,MEDIUM,False
2026-07-08,120,510300,core_market,159915,growth,0.8565874436,0.8565874436,120,MEDIUM,False
2026-07-08,120,510300,core_market,588000,technology,0.7117214621,0.7117214621,120,LOW,False
2026-07-08,120,510300,core_market,510880,defensive,0.145049869,0.145049869,120,LOW,False
2026-07-08,120,510500,mid_cap,512100,small_cap,0.9611894448,0.9611894448,120,HIGH,False
2026-07-08,120,510500,mid_cap,159915,growth,0.8149816996,0.8149816996,120,MEDIUM,False
2026-07-08,120,510500,mid_cap,588000,technology,0.7934187837,0.7934187837,120,MEDIUM,False
2026-07-08,120,510500,mid_cap,510880,defensive,0.0132505102,0.0132505102,120,LOW,False
2026-07-08,120,512100,small_cap,159915,growth,0.81582959,0.81582959,120,MEDIUM,False
2026-07-08,120,512100,small_cap,588000,technology,0.7574816003,0.7574816003,120,MEDIUM,False
2026-07-08,120,512100,small_cap,510880,defensive,-0.0073425188,0.0073425188,120,LOW,False
2026-07-08,120,159915,growth,588000,technology,0.7644940087,0.7644940087,120,MEDIUM,False
2026-07-08,120,159915,growth,510880,defensive,-0.116398422,0.116398422,120,LOW,False
2026-07-08,120,588000,technology,510880,defensive,-0.235525367,0.235525367,120,LOW,False
