date,total_assets,cash,market_value,profit,profit_pct,positions_count,peak_assets,drawdown
2026-06-01,10000.0,10000.0,0.0,0.0,0.0,0,10000.0,0.0
2026-06-02,10000.0,10000.0,0.0,0.0,0.0,0,10000.0,0.0
2026-06-03,10000.0,10000.0,0.0,0.0,0.0,0,10000.0,0.0
2026-06-09,10000.0,10000.0,0.0,0.0,0.0,0,10000.0,0.0
2026-06-10,10000.0,10000.0,0.0,0.0,0.0,0,10000.0,0.0
2026-06-11,10000.0,10000.0,0.0,0.0,0.0,0,10000.0,0.0
2026-06-12,10000.0,10000.0,0.0,0.0,0.0,0,10000.0,0.0
2026-06-15,10000.0,10000.0,0.0,0.0,0.0,0,10000.0,0.0
2026-06-16,10000.0,10000.0,0.0,0.0,0.0,0,10000.0,0.0
2026-06-17,10000.0,10000.0,0.0,0.0,0.0,0,10000.0,0.0
2026-06-18,10000.0,10000.0,0.0,0.0,0.0,0,10000.0,0.0
2026-06-22,10000.0,10000.0,0.0,0.0,0.0,0,10000.0,0.0
2026-06-23,10000.0,10000.0,0.0,0.0,0.0,0,10000.0,0.0
2026-06-24,10000.0,10000.0,0.0,0.0,0.0,0,10000.0,0.0
