strategy,month,trade_count,gross_value,cost_total
adjusted_preview_baseline,2022-04,2,7874.6,10.0
adjusted_preview_baseline,2022-05,4,15088.8,20.0
adjusted_preview_baseline,2022-06,4,16236.9,20.0
adjusted_preview_baseline,2022-07,4,15743.4,20.0
adjusted_preview_baseline,2022-08,4,14998.8,20.0
adjusted_preview_baseline,2022-09,4,15102.8,20.0
adjusted_preview_baseline,2022-10,4,15030.2,20.0
adjusted_preview_baseline,2022-11,4,15433.4,20.0
adjusted_preview_baseline,2022-12,4,15295.8,20.0
adjusted_preview_baseline,2023-01,4,15576.099999999999,20.0
adjusted_preview_baseline,2023-02,4,15397.6,20.0
adjusted_preview_baseline,2023-03,4,14864.5,20.0
adjusted_preview_baseline,2023-04,4,15513.6,20.0
adjusted_preview_baseline,2023-05,4,15145.9,20.0
adjusted_preview_baseline,2023-06,4,15517.400000000001,20.0
adjusted_preview_baseline,2023-07,4,15470.1,20.0
adjusted_preview_baseline,2023-08,4,14875.4,20.0
adjusted_preview_baseline,2023-09,4,15284.4,20.0
adjusted_preview_baseline,2023-10,4,15122.4,20.0
adjusted_preview_baseline,2023-11,4,15350.5,20.0
adjusted_preview_baseline,2023-12,4,15080.9,20.0
adjusted_preview_baseline,2024-01,4,15013.4,20.0
adjusted_preview_baseline,2024-03,4,15881.5,20.0
adjusted_preview_baseline,2024-04,4,15239.4,20.0
adjusted_preview_baseline,2024-05,4,15559.8,20.0
adjusted_preview_baseline,2024-06,4,14919.4,20.0
adjusted_preview_baseline,2024-07,4,14950.0,20.0
adjusted_preview_baseline,2024-08,4,15442.1,20.0
adjusted_preview_baseline,2024-09,4,15319.2,20.0
adjusted_preview_baseline,2024-10,4,17386.5,20.0
adjusted_preview_baseline,2024-11,4,16270.0,20.0
adjusted_preview_baseline,2024-12,4,15230.4,20.0
adjusted_preview_baseline,2025-01,4,14739.1,20.0
adjusted_preview_baseline,2025-02,4,16329.2,20.0
adjusted_preview_baseline,2025-03,4,15498.8,20.0
adjusted_preview_baseline,2025-04,4,14578.4,20.0
adjusted_preview_baseline,2025-05,4,15530.0,20.0
adjusted_preview_baseline,2025-06,13,50284.1,65.0
adjusted_preview_baseline,2025-07,6,23860.5,30.0
adjusted_preview_baseline,2025-08,6,24604.4,30.0
adjusted_preview_baseline,2025-09,6,25846.8,30.0
adjusted_preview_baseline,2025-10,6,22732.0,30.0
adjusted_preview_baseline,2025-11,10,38144.3,50.0
adjusted_preview_baseline,2025-12,4,15281.2,20.0
adjusted_preview_baseline,2026-01,6,24941.2,30.0
adjusted_preview_baseline,2026-02,4,16024.5,20.0
adjusted_preview_baseline,2026-03,5,19053.5,25.0
adjusted_preview_baseline,2026-04,9,35002.3,45.0
adjusted_preview_baseline,2026-05,6,24139.5,30.0
adjusted_preview_baseline,2026-06,9,34616.1,45.0
buy_and_hold_510300,2022-04,1,11667.0,5.0
original_ranking_baseline,2022-04,2,7874.6,10.0
original_ranking_baseline,2022-05,4,15088.8,20.0
original_ranking_baseline,2022-06,4,16236.9,20.0
original_ranking_baseline,2022-07,4,15743.4,20.0
original_ranking_baseline,2022-08,4,14998.8,20.0
original_ranking_baseline,2022-09,4,15102.8,20.0
original_ranking_baseline,2022-10,4,15030.2,20.0
original_ranking_baseline,2022-11,4,15433.4,20.0
original_ranking_baseline,2022-12,4,15295.8,20.0
original_ranking_baseline,2023-01,4,15576.099999999999,20.0
original_ranking_baseline,2023-02,4,15397.6,20.0
original_ranking_baseline,2023-03,4,14864.5,20.0
original_ranking_baseline,2023-04,4,15513.6,20.0
original_ranking_baseline,2023-05,4,15145.9,20.0
original_ranking_baseline,2023-06,4,15517.400000000001,20.0
original_ranking_baseline,2023-07,4,15470.1,20.0
original_ranking_baseline,2023-08,4,14875.4,20.0
original_ranking_baseline,2023-09,4,15284.4,20.0
original_ranking_baseline,2023-10,4,15122.4,20.0
original_ranking_baseline,2023-11,4,15350.5,20.0
original_ranking_baseline,2023-12,4,15080.9,20.0
original_ranking_baseline,2024-01,4,15013.4,20.0
original_ranking_baseline,2024-03,4,15881.5,20.0
original_ranking_baseline,2024-04,4,15239.4,20.0
original_ranking_baseline,2024-05,4,15559.8,20.0
original_ranking_baseline,2024-06,4,14919.4,20.0
original_ranking_baseline,2024-07,4,14950.0,20.0
original_ranking_baseline,2024-08,4,15442.1,20.0
original_ranking_baseline,2024-09,4,15319.2,20.0
original_ranking_baseline,2024-10,4,17386.5,20.0
original_ranking_baseline,2024-11,4,16270.0,20.0
original_ranking_baseline,2024-12,4,15230.4,20.0
original_ranking_baseline,2025-01,4,14739.1,20.0
original_ranking_baseline,2025-02,4,16329.2,20.0
original_ranking_baseline,2025-03,4,15498.8,20.0
original_ranking_baseline,2025-04,4,14578.4,20.0
original_ranking_baseline,2025-05,4,15530.0,20.0
original_ranking_baseline,2025-06,13,50385.2,65.0
original_ranking_baseline,2025-07,6,24139.0,30.0
original_ranking_baseline,2025-08,4,16235.1,20.0
original_ranking_baseline,2025-09,6,24706.0,30.0
original_ranking_baseline,2025-10,8,32483.5,40.0
original_ranking_baseline,2025-11,8,30375.4,40.0
original_ranking_baseline,2025-12,4,15356.1,20.0
original_ranking_baseline,2026-01,6,25065.8,30.0
original_ranking_baseline,2026-02,4,16259.1,20.0
original_ranking_baseline,2026-03,5,18532.3,25.0
original_ranking_baseline,2026-04,11,42822.0,55.0
original_ranking_baseline,2026-05,6,23847.9,30.0
original_ranking_baseline,2026-06,9,34276.7,45.0
