code,name,group,role,preferred_strategy,quality_rating,recommendation,reason
510300,沪深300ETF,宽基,trade_pool,mid_trend,A,核心保留,宽基代表性强，适合mid_trend主框架和风格轮动
510500,中证500ETF,宽基,trade_pool,both,A,核心保留,宽基代表性强，适合mid_trend主框架和风格轮动
512100,中证1000ETF,宽基,trade_pool,both,A,核心保留,宽基代表性强，适合mid_trend主框架和风格轮动
159915,创业板ETF,宽基,trade_pool,both,A,核心保留,宽基代表性强，适合mid_trend主框架和风格轮动
588000,科创50ETF,宽基,trade_pool,both,A-,核心/卫星保留,成长弹性强，适合short_swing小仓补充，波动和回撤需限制
510050,上证50ETF,宽基,trade_pool,mid_trend,A,核心保留,宽基代表性强，适合mid_trend主框架和风格轮动
510180,上证180ETF,宽基,trade_pool,mid_trend,A-,保留,宽基补充，注意与沪深300/上证50/中证500冗余
159901,深100ETF,宽基,trade_pool,both,A,核心保留,宽基代表性强，适合mid_trend主框架和风格轮动
159949,创业板50ETF,宽基,trade_pool,short_swing,A-,核心/卫星保留,成长弹性强，适合short_swing小仓补充，波动和回撤需限制
588080,科创创业50ETF,宽基,trade_pool,both,A-,核心/卫星保留,成长弹性强，适合short_swing小仓补充，波动和回撤需限制
512880,证券ETF,金融地产,trade_pool,both,B+,保留但降权,金融链条周期性强，券商弹性高、银行偏防御，适合轮动但不宜过密重复
512800,银行ETF,金融地产,trade_pool,both,B+,保留但降权,金融链条周期性强，券商弹性高、银行偏防御，适合轮动但不宜过密重复
512200,房地产ETF,金融地产,trade_pool,short_swing,B,降权观察,地产政策弹性大但长期基本面和流动性波动高，只适合短线实验
510230,金融ETF,金融地产,trade_pool,both,B+,保留但降权,金融链条周期性强，券商弹性高、银行偏防御，适合轮动但不宜过密重复
159940,金融ETF,金融地产,trade_pool,both,B+,保留但降权,金融链条周期性强，券商弹性高、银行偏防御，适合轮动但不宜过密重复
512070,非银ETF,金融地产,trade_pool,both,B+,保留但降权,金融链条周期性强，券商弹性高、银行偏防御，适合轮动但不宜过密重复
515880,证券公司ETF,金融地产,trade_pool,short_swing,B+,保留但降权,金融链条周期性强，券商弹性高、银行偏防御，适合轮动但不宜过密重复
512010,医药ETF,消费医药,trade_pool,both,B+,保留,消费医药具备A股长期配置价值，但阶段性估值/政策/集采压力需要过滤
159929,医药ETF,消费医药,trade_pool,both,B+,保留,消费医药具备A股长期配置价值，但阶段性估值/政策/集采压力需要过滤
512170,医疗ETF,消费医药,trade_pool,short_swing,B+,保留,消费医药具备A股长期配置价值，但阶段性估值/政策/集采压力需要过滤
512690,酒ETF,消费医药,trade_pool,both,B+,保留,消费医药具备A股长期配置价值，但阶段性估值/政策/集采压力需要过滤
159928,消费ETF,消费医药,trade_pool,both,B+,保留,消费医药具备A股长期配置价值，但阶段性估值/政策/集采压力需要过滤
515650,消费50ETF,消费医药,trade_pool,both,B+,保留,消费医药具备A股长期配置价值，但阶段性估值/政策/集采压力需要过滤
159996,家电ETF,消费医药,trade_pool,both,B,保留观察,细分消费主题弹性有限或周期性强，适合作为辅助观察
515170,食品饮料ETF,消费医药,trade_pool,both,B+,保留,消费医药具备A股长期配置价值，但阶段性估值/政策/集采压力需要过滤
159736,食品ETF,消费医药,trade_pool,both,B+,保留,消费医药具备A股长期配置价值，但阶段性估值/政策/集采压力需要过滤
159766,旅游ETF,消费医药,trade_pool,short_swing,B,保留观察,细分消费主题弹性有限或周期性强，适合作为辅助观察
516110,汽车ETF,消费医药,trade_pool,both,B,保留观察,细分消费主题弹性有限或周期性强，适合作为辅助观察
512480,半导体ETF,科技成长,trade_pool,short_swing,A-,保留,科技成长是A股高弹性主线，适合short_swing，但主题拥挤和回撤要严格控制
512760,芯片ETF,科技成长,trade_pool,short_swing,A-,保留,科技成长是A股高弹性主线，适合short_swing，但主题拥挤和回撤要严格控制
159995,芯片ETF,科技成长,trade_pool,short_swing,A-,保留,科技成长是A股高弹性主线，适合short_swing，但主题拥挤和回撤要严格控制
588200,科创芯片ETF,科技成长,trade_pool,short_swing,A-,保留,科技成长是A股高弹性主线，适合short_swing，但主题拥挤和回撤要严格控制
515050,5GETF,科技成长,trade_pool,short_swing,B+,保留/去重,主题弹性足，但同质化较强，扩池时应控制相近指数数量
515000,科技ETF,科技成长,trade_pool,both,A-,保留,科技成长是A股高弹性主线，适合short_swing，但主题拥挤和回撤要严格控制
515230,软件ETF,科技成长,trade_pool,short_swing,B+,保留/去重,主题弹性足，但同质化较强，扩池时应控制相近指数数量
159819,人工智能ETF,科技成长,trade_pool,short_swing,A-,保留,科技成长是A股高弹性主线，适合short_swing，但主题拥挤和回撤要严格控制
515070,AIETF,科技成长,trade_pool,short_swing,A-,保留,科技成长是A股高弹性主线，适合short_swing，但主题拥挤和回撤要严格控制
159869,游戏ETF,科技成长,trade_pool,short_swing,B+,保留/去重,主题弹性足，但同质化较强，扩池时应控制相近指数数量
516510,云计算ETF,科技成长,trade_pool,short_swing,B+,保留/去重,主题弹性足，但同质化较强，扩池时应控制相近指数数量
512980,传媒ETF,科技成长,trade_pool,short_swing,B+,保留/去重,主题弹性足，但同质化较强，扩池时应控制相近指数数量
515790,光伏ETF,新能源制造,trade_pool,short_swing,B,保留但降权,新能源链波动大、产能周期强，适合反转/短 swing，不宜主仓
159857,光伏ETF,新能源制造,trade_pool,short_swing,B,保留但降权,新能源链波动大、产能周期强，适合反转/短 swing，不宜主仓
516160,新能源ETF,新能源制造,trade_pool,short_swing,B,保留但降权,新能源链波动大、产能周期强，适合反转/短 swing，不宜主仓
515700,新能源车ETF,新能源制造,trade_pool,short_swing,B,保留但降权,新能源链波动大、产能周期强，适合反转/短 swing，不宜主仓
159755,电池ETF,新能源制造,trade_pool,short_swing,B,保留但降权,新能源链波动大、产能周期强，适合反转/短 swing，不宜主仓
516390,新能源汽车ETF,新能源制造,trade_pool,short_swing,B,保留但降权,新能源链波动大、产能周期强，适合反转/短 swing，不宜主仓
516800,智能制造ETF,新能源制造,trade_pool,both,B,保留观察,制造主题可留，但需防主题过密
512660,军工ETF,新能源制造,trade_pool,both,B+,保留,军工/国防政策和周期属性独立，可作为轮动分散
512670,国防ETF,新能源制造,trade_pool,both,B+,保留,军工/国防政策和周期属性独立，可作为轮动分散
159806,新能源车电池ETF,新能源制造,trade_pool,short_swing,B,保留但降权,新能源链波动大、产能周期强，适合反转/短 swing，不宜主仓
512400,有色ETF,周期资源,trade_pool,short_swing,B+,保留,资源品受通胀、供给和政策驱动，适合周期轮动和短中期趋势
516780,稀土ETF,周期资源,trade_pool,short_swing,B+,保留,资源品受通胀、供给和政策驱动，适合周期轮动和短中期趋势
515220,煤炭ETF,周期资源,trade_pool,both,B+,保留,资源品受通胀、供给和政策驱动，适合周期轮动和短中期趋势
159930,能源ETF,周期资源,trade_pool,both,B+,保留,资源品受通胀、供给和政策驱动，适合周期轮动和短中期趋势
510410,资源ETF,周期资源,trade_pool,both,B+,保留,资源品受通胀、供给和政策驱动，适合周期轮动和短中期趋势
159865,养殖ETF,周期资源,trade_pool,short_swing,B,保留观察,农业养殖周期强，更多作为补充
159825,农业ETF,周期资源,trade_pool,both,B,保留观察,农业养殖周期强，更多作为补充
159876,有色金属ETF,周期资源,trade_pool,short_swing,B+,保留,资源品受通胀、供给和政策驱动，适合周期轮动和短中期趋势
510880,红利ETF,防御风格,trade_pool,mid_trend,A-,核心防御保留,红利/黄金适合A股震荡市防守和哑铃结构，mid_trend适配度高
512890,红利低波ETF,防御风格,trade_pool,mid_trend,A-,核心防御保留,红利/黄金适合A股震荡市防守和哑铃结构，mid_trend适配度高
515080,中证红利ETF,防御风格,trade_pool,mid_trend,A-,核心防御保留,红利/黄金适合A股震荡市防守和哑铃结构，mid_trend适配度高
159905,深红利ETF,防御风格,trade_pool,mid_trend,A-,核心防御保留,红利/黄金适合A股震荡市防守和哑铃结构，mid_trend适配度高
518880,黄金ETF,防御风格,trade_pool,mid_trend,A-,核心防御保留,红利/黄金适合A股震荡市防守和哑铃结构，mid_trend适配度高
513500,标普500ETF,QDII观察,observe_pool,observe,B+,保留观察,跨境资产有分散价值，但受额度、溢价、时差和汇率影响，不宜作为A股主策略核心
513100,纳指ETF,QDII观察,observe_pool,observe,B+,保留观察,跨境资产有分散价值，但受额度、溢价、时差和汇率影响，不宜作为A股主策略核心
513180,恒生科技ETF,QDII观察,observe_pool,observe,B+,保留观察,跨境资产有分散价值，但受额度、溢价、时差和汇率影响，不宜作为A股主策略核心
159920,恒生ETF,QDII观察,observe_pool,observe,B+,保留观察,跨境资产有分散价值，但受额度、溢价、时差和汇率影响，不宜作为A股主策略核心
513050,中概互联网ETF,QDII观察,observe_pool,observe,B+,保留观察,跨境资产有分散价值，但受额度、溢价、时差和汇率影响，不宜作为A股主策略核心
513060,恒生医疗ETF,QDII观察,observe_pool,observe,B+,保留观察,跨境资产有分散价值，但受额度、溢价、时差和汇率影响，不宜作为A股主策略核心
159941,纳指ETF,QDII观察,observe_pool,observe,B+,保留观察,跨境资产有分散价值，但受额度、溢价、时差和汇率影响，不宜作为A股主策略核心
511010,国债ETF,债券货币观察,observe_pool,observe,A-,保留观察/配置工具,防守与现金管理工具，适合风险过滤和资产轮动观察，非主攻交易资产
511260,十年国债ETF,债券货币观察,observe_pool,observe,A-,保留观察/配置工具,防守与现金管理工具，适合风险过滤和资产轮动观察，非主攻交易资产
511880,银华日利ETF,债券货币观察,observe_pool,observe,A-,保留观察/配置工具,防守与现金管理工具，适合风险过滤和资产轮动观察，非主攻交易资产
511990,华宝添益ETF,债券货币观察,observe_pool,observe,A-,保留观察/配置工具,防守与现金管理工具，适合风险过滤和资产轮动观察，非主攻交易资产
511360,短融ETF,债券货币观察,observe_pool,observe,A-,保留观察/配置工具,防守与现金管理工具，适合风险过滤和资产轮动观察，非主攻交易资产
159001,货币ETF,债券货币观察,observe_pool,observe,A-,保留观察/配置工具,防守与现金管理工具，适合风险过滤和资产轮动观察，非主攻交易资产
