symbol,jq_symbol,local_file,status,dry_run,jq_rows,local_existing_rows,overlap_rows,new_rows_to_add,final_rows_after_merge,start_date_after_merge,end_date_after_merge,volume_conversion_applied,close_conversion_applied,amount_conversion_applied,close_basis_check,written,failure_reason,final_action,quarantine_path,original_code,original_name,resolved_display_name
159301,159301.XSHE,data/etf_daily/sz_159301.csv,imported,no,241,0,0,241,241,2025-03-03,2026-02-27,volume * 1.00000000 (self-quality only),OHLC * 1.00000000 (self-quality only),"money -> amount, factor 1.0",self_quality_only,yes,ok,imported,,PENDING_UTILITY_01,公用事业ETF主流产品,公用事业ETF华夏
159302,159302.XSHE,data/etf_daily/sz_159302.csv,imported,no,241,0,0,241,241,2025-03-03,2026-02-27,volume * 1.00000000 (self-quality only),OHLC * 1.00000000 (self-quality only),"money -> amount, factor 1.0",self_quality_only,yes,ok,imported,,PENDING_HK_HIGHDIV_02,港股高股息ETF备选,港股高股息ETF银华
159315,159315.XSHE,data/etf_daily/sz_159315.csv,imported,no,241,0,0,241,241,2025-03-03,2026-02-27,volume * 1.00000000 (self-quality only),OHLC * 1.00000000 (self-quality only),"money -> amount, factor 1.0",self_quality_only,yes,ok,imported,,PENDING_GOLD_STOCK_01,黄金股ETF主流产品,黄金股ETF工银
159321,159321.XSHE,data/etf_daily/sz_159321.csv,imported,no,241,0,0,241,241,2025-03-03,2026-02-27,volume * 1.00000000 (self-quality only),OHLC * 1.00000000 (self-quality only),"money -> amount, factor 1.0",self_quality_only,yes,ok,imported,,PENDING_GOLD_STOCK_01,黄金股ETF主流产品,黄金股ETF华安
159327,159327.XSHE,data/etf_daily/sz_159327.csv,imported,no,241,0,0,241,241,2025-03-03,2026-02-27,volume * 1.00000000 (self-quality only),OHLC * 1.00000000 (self-quality only),"money -> amount, factor 1.0",self_quality_only,yes,ok,imported,,PENDING_SEMI_EQUIP_01,半导体设备ETF主流产品,半导体设备ETF万家
159332,159332.XSHE,data/etf_daily/sz_159332.csv,imported,no,241,0,0,241,241,2025-03-03,2026-02-27,volume * 1.00000000 (self-quality only),OHLC * 1.00000000 (self-quality only),"money -> amount, factor 1.0",self_quality_only,yes,ok,imported,,PENDING_CENTRAL_DIV_01,央企红利ETF主流产品,央企红利ETF富国
159333,159333.XSHE,data/etf_daily/sz_159333.csv,imported,no,241,0,0,241,241,2025-03-03,2026-02-27,volume * 1.00000000 (self-quality only),OHLC * 1.00000000 (self-quality only),"money -> amount, factor 1.0",self_quality_only,yes,ok,imported,,PENDING_CENTRAL_DIV_01,央企红利ETF主流产品,港股央企红利ETF万家
159336,159336.XSHE,data/etf_daily/sz_159336.csv,imported,no,241,0,0,241,241,2025-03-03,2026-02-27,volume * 1.00000000 (self-quality only),OHLC * 1.00000000 (self-quality only),"money -> amount, factor 1.0",self_quality_only,yes,ok,imported,,PENDING_CENTRAL_DIV_01,央企红利ETF主流产品,央企红利ETF融通
159338,159338.XSHE,data/etf_daily/sz_159338.csv,imported,no,241,0,0,241,241,2025-03-03,2026-02-27,volume * 1.00000000 (self-quality only),OHLC * 1.00000000 (self-quality only),"money -> amount, factor 1.0",self_quality_only,yes,ok,imported,,159338,国泰中证A500ETF,中证A500ETF国泰
159352,159352.XSHE,data/etf_daily/sz_159352.csv,imported,no,241,0,0,241,241,2025-03-03,2026-02-27,volume * 1.00000000 (self-quality only),OHLC * 1.00000000 (self-quality only),"money -> amount, factor 1.0",self_quality_only,yes,ok,imported,,159352,南方中证A500ETF,A500ETF南方
159363,159363.XSHE,data/etf_daily/sz_159363.csv,imported,no,241,0,0,241,241,2025-03-03,2026-02-27,volume * 1.00000000 (self-quality only),OHLC * 1.00000000 (self-quality only),"money -> amount, factor 1.0",self_quality_only,yes,ok,imported,,PENDING_AI_KCB_01,科创人工智能ETF主流产品,创业板人工智能ETF华宝
159395,159395.XSHE,data/etf_daily/sz_159395.csv,imported,no,241,0,0,241,241,2025-03-03,2026-02-27,volume * 1.00000000 (self-quality only),OHLC * 1.00000000 (self-quality only),"money -> amount, factor 1.0",self_quality_only,yes,ok,imported,,PENDING_CREDIT_BOND_01,信用债ETF主流产品,信用债ETF大成
159396,159396.XSHE,data/etf_daily/sz_159396.csv,imported,no,241,0,0,241,241,2025-03-03,2026-02-27,volume * 1.00000000 (self-quality only),OHLC * 1.00000000 (self-quality only),"money -> amount, factor 1.0",self_quality_only,yes,ok,imported,,PENDING_CREDIT_BOND_01,信用债ETF主流产品,信用债ETF博时
159398,159398.XSHE,data/etf_daily/sz_159398.csv,imported,no,241,0,0,241,241,2025-03-03,2026-02-27,volume * 1.00000000 (self-quality only),OHLC * 1.00000000 (self-quality only),"money -> amount, factor 1.0",self_quality_only,yes,ok,imported,,PENDING_CREDIT_BOND_01,信用债ETF主流产品,信用债ETF天弘
159516,159516.XSHE,data/etf_daily/sz_159516.csv,imported,no,241,0,0,241,241,2025-03-03,2026-02-27,volume * 1.00000000 (self-quality only),OHLC * 1.00000000 (self-quality only),"money -> amount, factor 1.0",self_quality_only,yes,ok,imported,,PENDING_SEMI_EQUIP_01,半导体设备ETF主流产品,半导体设备ETF国泰
159518,159518.XSHE,data/etf_daily/sz_159518.csv,imported,no,241,0,0,241,241,2025-03-03,2026-02-27,volume * 1.00000000 (self-quality only),OHLC * 1.00000000 (self-quality only),"money -> amount, factor 1.0",self_quality_only,yes,ok,imported,,PENDING_OILGAS_01,油气ETF主流产品,标普油气ETF嘉实
159531,159531.XSHE,data/etf_daily/sz_159531.csv,imported,no,241,0,0,241,241,2025-03-03,2026-02-27,volume * 1.00000000 (self-quality only),OHLC * 1.00000000 (self-quality only),"money -> amount, factor 1.0",self_quality_only,yes,ok,imported,,PENDING_CSI2000_01,中证2000ETF主流产品,中证2000ETF南方
159532,159532.XSHE,data/etf_daily/sz_159532.csv,imported,no,241,0,0,241,241,2025-03-03,2026-02-27,volume * 1.00000000 (self-quality only),OHLC * 1.00000000 (self-quality only),"money -> amount, factor 1.0",self_quality_only,yes,ok,imported,,PENDING_CSI2000_01,中证2000ETF主流产品,中证2000ETF易方达
159536,159536.XSHE,data/etf_daily/sz_159536.csv,imported,no,241,0,0,241,241,2025-03-03,2026-02-27,volume * 1.00000000 (self-quality only),OHLC * 1.00000000 (self-quality only),"money -> amount, factor 1.0",self_quality_only,yes,ok,imported,,PENDING_CSI2000_01,中证2000ETF主流产品,中证2000ETF汇添富
159538,159538.XSHE,data/etf_daily/sz_159538.csv,imported,no,241,0,0,241,241,2025-03-03,2026-02-27,volume * 1.00000000 (self-quality only),OHLC * 1.00000000 (self-quality only),"money -> amount, factor 1.0",self_quality_only,yes,ok,imported,,PENDING_XINCHUANG_01,信创ETF主流产品,信创ETF富国
159539,159539.XSHE,data/etf_daily/sz_159539.csv,imported,no,241,0,0,241,241,2025-03-03,2026-02-27,volume * 1.00000000 (self-quality only),OHLC * 1.00000000 (self-quality only),"money -> amount, factor 1.0",self_quality_only,yes,ok,imported,,PENDING_XINCHUANG_01,信创ETF主流产品,信创ETF广发
159540,159540.XSHE,data/etf_daily/sz_159540.csv,imported,no,241,0,0,241,241,2025-03-03,2026-02-27,volume * 1.00000000 (self-quality only),OHLC * 1.00000000 (self-quality only),"money -> amount, factor 1.0",self_quality_only,yes,ok,imported,,PENDING_XINCHUANG_01,信创ETF主流产品,信创ETF易方达
159545,159545.XSHE,data/etf_daily/sz_159545.csv,imported,no,241,0,0,241,241,2025-03-03,2026-02-27,volume * 1.00000000 (self-quality only),OHLC * 1.00000000 (self-quality only),"money -> amount, factor 1.0",self_quality_only,yes,ok,imported,,PENDING_QUALITY_LOWVOL_01,质量低波ETF主流产品,恒生红利低波ETF易方达
159547,159547.XSHE,data/etf_daily/sz_159547.csv,imported,no,241,0,0,241,241,2025-03-03,2026-02-27,volume * 1.00000000 (self-quality only),OHLC * 1.00000000 (self-quality only),"money -> amount, factor 1.0",self_quality_only,yes,ok,imported,,PENDING_QUALITY_LOWVOL_01,质量低波ETF主流产品,红利低波ETF华夏
159549,159549.XSHE,data/etf_daily/sz_159549.csv,imported,no,241,0,0,241,241,2025-03-03,2026-02-27,volume * 1.00000000 (self-quality only),OHLC * 1.00000000 (self-quality only),"money -> amount, factor 1.0",self_quality_only,yes,ok,imported,,PENDING_QUALITY_LOWVOL_01,质量低波ETF主流产品,红利低波ETF天弘
159551,159551.XSHE,data/etf_daily/sz_159551.csv,imported,no,241,0,0,241,241,2025-03-03,2026-02-27,volume * 1.00000000 (self-quality only),OHLC * 1.00000000 (self-quality only),"money -> amount, factor 1.0",self_quality_only,yes,ok,imported,,PENDING_ROBOT_50_01,机器人50ETF主流产品,机器人ETF国泰
159558,159558.XSHE,data/etf_daily/sz_159558.csv,imported,no,241,0,0,241,241,2025-03-03,2026-02-27,volume * 1.00000000 (self-quality only),OHLC * 1.00000000 (self-quality only),"money -> amount, factor 1.0",self_quality_only,yes,ok,imported,,PENDING_SEMI_EQUIP_01,半导体设备ETF主流产品,半导体设备ETF易方达
159559,159559.XSHE,data/etf_daily/sz_159559.csv,imported,no,241,0,0,241,241,2025-03-03,2026-02-27,volume * 1.00000000 (self-quality only),OHLC * 1.00000000 (self-quality only),"money -> amount, factor 1.0",self_quality_only,yes,ok,imported,,PENDING_ROBOT_50_01,机器人50ETF主流产品,机器人ETF景顺
159562,159562.XSHE,data/etf_daily/sz_159562.csv,imported,no,241,0,0,241,241,2025-03-03,2026-02-27,volume * 1.00000000 (self-quality only),OHLC * 1.00000000 (self-quality only),"money -> amount, factor 1.0",self_quality_only,yes,ok,imported,,PENDING_GOLD_STOCK_01,黄金股ETF主流产品,黄金股ETF华夏
159593,159593.XSHE,data/etf_daily/sz_159593.csv,imported,no,241,0,0,241,241,2025-03-03,2026-02-27,volume * 1.00000000 (self-quality only),OHLC * 1.00000000 (self-quality only),"money -> amount, factor 1.0",self_quality_only,yes,ok,imported,,159593,中证A50ETF,中证A50ETF平安
159595,159595.XSHE,data/etf_daily/sz_159595.csv,imported,no,241,0,0,241,241,2025-03-03,2026-02-27,volume * 1.00000000 (self-quality only),OHLC * 1.00000000 (self-quality only),"money -> amount, factor 1.0",self_quality_only,yes,ok,imported,,PENDING_A50_01,中证A50ETF备选,中证A50ETF大成
159608,159608.XSHE,data/etf_daily/sz_159608.csv,imported,no,241,0,0,241,241,2025-03-03,2026-02-27,volume * 1.00000000 (self-quality only),OHLC * 1.00000000 (self-quality only),"money -> amount, factor 1.0",self_quality_only,yes,ok,imported,,PENDING_RARE_METAL_01,稀有金属ETF主流产品,稀有金属ETF广发
159611,159611.XSHE,data/etf_daily/sz_159611.csv,imported,no,241,0,0,241,241,2025-03-03,2026-02-27,volume * 1.00000000 (self-quality only),OHLC * 1.00000000 (self-quality only),"money -> amount, factor 1.0",self_quality_only,yes,ok,imported,,PENDING_POWER_01,电力ETF主流产品,电力ETF广发
159613,159613.XSHE,data/etf_daily/sz_159613.csv,imported,no,241,0,0,241,241,2025-03-03,2026-02-27,volume * 1.00000000 (self-quality only),OHLC * 1.00000000 (self-quality only),"money -> amount, factor 1.0",self_quality_only,yes,ok,imported,,PENDING_INFOSAFE_01,信息安全ETF主流产品,信息安全ETF嘉实
159615,159615.XSHE,data/etf_daily/sz_159615.csv,imported,no,241,0,0,241,241,2025-03-03,2026-02-27,volume * 1.00000000 (self-quality only),OHLC * 1.00000000 (self-quality only),"money -> amount, factor 1.0",self_quality_only,yes,ok,imported,,PENDING_HK_BIOTECH_01,恒生生物科技ETF主流产品,恒生生物科技ETF南方
159625,159625.XSHE,data/etf_daily/sz_159625.csv,imported,no,241,0,0,241,241,2025-03-03,2026-02-27,volume * 1.00000000 (self-quality only),OHLC * 1.00000000 (self-quality only),"money -> amount, factor 1.0",self_quality_only,yes,ok,imported,,PENDING_POWER_01,电力ETF主流产品,绿色电力ETF嘉实
159638,159638.XSHE,data/etf_daily/sz_159638.csv,imported,no,241,0,0,241,241,2025-03-03,2026-02-27,volume * 1.00000000 (self-quality only),OHLC * 1.00000000 (self-quality only),"money -> amount, factor 1.0",self_quality_only,yes,ok,imported,,PENDING_HIGH_END_EQUIP_01,高端装备ETF主流产品,高端装备ETF嘉实
159658,159658.XSHE,data/etf_daily/sz_159658.csv,imported,no,241,0,0,241,241,2025-03-03,2026-02-27,volume * 1.00000000 (self-quality only),OHLC * 1.00000000 (self-quality only),"money -> amount, factor 1.0",self_quality_only,yes,ok,imported,,PENDING_DIGITAL_ECON_01,数字经济ETF主流产品,数字经济ETF华安
159663,159663.XSHE,data/etf_daily/sz_159663.csv,imported,no,241,0,0,241,241,2025-03-03,2026-02-27,volume * 1.00000000 (self-quality only),OHLC * 1.00000000 (self-quality only),"money -> amount, factor 1.0",self_quality_only,yes,ok,imported,,PENDING_MACHINE_TOOL_01,工业母机ETF主流产品,机床ETF华夏
159667,159667.XSHE,data/etf_daily/sz_159667.csv,imported,no,241,0,0,241,241,2025-03-03,2026-02-27,volume * 1.00000000 (self-quality only),OHLC * 1.00000000 (self-quality only),"money -> amount, factor 1.0",self_quality_only,yes,ok,imported,,PENDING_MACHINE_TOOL_01,工业母机ETF主流产品,工业母机ETF国泰
159669,159669.XSHE,data/etf_daily/sz_159669.csv,imported,no,241,0,0,241,241,2025-03-03,2026-02-27,volume * 1.00000000 (self-quality only),OHLC * 1.00000000 (self-quality only),"money -> amount, factor 1.0",self_quality_only,yes,ok,imported,,PENDING_GREEN_POWER_01,绿电ETF主流产品,绿色电力ETF国泰
159671,159671.XSHE,data/etf_daily/sz_159671.csv,imported,no,241,0,0,241,241,2025-03-03,2026-02-27,volume * 1.00000000 (self-quality only),OHLC * 1.00000000 (self-quality only),"money -> amount, factor 1.0",self_quality_only,yes,ok,imported,,PENDING_RARE_METAL_01,稀有金属ETF主流产品,稀有金属ETF工银
159697,159697.XSHE,data/etf_daily/sz_159697.csv,imported,no,241,0,0,241,241,2025-03-03,2026-02-27,volume * 1.00000000 (self-quality only),OHLC * 1.00000000 (self-quality only),"money -> amount, factor 1.0",self_quality_only,yes,ok,imported,,PENDING_OILGAS_01,油气ETF主流产品,石油ETF鹏华
159699,159699.XSHE,data/etf_daily/sz_159699.csv,imported,no,241,0,0,241,241,2025-03-03,2026-02-27,volume * 1.00000000 (self-quality only),OHLC * 1.00000000 (self-quality only),"money -> amount, factor 1.0",self_quality_only,yes,ok,imported,,PENDING_HK_CONSUME_01,港股消费ETF主流产品,恒生消费ETF广发
159703,159703.XSHE,data/etf_daily/sz_159703.csv,imported,no,241,0,0,241,241,2025-03-03,2026-02-27,volume * 1.00000000 (self-quality only),OHLC * 1.00000000 (self-quality only),"money -> amount, factor 1.0",self_quality_only,yes,ok,imported,,PENDING_NEW_MATERIAL_01,新材料ETF主流产品,新材料ETF天弘
159717,159717.XSHE,data/etf_daily/sz_159717.csv,imported,no,241,0,0,241,241,2025-03-03,2026-02-27,volume * 1.00000000 (self-quality only),OHLC * 1.00000000 (self-quality only),"money -> amount, factor 1.0",self_quality_only,yes,ok,imported,,PENDING_ESG_01,ESG ETF主流产品,ESGETF鹏华
159726,159726.XSHE,data/etf_daily/sz_159726.csv,imported,no,241,0,0,241,241,2025-03-03,2026-02-27,volume * 1.00000000 (self-quality only),OHLC * 1.00000000 (self-quality only),"money -> amount, factor 1.0",self_quality_only,yes,ok,imported,,PENDING_HK_HIGHDIV_02,港股高股息ETF备选,港股通高股息ETF华夏
159732,159732.XSHE,data/etf_daily/sz_159732.csv,imported,no,241,0,0,241,241,2025-03-03,2026-02-27,volume * 1.00000000 (self-quality only),OHLC * 1.00000000 (self-quality only),"money -> amount, factor 1.0",self_quality_only,yes,ok,imported,,PENDING_ELECTRONICS_01,电子ETF主流产品,消费电子ETF华夏
159735,159735.XSHE,data/etf_daily/sz_159735.csv,imported,no,241,0,0,241,241,2025-03-03,2026-02-27,volume * 1.00000000 (self-quality only),OHLC * 1.00000000 (self-quality only),"money -> amount, factor 1.0",self_quality_only,yes,ok,imported,,PENDING_HK_CONSUME_01,港股消费ETF主流产品,港股消费ETF银华
159745,159745.XSHE,data/etf_daily/sz_159745.csv,imported,no,241,0,0,241,241,2025-03-03,2026-02-27,volume * 1.00000000 (self-quality only),OHLC * 1.00000000 (self-quality only),"money -> amount, factor 1.0",self_quality_only,yes,ok,imported,,PENDING_BUILDING_MATERIAL_01,建材ETF主流产品,建材ETF国泰
159758,159758.XSHE,data/etf_daily/sz_159758.csv,imported,no,241,0,0,241,241,2025-03-03,2026-02-27,volume * 1.00000000 (self-quality only),OHLC * 1.00000000 (self-quality only),"money -> amount, factor 1.0",self_quality_only,yes,ok,imported,,PENDING_DIV_QUALITY_02,红利质量ETF备选,红利质量ETF华夏
159763,159763.XSHE,data/etf_daily/sz_159763.csv,imported,no,241,0,0,241,241,2025-03-03,2026-02-27,volume * 1.00000000 (self-quality only),OHLC * 1.00000000 (self-quality only),"money -> amount, factor 1.0",self_quality_only,yes,ok,imported,,PENDING_NEW_MATERIAL_01,新材料ETF主流产品,新材料ETF建信
159770,159770.XSHE,data/etf_daily/sz_159770.csv,imported,no,241,0,0,241,241,2025-03-03,2026-02-27,volume * 1.00000000 (self-quality only),OHLC * 1.00000000 (self-quality only),"money -> amount, factor 1.0",self_quality_only,yes,ok,imported,,159770,机器人ETF,机器人ETF天弘
159787,159787.XSHE,data/etf_daily/sz_159787.csv,imported,no,241,0,0,241,241,2025-03-03,2026-02-27,volume * 1.00000000 (self-quality only),OHLC * 1.00000000 (self-quality only),"money -> amount, factor 1.0",self_quality_only,yes,ok,imported,,PENDING_BUILDING_MATERIAL_01,建材ETF主流产品,建材ETF易方达
159791,159791.XSHE,data/etf_daily/sz_159791.csv,imported,no,241,0,0,241,241,2025-03-03,2026-02-27,volume * 1.00000000 (self-quality only),OHLC * 1.00000000 (self-quality only),"money -> amount, factor 1.0",self_quality_only,yes,ok,imported,,PENDING_ESG_01,ESG ETF主流产品,300ESGETF华夏
159795,159795.XSHE,data/etf_daily/sz_159795.csv,imported,no,241,0,0,241,241,2025-03-03,2026-02-27,volume * 1.00000000 (self-quality only),OHLC * 1.00000000 (self-quality only),"money -> amount, factor 1.0",self_quality_only,yes,ok,imported,,PENDING_AUTONOMOUS_01,智能汽车ETF主流产品,智能汽车ETF汇添富
159797,159797.XSHE,data/etf_daily/sz_159797.csv,imported,no,241,0,0,241,241,2025-03-03,2026-02-27,volume * 1.00000000 (self-quality only),OHLC * 1.00000000 (self-quality only),"money -> amount, factor 1.0",self_quality_only,yes,ok,imported,,PENDING_MED_DEVICE_01,医疗器械ETF主流产品,医疗器械ETF汇添富
159835,159835.XSHE,data/etf_daily/sz_159835.csv,imported,no,241,0,0,241,241,2025-03-03,2026-02-27,volume * 1.00000000 (self-quality only),OHLC * 1.00000000 (self-quality only),"money -> amount, factor 1.0",self_quality_only,yes,ok,imported,,159835,建信创新药ETF,创新药ETF建信
159840,159840.XSHE,data/etf_daily/sz_159840.csv,imported,no,241,0,0,241,241,2025-03-03,2026-02-27,volume * 1.00000000 (self-quality only),OHLC * 1.00000000 (self-quality only),"money -> amount, factor 1.0",self_quality_only,yes,ok,imported,,PENDING_LITHIUM_01,锂电材料ETF主流产品,锂电池ETF工银
159858,159858.XSHE,data/etf_daily/sz_159858.csv,imported,no,241,0,0,241,241,2025-03-03,2026-02-27,volume * 1.00000000 (self-quality only),OHLC * 1.00000000 (self-quality only),"money -> amount, factor 1.0",self_quality_only,yes,ok,imported,,159858,南方创新药ETF,创新药ETF南方
159870,159870.XSHE,data/etf_daily/sz_159870.csv,imported,no,241,0,0,241,241,2025-03-03,2026-02-27,volume * 1.00000000 (self-quality only),OHLC * 1.00000000 (self-quality only),"money -> amount, factor 1.0",self_quality_only,yes,ok,imported,,159870,化工ETF,化工ETF鹏华
159883,159883.XSHE,data/etf_daily/sz_159883.csv,imported,no,241,0,0,241,241,2025-03-03,2026-02-27,volume * 1.00000000 (self-quality only),OHLC * 1.00000000 (self-quality only),"money -> amount, factor 1.0",self_quality_only,yes,ok,imported,,PENDING_MED_DEVICE_01,医疗器械ETF主流产品,医疗器械ETF永赢
159888,159888.XSHE,data/etf_daily/sz_159888.csv,imported,no,241,0,0,241,241,2025-03-03,2026-02-27,volume * 1.00000000 (self-quality only),OHLC * 1.00000000 (self-quality only),"money -> amount, factor 1.0",self_quality_only,yes,ok,imported,,PENDING_AUTONOMOUS_01,智能汽车ETF主流产品,智能汽车ETF华夏
159889,159889.XSHE,data/etf_daily/sz_159889.csv,imported,no,241,0,0,241,241,2025-03-03,2026-02-27,volume * 1.00000000 (self-quality only),OHLC * 1.00000000 (self-quality only),"money -> amount, factor 1.0",self_quality_only,yes,ok,imported,,PENDING_AUTONOMOUS_01,智能汽车ETF主流产品,智能汽车ETF国泰
159898,159898.XSHE,data/etf_daily/sz_159898.csv,imported,no,241,0,0,241,241,2025-03-03,2026-02-27,volume * 1.00000000 (self-quality only),OHLC * 1.00000000 (self-quality only),"money -> amount, factor 1.0",self_quality_only,yes,ok,imported,,PENDING_MED_DEVICE_01,医疗器械ETF主流产品,医疗器械ETF招商
159954,159954.XSHE,data/etf_daily/sz_159954.csv,imported,no,241,0,0,241,241,2025-03-03,2026-02-27,volume * 1.00000000 (self-quality only),OHLC * 1.00000000 (self-quality only),"money -> amount, factor 1.0",self_quality_only,yes,ok,imported,,PENDING_STATE_OWNED_01,国企ETF主流产品,恒生中国企业ETF南方
159992,159992.XSHE,data/etf_daily/sz_159992.csv,imported,no,241,0,0,241,241,2025-03-03,2026-02-27,volume * 1.00000000 (self-quality only),OHLC * 1.00000000 (self-quality only),"money -> amount, factor 1.0",self_quality_only,yes,ok,imported,,159992,银华创新药ETF,创新药ETF银华
159997,159997.XSHE,data/etf_daily/sz_159997.csv,imported,no,241,0,0,241,241,2025-03-03,2026-02-27,volume * 1.00000000 (self-quality only),OHLC * 1.00000000 (self-quality only),"money -> amount, factor 1.0",self_quality_only,yes,ok,imported,,PENDING_ELECTRONICS_01,电子ETF主流产品,电子ETF天弘
510060,510060.XSHG,data/etf_daily/sh_510060.csv,imported,no,241,0,0,241,241,2025-03-03,2026-02-27,volume * 1.00000000 (self-quality only),OHLC * 1.00000000 (self-quality only),"money -> amount, factor 1.0",self_quality_only,yes,ok,imported,,PENDING_STATE_OWNED_01,国企ETF主流产品,央企ETF
510270,510270.XSHG,data/etf_daily/sh_510270.csv,imported,no,241,0,0,241,241,2025-03-03,2026-02-27,volume * 1.00000000 (self-quality only),OHLC * 1.00000000 (self-quality only),"money -> amount, factor 1.0",self_quality_only,yes,ok,imported,,PENDING_STATE_OWNED_01,国企ETF主流产品,国企ETF
511030,511030.XSHG,data/etf_daily/sh_511030.csv,imported,no,241,0,0,241,241,2025-03-03,2026-02-27,volume * 1.00000000 (self-quality only),OHLC * 1.00000000 (self-quality only),"money -> amount, factor 1.0",self_quality_only,yes,ok,imported,,511030,公司债ETF,
511090,511090.XSHG,data/etf_daily/sh_511090.csv,imported,no,241,0,0,241,241,2025-03-03,2026-02-27,volume * 1.00000000 (self-quality only),OHLC * 1.00000000 (self-quality only),"money -> amount, factor 1.0",self_quality_only,yes,ok,imported,,511090,30年国债ETF,
511380,511380.XSHG,data/etf_daily/sh_511380.csv,imported,no,241,0,0,241,241,2025-03-03,2026-02-27,volume * 1.00000000 (self-quality only),OHLC * 1.00000000 (self-quality only),"money -> amount, factor 1.0",self_quality_only,yes,ok,imported,,511380,可转债ETF,转债ETF
511520,511520.XSHG,data/etf_daily/sh_511520.csv,imported,no,241,0,0,241,241,2025-03-03,2026-02-27,volume * 1.00000000 (self-quality only),OHLC * 1.00000000 (self-quality only),"money -> amount, factor 1.0",self_quality_only,yes,ok,imported,,511520,政金债ETF,政金债
511600,511600.XSHG,data/etf_daily/sh_511600.csv,imported,no,241,0,0,241,241,2025-03-03,2026-02-27,volume * 1.00000000 (self-quality only),OHLC * 1.00000000 (self-quality only),"money -> amount, factor 1.0",self_quality_only,yes,ok,imported,,PENDING_CASH_01,现金管理ETF备选,货币ETF
511690,511690.XSHG,data/etf_daily/sh_511690.csv,imported,no,241,0,0,241,241,2025-03-03,2026-02-27,volume * 1.00000000 (self-quality only),OHLC * 1.00000000 (self-quality only),"money -> amount, factor 1.0",self_quality_only,yes,ok,imported,,PENDING_CASH_01,现金管理ETF备选,交易货币ETF大成
512050,512050.XSHG,data/etf_daily/sh_512050.csv,imported,no,241,0,0,241,241,2025-03-03,2026-02-27,volume * 1.00000000 (self-quality only),OHLC * 1.00000000 (self-quality only),"money -> amount, factor 1.0",self_quality_only,yes,ok,imported,,512050,华夏中证A500ETF,
513030,513030.XSHG,data/etf_daily/sh_513030.csv,imported,no,241,0,0,241,241,2025-03-03,2026-02-27,volume * 1.00000000 (self-quality only),OHLC * 1.00000000 (self-quality only),"money -> amount, factor 1.0",self_quality_only,yes,ok,imported,,513030,德国ETF,德国ETF
513120,513120.XSHG,data/etf_daily/sh_513120.csv,imported,no,241,0,0,241,241,2025-03-03,2026-02-27,volume * 1.00000000 (self-quality only),OHLC * 1.00000000 (self-quality only),"money -> amount, factor 1.0",self_quality_only,yes,ok,imported,,513120,港股创新药ETF,
513130,513130.XSHG,data/etf_daily/sh_513130.csv,imported,no,241,0,0,241,241,2025-03-03,2026-02-27,volume * 1.00000000 (self-quality only),OHLC * 1.00000000 (self-quality only),"money -> amount, factor 1.0",self_quality_only,yes,ok,imported,,513130,恒生科技ETF,
513150,513150.XSHG,data/etf_daily/sh_513150.csv,imported,no,241,0,0,241,241,2025-03-03,2026-02-27,volume * 1.00000000 (self-quality only),OHLC * 1.00000000 (self-quality only),"money -> amount, factor 1.0",self_quality_only,yes,ok,imported,,513150,港股科技ETF,
513330,513330.XSHG,data/etf_daily/sh_513330.csv,imported,no,241,0,0,241,241,2025-03-03,2026-02-27,volume * 1.00000000 (self-quality only),OHLC * 1.00000000 (self-quality only),"money -> amount, factor 1.0",self_quality_only,yes,ok,imported,,513330,恒生互联网ETF,
513520,513520.XSHG,data/etf_daily/sh_513520.csv,imported,no,241,0,0,241,241,2025-03-03,2026-02-27,volume * 1.00000000 (self-quality only),OHLC * 1.00000000 (self-quality only),"money -> amount, factor 1.0",self_quality_only,yes,ok,imported,,513520,日经ETF,日经ETF
513880,513880.XSHG,data/etf_daily/sh_513880.csv,imported,no,241,0,0,241,241,2025-03-03,2026-02-27,volume * 1.00000000 (self-quality only),OHLC * 1.00000000 (self-quality only),"money -> amount, factor 1.0",self_quality_only,yes,ok,imported,,513880,日经225ETF,
515120,515120.XSHG,data/etf_daily/sh_515120.csv,imported,no,241,0,0,241,241,2025-03-03,2026-02-27,volume * 1.00000000 (self-quality only),OHLC * 1.00000000 (self-quality only),"money -> amount, factor 1.0",self_quality_only,yes,ok,imported,,515120,广发创新药ETF,
515210,515210.XSHG,data/etf_daily/sh_515210.csv,imported,no,241,0,0,241,241,2025-03-03,2026-02-27,volume * 1.00000000 (self-quality only),OHLC * 1.00000000 (self-quality only),"money -> amount, factor 1.0",self_quality_only,yes,ok,imported,,PENDING_STEEL_01,钢铁ETF主流产品,钢铁ETF
515260,515260.XSHG,data/etf_daily/sh_515260.csv,imported,no,241,0,0,241,241,2025-03-03,2026-02-27,volume * 1.00000000 (self-quality only),OHLC * 1.00000000 (self-quality only),"money -> amount, factor 1.0",self_quality_only,yes,ok,imported,,PENDING_ELECTRONICS_01,电子ETF主流产品,电子ETF
515630,515630.XSHG,data/etf_daily/sh_515630.csv,imported,no,241,0,0,241,241,2025-03-03,2026-02-27,volume * 1.00000000 (self-quality only),OHLC * 1.00000000 (self-quality only),"money -> amount, factor 1.0",self_quality_only,yes,ok,imported,,PENDING_INSURANCE_01,保险ETF主流产品,保险证券
516020,516020.XSHG,data/etf_daily/sh_516020.csv,imported,no,241,0,0,241,241,2025-03-03,2026-02-27,volume * 1.00000000 (self-quality only),OHLC * 1.00000000 (self-quality only),"money -> amount, factor 1.0",self_quality_only,yes,ok,imported,,516020,化工ETF,化工ETF
516080,516080.XSHG,data/etf_daily/sh_516080.csv,imported,no,241,0,0,241,241,2025-03-03,2026-02-27,volume * 1.00000000 (self-quality only),OHLC * 1.00000000 (self-quality only),"money -> amount, factor 1.0",self_quality_only,yes,ok,imported,,516080,易方达创新药ETF,
516360,516360.XSHG,data/etf_daily/sh_516360.csv,imported,no,241,0,0,241,241,2025-03-03,2026-02-27,volume * 1.00000000 (self-quality only),OHLC * 1.00000000 (self-quality only),"money -> amount, factor 1.0",self_quality_only,yes,ok,imported,,PENDING_NEW_MATERIAL_01,新材料ETF主流产品,新材料ETF
516720,516720.XSHG,data/etf_daily/sh_516720.csv,imported,no,241,0,0,241,241,2025-03-03,2026-02-27,volume * 1.00000000 (self-quality only),OHLC * 1.00000000 (self-quality only),"money -> amount, factor 1.0",self_quality_only,yes,ok,imported,,PENDING_ESG_01,ESG ETF主流产品,ESGETF
516750,516750.XSHG,data/etf_daily/sh_516750.csv,imported,no,241,0,0,241,241,2025-03-03,2026-02-27,volume * 1.00000000 (self-quality only),OHLC * 1.00000000 (self-quality only),"money -> amount, factor 1.0",self_quality_only,yes,ok,imported,,PENDING_BUILDING_MATERIAL_01,建材ETF主流产品,建材ETF
520550,520550.XSHG,data/etf_daily/sh_520550.csv,imported,no,241,0,0,241,241,2025-03-03,2026-02-27,volume * 1.00000000 (self-quality only),OHLC * 1.00000000 (self-quality only),"money -> amount, factor 1.0",self_quality_only,yes,ok,imported,,520550,港股红利低波ETF,
560510,560510.XSHG,data/etf_daily/sh_560510.csv,imported,no,241,0,0,241,241,2025-03-03,2026-02-27,volume * 1.00000000 (self-quality only),OHLC * 1.00000000 (self-quality only),"money -> amount, factor 1.0",self_quality_only,yes,ok,imported,,560510,泰康中证A500ETF,中证A500ETF
561360,561360.XSHG,data/etf_daily/sh_561360.csv,imported,no,241,0,0,241,241,2025-03-03,2026-02-27,volume * 1.00000000 (self-quality only),OHLC * 1.00000000 (self-quality only),"money -> amount, factor 1.0",self_quality_only,yes,ok,imported,,PENDING_OILGAS_01,油气ETF主流产品,石油ETF
561560,561560.XSHG,data/etf_daily/sh_561560.csv,imported,no,241,0,0,241,241,2025-03-03,2026-02-27,volume * 1.00000000 (self-quality only),OHLC * 1.00000000 (self-quality only),"money -> amount, factor 1.0",self_quality_only,yes,ok,imported,,PENDING_POWER_01,电力ETF主流产品,电力ETF
562500,562500.XSHG,data/etf_daily/sh_562500.csv,imported,no,241,0,0,241,241,2025-03-03,2026-02-27,volume * 1.00000000 (self-quality only),OHLC * 1.00000000 (self-quality only),"money -> amount, factor 1.0",self_quality_only,yes,ok,imported,,562500,机器人ETF华夏,
562550,562550.XSHG,data/etf_daily/sh_562550.csv,imported,no,241,0,0,241,241,2025-03-03,2026-02-27,volume * 1.00000000 (self-quality only),OHLC * 1.00000000 (self-quality only),"money -> amount, factor 1.0",self_quality_only,yes,ok,imported,,PENDING_GREEN_POWER_01,绿电ETF主流产品,绿电ETF
562920,562920.XSHG,data/etf_daily/sh_562920.csv,imported,no,241,0,0,241,241,2025-03-03,2026-02-27,volume * 1.00000000 (self-quality only),OHLC * 1.00000000 (self-quality only),"money -> amount, factor 1.0",self_quality_only,yes,ok,imported,,PENDING_INFOSAFE_01,信息安全ETF主流产品,信息安全
563360,563360.XSHG,data/etf_daily/sh_563360.csv,imported,no,241,0,0,241,241,2025-03-03,2026-02-27,volume * 1.00000000 (self-quality only),OHLC * 1.00000000 (self-quality only),"money -> amount, factor 1.0",self_quality_only,yes,ok,imported,,563360,华泰柏瑞中证A500ETF,
563800,563800.XSHG,data/etf_daily/sh_563800.csv,imported,no,241,0,0,241,241,2025-03-03,2026-02-27,volume * 1.00000000 (self-quality only),OHLC * 1.00000000 (self-quality only),"money -> amount, factor 1.0",self_quality_only,yes,ok,imported,,563800,广发中证A500ETF,
588030,588030.XSHG,data/etf_daily/sh_588030.csv,imported,no,241,0,0,241,241,2025-03-03,2026-02-27,volume * 1.00000000 (self-quality only),OHLC * 1.00000000 (self-quality only),"money -> amount, factor 1.0",self_quality_only,yes,ok,imported,,588030,博时科创100ETF,
588120,588120.XSHG,data/etf_daily/sh_588120.csv,imported,no,241,0,0,241,241,2025-03-03,2026-02-27,volume * 1.00000000 (self-quality only),OHLC * 1.00000000 (self-quality only),"money -> amount, factor 1.0",self_quality_only,yes,ok,imported,,588120,国泰科创100ETF,科100ETF
588190,588190.XSHG,data/etf_daily/sh_588190.csv,imported,no,241,0,0,241,241,2025-03-03,2026-02-27,volume * 1.00000000 (self-quality only),OHLC * 1.00000000 (self-quality only),"money -> amount, factor 1.0",self_quality_only,yes,ok,imported,,588190,银华科创100ETF,
588220,588220.XSHG,data/etf_daily/sh_588220.csv,imported,no,241,0,0,241,241,2025-03-03,2026-02-27,volume * 1.00000000 (self-quality only),OHLC * 1.00000000 (self-quality only),"money -> amount, factor 1.0",self_quality_only,yes,ok,imported,,588220,科创100ETF基金,
588800,588800.XSHG,data/etf_daily/sh_588800.csv,imported,no,241,0,0,241,241,2025-03-03,2026-02-27,volume * 1.00000000 (self-quality only),OHLC * 1.00000000 (self-quality only),"money -> amount, factor 1.0",self_quality_only,yes,ok,imported,,588800,华夏科创100ETF,
159053,159053.XSHE,data/etf_daily/sz_159053.csv,failed_validation,no,0,0,0,0,0,,,,,,,no,bad OHLC rows: 241; volume negative or invalid rows: 241; money negative or invalid rows: 241,quarantined,data/staging/jqdata_expanded_failed/159053.XSHE.csv,PENDING_RARE_METAL_01,稀有金属ETF主流产品,稀有金属ETF华夏
159105,159105.XSHE,data/etf_daily/sz_159105.csv,failed_validation,no,0,0,0,0,0,,,,,,,no,bad OHLC rows: 164; volume negative or invalid rows: 164; money negative or invalid rows: 164,quarantined,data/staging/jqdata_expanded_failed/159105.XSHE.csv,PENDING_HK_BIOTECH_01,恒生生物科技ETF主流产品,恒生生物科技ETF易方达
159119,159119.XSHE,data/etf_daily/sz_159119.csv,failed_validation,no,0,0,0,0,0,,,,,,,no,bad OHLC rows: 172; volume negative or invalid rows: 172; money negative or invalid rows: 172,quarantined,data/staging/jqdata_expanded_failed/159119.XSHE.csv,159119,800现金流ETF,800现金流ETF招商
159130,159130.XSHE,data/etf_daily/sz_159130.csv,failed_validation,no,0,0,0,0,0,,,,,,,no,bad OHLC rows: 182; volume negative or invalid rows: 182; money negative or invalid rows: 182,quarantined,data/staging/jqdata_expanded_failed/159130.XSHE.csv,PENDING_HK_BIOTECH_01,恒生生物科技ETF主流产品,恒生生物科技ETF鹏华
159159,159159.XSHE,data/etf_daily/sz_159159.csv,failed_validation,no,0,0,0,0,0,,,,,,,no,bad OHLC rows: 235; volume negative or invalid rows: 235; money negative or invalid rows: 235,quarantined,data/staging/jqdata_expanded_failed/159159.XSHE.csv,PENDING_UTILITY_01,公用事业ETF主流产品,公用事业ETF国投瑞银
159207,159207.XSHE,data/etf_daily/sz_159207.csv,failed_validation,no,0,0,0,0,0,,,,,,,no,bad OHLC rows: 26; volume negative or invalid rows: 26; money negative or invalid rows: 26,quarantined,data/staging/jqdata_expanded_failed/159207.XSHE.csv,PENDING_HK_HIGHDIV_02,港股高股息ETF备选,高股息ETF广发
159209,159209.XSHE,data/etf_daily/sz_159209.csv,failed_validation,no,0,0,0,0,0,,,,,,,no,bad OHLC rows: 16; volume negative or invalid rows: 16; money negative or invalid rows: 16,quarantined,data/staging/jqdata_expanded_failed/159209.XSHE.csv,159209,红利质量ETF,红利质量ETF招商
159265,159265.XSHE,data/etf_daily/sz_159265.csv,failed_validation,no,0,0,0,0,0,,,,,,,no,bad OHLC rows: 82; volume negative or invalid rows: 82; money negative or invalid rows: 82,quarantined,data/staging/jqdata_expanded_failed/159265.XSHE.csv,PENDING_HK_CONSUME_01,港股消费ETF主流产品,港股消费ETF鹏华
159296,159296.XSHE,data/etf_daily/sz_159296.csv,failed_validation,no,0,0,0,0,0,,,,,,,no,bad OHLC rows: 128; volume negative or invalid rows: 128; money negative or invalid rows: 128,quarantined,data/staging/jqdata_expanded_failed/159296.XSHE.csv,PENDING_A500_DIV_LOWVOL_01,A500红利低波ETF主流产品,A500红利低波ETF华宝
159385,159385.XSHE,data/etf_daily/sz_159385.csv,failed_validation,no,0,0,0,0,0,,,,,,,no,bad OHLC rows: 60; volume negative or invalid rows: 60; money negative or invalid rows: 60,quarantined,data/staging/jqdata_expanded_failed/159385.XSHE.csv,PENDING_DIGITAL_ECON_01,数字经济ETF主流产品,数字经济ETF富国
159389,159389.XSHE,data/etf_daily/sz_159389.csv,failed_validation,no,0,0,0,0,0,,,,,,,no,bad OHLC rows: 60; volume negative or invalid rows: 60; money negative or invalid rows: 60,quarantined,data/staging/jqdata_expanded_failed/159389.XSHE.csv,PENDING_DIGITAL_ECON_01,数字经济ETF主流产品,数字经济ETF嘉实
159390,159390.XSHE,data/etf_daily/sz_159390.csv,failed_validation,no,0,0,0,0,0,,,,,,,no,bad OHLC rows: 26; volume negative or invalid rows: 26; money negative or invalid rows: 26,quarantined,data/staging/jqdata_expanded_failed/159390.XSHE.csv,PENDING_A50_01,中证A50ETF备选,中证A50ETF国联
562080,562080.XSHG,data/etf_daily/sh_562080.csv,failed_validation,no,0,0,0,0,0,,,,,,,no,bad OHLC rows: 30; volume negative or invalid rows: 30; money negative or invalid rows: 30,quarantined,data/staging/jqdata_expanded_failed/562080.XSHG.csv,562080,300现金流ETF,300现金流ETF
589520,589520.XSHG,data/etf_daily/sh_589520.csv,failed_validation,no,0,0,0,0,0,,,,,,,no,bad OHLC rows: 8; volume negative or invalid rows: 8; money negative or invalid rows: 8,quarantined,data/staging/jqdata_expanded_failed/589520.XSHG.csv,PENDING_AI_KCB_01,科创人工智能ETF主流产品,科创人工智能ETF华宝
PENDING_AGRI_SEED_01,,,unresolved,no,0,0,0,0,0,,,,,,,no,no confident keyword match in JQData ETF candidate list,unresolved,,PENDING_AGRI_SEED_01,种业ETF主流产品,
PENDING_BANK_DIV_01,,,unresolved,no,0,0,0,0,0,,,,,,,no,no confident keyword match in JQData ETF candidate list,unresolved,,PENDING_BANK_DIV_01,银行红利ETF主流产品,
PENDING_BJ50_01,,,unresolved,no,0,0,0,0,0,,,,,,,no,no confident keyword match in JQData ETF candidate list,unresolved,,PENDING_BJ50_01,北证50ETF主流产品,
PENDING_BROKER_LEADER_01,,,unresolved,no,0,0,0,0,0,,,,,,,no,no confident keyword match in JQData ETF candidate list,unresolved,,PENDING_BROKER_LEADER_01,证券龙头ETF主流产品,
PENDING_COMPUTE_01,,,unresolved,no,0,0,0,0,0,,,,,,,no,no confident keyword match in JQData ETF candidate list,unresolved,,PENDING_COMPUTE_01,算力ETF主流产品,
PENDING_CONSUME_UP_01,,,unresolved,no,0,0,0,0,0,,,,,,,no,no confident keyword match in JQData ETF candidate list,unresolved,,PENDING_CONSUME_UP_01,消费升级ETF主流产品,
PENDING_COPPER_01,,,unresolved,no,0,0,0,0,0,,,,,,,no,no confident keyword match in JQData ETF candidate list,unresolved,,PENDING_COPPER_01,铜ETF主流产品,
PENDING_DATA_CENTER_01,,,unresolved,no,0,0,0,0,0,,,,,,,no,no confident keyword match in JQData ETF candidate list,unresolved,,PENDING_DATA_CENTER_01,数据中心ETF主流产品,
PENDING_DRONE_01,,,unresolved,no,0,0,0,0,0,,,,,,,no,no confident keyword match in JQData ETF candidate list,unresolved,,PENDING_DRONE_01,无人机ETF主流产品,
PENDING_EMERGING_01,,,unresolved,no,0,0,0,0,0,,,,,,,no,no confident keyword match in JQData ETF candidate list,unresolved,,PENDING_EMERGING_01,新兴市场ETF主流产品,
PENDING_INDIA_01,,,unresolved,no,0,0,0,0,0,,,,,,,no,no confident keyword match in JQData ETF candidate list,unresolved,,PENDING_INDIA_01,印度ETF主流产品,
PENDING_INDUSTRIAL_METAL_01,,,unresolved,no,0,0,0,0,0,,,,,,,no,no confident keyword match in JQData ETF candidate list,unresolved,,PENDING_INDUSTRIAL_METAL_01,工业金属ETF主流产品,
PENDING_KC200_01,,,unresolved,no,0,0,0,0,0,,,,,,,no,no confident keyword match in JQData ETF candidate list,unresolved,,PENDING_KC200_01,科创200ETF主流产品,
PENDING_LOW_ALTITUDE_01,,,unresolved,no,0,0,0,0,0,,,,,,,no,no confident keyword match in JQData ETF candidate list,unresolved,,PENDING_LOW_ALTITUDE_01,低空经济ETF主流产品,
PENDING_PHOTONICS_01,,,unresolved,no,0,0,0,0,0,,,,,,,no,no confident keyword match in JQData ETF candidate list,unresolved,,PENDING_PHOTONICS_01,光通信ETF主流产品,
PENDING_REIT_01,,,unresolved,no,0,0,0,0,0,,,,,,,no,no confident keyword match in JQData ETF candidate list,unresolved,,PENDING_REIT_01,基建REITs ETF主流产品,
PENDING_SEA_01,,,unresolved,no,0,0,0,0,0,,,,,,,no,no confident keyword match in JQData ETF candidate list,unresolved,,PENDING_SEA_01,东南亚ETF主流产品,
PENDING_SILVER_ECONOMY_01,,,unresolved,no,0,0,0,0,0,,,,,,,no,no confident keyword match in JQData ETF candidate list,unresolved,,PENDING_SILVER_ECONOMY_01,银发经济ETF主流产品,
PENDING_SPACE_01,,,unresolved,no,0,0,0,0,0,,,,,,,no,no confident keyword match in JQData ETF candidate list,unresolved,,PENDING_SPACE_01,商业航天ETF主流产品,
PENDING_TELECOM_EQUIP_01,,,unresolved,no,0,0,0,0,0,,,,,,,no,no confident keyword match in JQData ETF candidate list,unresolved,,PENDING_TELECOM_EQUIP_01,通信设备ETF主流产品,
159001,159001.XSHE,,existing,no,0,0,0,0,0,,,,,,,no,resolved code is already in current watchlist,skipped_existing,,PENDING_CASH_01,现金管理ETF备选,货币ETF易方达
159819,159819.XSHE,,existing,no,0,0,0,0,0,,,,,,,no,resolved code is already in current watchlist,skipped_existing,,PENDING_AI_KCB_01,科创人工智能ETF主流产品,人工智能ETF易方达
511360,511360.XSHG,,existing,no,0,0,0,0,0,,,,,,,no,resolved code is already in current watchlist,skipped_existing,,PENDING_SHORT_BOND_01,短债ETF主流产品,短融ETF
512070,512070.XSHG,,existing,no,0,0,0,0,0,,,,,,,no,resolved code is already in current watchlist,skipped_existing,,PENDING_INSURANCE_01,保险ETF主流产品,证券保险
