section,symbol,name,start_date,end_date,row_count,coverage_status,data_quality,comment
etf_daily,510050,上证50ETF,2025-03-03,2026-06-23,318,short_history_after_2022|latest,ok,起始晚于 2022-01-01，历史较短
etf_daily,510060,510060,2025-03-03,2026-06-23,318,short_history_after_2022|latest,ok,起始晚于 2022-01-01，历史较短
etf_daily,510180,上证180ETF,2026-01-05,2026-06-23,111,short_history_after_2022|latest,short_history,起始晚于 2022-01-01，历史较短
etf_daily,510230,金融ETF,2025-03-03,2026-06-23,318,short_history_after_2022|latest,ok,起始晚于 2022-01-01，历史较短
etf_daily,510270,510270,2025-03-03,2026-06-23,318,short_history_after_2022|latest,ok,起始晚于 2022-01-01，历史较短
etf_daily,510300,沪深300ETF,2022-01-04,2026-06-23,1080,short_history_after_2022|latest,ok,起始晚于 2022-01-01，历史较短
etf_daily,510410,资源ETF,2025-03-03,2026-06-23,318,short_history_after_2022|latest,ok,起始晚于 2022-01-01，历史较短
etf_daily,510500,中证500ETF,2026-01-05,2026-06-23,111,short_history_after_2022|latest,short_history,起始晚于 2022-01-01，历史较短
etf_daily,510880,红利ETF,2026-01-05,2026-06-23,111,short_history_after_2022|latest,short_history,起始晚于 2022-01-01，历史较短
etf_daily,511010,国债ETF,2025-03-03,2026-06-23,318,short_history_after_2022|latest,ok,起始晚于 2022-01-01，历史较短
etf_daily,511030,公司债ETF,2025-03-03,2026-06-23,318,short_history_after_2022|latest,ok,起始晚于 2022-01-01，历史较短
etf_daily,511090,30年国债ETF,2025-03-03,2026-06-23,318,short_history_after_2022|latest,ok,起始晚于 2022-01-01，历史较短
etf_daily,511260,十年国债ETF,2025-03-03,2026-06-23,318,short_history_after_2022|latest,ok,起始晚于 2022-01-01，历史较短
etf_daily,511360,短融ETF,2025-03-03,2026-06-23,318,short_history_after_2022|latest,ok,起始晚于 2022-01-01，历史较短
etf_daily,511380,可转债ETF,2025-03-03,2026-06-23,318,short_history_after_2022|latest,ok,起始晚于 2022-01-01，历史较短
etf_daily,511520,政金债ETF,2025-03-03,2026-06-23,318,short_history_after_2022|latest,ok,起始晚于 2022-01-01，历史较短
etf_daily,511600,511600,2025-03-03,2026-06-23,318,short_history_after_2022|latest,ok,起始晚于 2022-01-01，历史较短
etf_daily,511690,511690,2025-03-03,2026-06-23,318,short_history_after_2022|latest,ok,起始晚于 2022-01-01，历史较短
etf_daily,511880,银华日利ETF,2025-03-03,2026-06-23,318,short_history_after_2022|latest,ok,起始晚于 2022-01-01，历史较短
etf_daily,511990,华宝添益ETF,2025-03-03,2026-06-23,318,short_history_after_2022|latest,ok,起始晚于 2022-01-01，历史较短
etf_daily,512010,医药ETF,2025-03-03,2026-06-23,318,short_history_after_2022|latest,ok,起始晚于 2022-01-01，历史较短
etf_daily,512050,华夏中证A500ETF,2025-03-03,2026-06-23,318,short_history_after_2022|latest,ok,起始晚于 2022-01-01，历史较短
etf_daily,512070,非银ETF,2025-03-03,2026-06-23,318,short_history_after_2022|latest,ok,起始晚于 2022-01-01，历史较短
etf_daily,512100,中证1000ETF,2026-01-05,2026-06-23,111,short_history_after_2022|latest,short_history,起始晚于 2022-01-01，历史较短
etf_daily,512170,医疗ETF,2025-03-03,2026-06-23,318,short_history_after_2022|latest,ok,起始晚于 2022-01-01，历史较短
etf_daily,512200,房地产ETF,2025-03-03,2026-06-23,318,short_history_after_2022|latest,ok,起始晚于 2022-01-01，历史较短
etf_daily,512400,有色ETF,2025-03-03,2026-06-23,318,short_history_after_2022|latest,ok,起始晚于 2022-01-01，历史较短
etf_daily,512480,半导体ETF,2025-03-03,2026-06-23,318,short_history_after_2022|latest,ok,起始晚于 2022-01-01，历史较短
etf_daily,512660,军工ETF,2025-03-03,2026-06-23,318,short_history_after_2022|latest,ok,起始晚于 2022-01-01，历史较短
etf_daily,512670,国防ETF,2025-03-03,2026-06-23,318,short_history_after_2022|latest,ok,起始晚于 2022-01-01，历史较短
etf_daily,512690,酒ETF,2025-03-03,2026-06-23,318,short_history_after_2022|latest,ok,起始晚于 2022-01-01，历史较短
etf_daily,512760,芯片ETF,2025-03-03,2026-06-23,318,short_history_after_2022|latest,ok,起始晚于 2022-01-01，历史较短
etf_daily,512800,银行ETF,2025-03-03,2026-06-23,318,short_history_after_2022|latest,ok,起始晚于 2022-01-01，历史较短
etf_daily,512880,证券ETF,2025-03-03,2026-06-23,318,short_history_after_2022|latest,ok,起始晚于 2022-01-01，历史较短
etf_daily,512890,红利低波ETF,2025-03-03,2026-06-23,318,short_history_after_2022|latest,ok,起始晚于 2022-01-01，历史较短
etf_daily,512980,传媒ETF,2025-03-03,2026-06-23,318,short_history_after_2022|latest,ok,起始晚于 2022-01-01，历史较短
etf_daily,513030,德国ETF,2025-03-03,2026-06-23,318,short_history_after_2022|latest,ok,起始晚于 2022-01-01，历史较短
etf_daily,513050,中概互联网ETF,2025-03-03,2026-06-23,318,short_history_after_2022|latest,ok,起始晚于 2022-01-01，历史较短
etf_daily,513060,恒生医疗ETF,2025-03-03,2026-06-23,318,short_history_after_2022|latest,ok,起始晚于 2022-01-01，历史较短
etf_daily,513100,纳指ETF,2025-03-03,2026-06-23,318,short_history_after_2022|latest,ok,起始晚于 2022-01-01，历史较短
etf_daily,513120,港股创新药ETF,2025-03-03,2026-06-23,318,short_history_after_2022|latest,ok,起始晚于 2022-01-01，历史较短
etf_daily,513130,恒生科技ETF,2025-03-03,2026-06-23,318,short_history_after_2022|latest,ok,起始晚于 2022-01-01，历史较短
etf_daily,513150,港股科技ETF,2025-03-03,2026-06-23,318,short_history_after_2022|latest,ok,起始晚于 2022-01-01，历史较短
etf_daily,513180,恒生科技ETF,2025-03-03,2026-06-23,318,short_history_after_2022|latest,ok,起始晚于 2022-01-01，历史较短
etf_daily,513330,恒生互联网ETF,2025-03-03,2026-06-23,318,short_history_after_2022|latest,ok,起始晚于 2022-01-01，历史较短
etf_daily,513500,标普500ETF,2025-03-03,2026-06-23,318,short_history_after_2022|latest,ok,起始晚于 2022-01-01，历史较短
etf_daily,513520,日经ETF,2025-03-03,2026-06-23,318,short_history_after_2022|latest,ok,起始晚于 2022-01-01，历史较短
etf_daily,513880,日经225ETF,2025-03-03,2026-06-23,318,short_history_after_2022|latest,ok,起始晚于 2022-01-01，历史较短
etf_daily,515000,科技ETF,2022-01-04,2026-06-23,1080,short_history_after_2022|latest,ok,起始晚于 2022-01-01，历史较短
etf_daily,515050,5GETF,2025-03-03,2026-06-23,318,short_history_after_2022|latest,ok,起始晚于 2022-01-01，历史较短
etf_daily,515070,AIETF,2025-03-03,2026-06-23,318,short_history_after_2022|latest,ok,起始晚于 2022-01-01，历史较短
etf_daily,515080,中证红利ETF,2025-03-03,2026-06-23,318,short_history_after_2022|latest,ok,起始晚于 2022-01-01，历史较短
etf_daily,515120,广发创新药ETF,2025-03-03,2026-06-23,318,short_history_after_2022|latest,ok,起始晚于 2022-01-01，历史较短
etf_daily,515170,食品饮料ETF,2025-03-03,2026-06-23,318,short_history_after_2022|latest,ok,起始晚于 2022-01-01，历史较短
etf_daily,515210,515210,2025-03-03,2026-06-23,318,short_history_after_2022|latest,ok,起始晚于 2022-01-01，历史较短
etf_daily,515220,煤炭ETF,2025-03-03,2026-06-23,318,short_history_after_2022|latest,ok,起始晚于 2022-01-01，历史较短
etf_daily,515230,软件ETF,2025-03-03,2026-06-23,318,short_history_after_2022|latest,ok,起始晚于 2022-01-01，历史较短
etf_daily,515260,515260,2025-03-03,2026-06-23,318,short_history_after_2022|latest,ok,起始晚于 2022-01-01，历史较短
etf_daily,515630,515630,2025-03-03,2026-06-23,318,short_history_after_2022|latest,ok,起始晚于 2022-01-01，历史较短
etf_daily,515650,消费50ETF,2025-03-03,2026-06-23,318,short_history_after_2022|latest,ok,起始晚于 2022-01-01，历史较短
etf_daily,515700,新能源车ETF,2025-03-03,2026-06-23,318,short_history_after_2022|latest,ok,起始晚于 2022-01-01，历史较短
etf_daily,515790,光伏ETF,2025-03-03,2026-06-23,318,short_history_after_2022|latest,ok,起始晚于 2022-01-01，历史较短
etf_daily,515880,证券公司ETF,2026-01-05,2026-06-23,111,short_history_after_2022|latest,short_history,起始晚于 2022-01-01，历史较短
etf_daily,516020,化工ETF,2025-03-03,2026-06-23,318,short_history_after_2022|latest,ok,起始晚于 2022-01-01，历史较短
etf_daily,516080,易方达创新药ETF,2025-03-03,2026-06-23,318,short_history_after_2022|latest,ok,起始晚于 2022-01-01，历史较短
etf_daily,516110,汽车ETF,2025-03-03,2026-06-23,318,short_history_after_2022|latest,ok,起始晚于 2022-01-01，历史较短
etf_daily,516160,新能源ETF,2025-03-03,2026-06-23,318,short_history_after_2022|latest,ok,起始晚于 2022-01-01，历史较短
etf_daily,516360,516360,2025-03-03,2026-06-23,318,short_history_after_2022|latest,ok,起始晚于 2022-01-01，历史较短
etf_daily,516390,新能源汽车ETF,2025-03-03,2026-06-23,318,short_history_after_2022|latest,ok,起始晚于 2022-01-01，历史较短
etf_daily,516510,云计算ETF,2025-03-03,2026-06-23,318,short_history_after_2022|latest,ok,起始晚于 2022-01-01，历史较短
etf_daily,516720,516720,2025-03-03,2026-06-23,318,short_history_after_2022|latest,ok,起始晚于 2022-01-01，历史较短
etf_daily,516750,516750,2025-03-03,2026-06-23,318,short_history_after_2022|latest,ok,起始晚于 2022-01-01，历史较短
etf_daily,516780,稀土ETF,2025-03-03,2026-06-23,318,short_history_after_2022|latest,ok,起始晚于 2022-01-01，历史较短
etf_daily,516800,智能制造ETF,2025-03-03,2026-06-23,318,short_history_after_2022|latest,ok,起始晚于 2022-01-01，历史较短
etf_daily,518880,黄金ETF,2025-03-03,2026-06-23,318,short_history_after_2022|latest,ok,起始晚于 2022-01-01，历史较短
etf_daily,520550,港股红利低波ETF,2025-03-03,2026-06-23,318,short_history_after_2022|latest,ok,起始晚于 2022-01-01，历史较短
etf_daily,560510,泰康中证A500ETF,2025-03-03,2026-06-23,318,short_history_after_2022|latest,ok,起始晚于 2022-01-01，历史较短
etf_daily,561360,561360,2025-03-03,2026-06-23,318,short_history_after_2022|latest,ok,起始晚于 2022-01-01，历史较短
etf_daily,561560,561560,2025-03-03,2026-06-23,318,short_history_after_2022|latest,ok,起始晚于 2022-01-01，历史较短
etf_daily,562500,机器人ETF华夏,2025-03-03,2026-06-23,318,short_history_after_2022|latest,ok,起始晚于 2022-01-01，历史较短
etf_daily,562550,562550,2025-03-03,2026-06-23,318,short_history_after_2022|latest,ok,起始晚于 2022-01-01，历史较短
etf_daily,562920,562920,2025-03-03,2026-06-23,318,short_history_after_2022|latest,ok,起始晚于 2022-01-01，历史较短
etf_daily,563360,华泰柏瑞中证A500ETF,2025-03-03,2026-06-23,318,short_history_after_2022|latest,ok,起始晚于 2022-01-01，历史较短
etf_daily,563800,广发中证A500ETF,2025-03-03,2026-06-23,318,short_history_after_2022|latest,ok,起始晚于 2022-01-01，历史较短
etf_daily,588000,科创50ETF,2025-03-03,2026-06-23,318,short_history_after_2022|latest,ok,起始晚于 2022-01-01，历史较短
etf_daily,588030,博时科创100ETF,2025-03-03,2026-06-23,318,short_history_after_2022|latest,ok,起始晚于 2022-01-01，历史较短
etf_daily,588080,科创创业50ETF,2025-03-03,2026-06-23,318,short_history_after_2022|latest,ok,起始晚于 2022-01-01，历史较短
etf_daily,588120,国泰科创100ETF,2025-03-03,2026-06-23,318,short_history_after_2022|latest,ok,起始晚于 2022-01-01，历史较短
etf_daily,588190,银华科创100ETF,2025-03-03,2026-06-23,318,short_history_after_2022|latest,ok,起始晚于 2022-01-01，历史较短
etf_daily,588200,科创芯片ETF,2025-03-03,2026-06-23,318,short_history_after_2022|latest,ok,起始晚于 2022-01-01，历史较短
etf_daily,588220,科创100ETF基金,2025-03-03,2026-06-23,318,short_history_after_2022|latest,ok,起始晚于 2022-01-01，历史较短
etf_daily,588800,华夏科创100ETF,2025-03-03,2026-06-23,318,short_history_after_2022|latest,ok,起始晚于 2022-01-01，历史较短
etf_daily,159001,货币ETF,2025-03-03,2026-06-23,318,short_history_after_2022|latest,ok,起始晚于 2022-01-01，历史较短
etf_daily,159301,159301,2025-03-03,2026-06-23,318,short_history_after_2022|latest,ok,起始晚于 2022-01-01，历史较短
etf_daily,159302,159302,2025-03-03,2026-06-23,318,short_history_after_2022|latest,ok,起始晚于 2022-01-01，历史较短
etf_daily,159315,159315,2025-03-03,2026-06-23,318,short_history_after_2022|latest,ok,起始晚于 2022-01-01，历史较短
etf_daily,159321,159321,2025-03-03,2026-06-23,318,short_history_after_2022|latest,ok,起始晚于 2022-01-01，历史较短
etf_daily,159327,159327,2025-03-03,2026-06-23,318,short_history_after_2022|latest,ok,起始晚于 2022-01-01，历史较短
etf_daily,159332,159332,2025-03-03,2026-06-23,318,short_history_after_2022|latest,ok,起始晚于 2022-01-01，历史较短
etf_daily,159333,159333,2025-03-03,2026-06-23,318,short_history_after_2022|latest,ok,起始晚于 2022-01-01，历史较短
etf_daily,159336,159336,2025-03-03,2026-06-23,318,short_history_after_2022|latest,ok,起始晚于 2022-01-01，历史较短
etf_daily,159338,国泰中证A500ETF,2025-03-03,2026-06-23,318,short_history_after_2022|latest,ok,起始晚于 2022-01-01，历史较短
etf_daily,159352,南方中证A500ETF,2025-03-03,2026-06-23,318,short_history_after_2022|latest,ok,起始晚于 2022-01-01，历史较短
etf_daily,159363,159363,2025-03-03,2026-06-23,318,short_history_after_2022|latest,ok,起始晚于 2022-01-01，历史较短
etf_daily,159395,159395,2025-03-03,2026-06-23,318,short_history_after_2022|latest,ok,起始晚于 2022-01-01，历史较短
etf_daily,159396,159396,2025-03-03,2026-06-23,318,short_history_after_2022|latest,ok,起始晚于 2022-01-01，历史较短
etf_daily,159398,159398,2025-03-03,2026-06-23,318,short_history_after_2022|latest,ok,起始晚于 2022-01-01，历史较短
etf_daily,159516,159516,2025-03-03,2026-06-23,318,short_history_after_2022|latest,ok,起始晚于 2022-01-01，历史较短
etf_daily,159518,159518,2025-03-03,2026-06-23,318,short_history_after_2022|latest,ok,起始晚于 2022-01-01，历史较短
etf_daily,159531,159531,2025-03-03,2026-06-23,318,short_history_after_2022|latest,ok,起始晚于 2022-01-01，历史较短
etf_daily,159532,159532,2025-03-03,2026-06-23,318,short_history_after_2022|latest,ok,起始晚于 2022-01-01，历史较短
etf_daily,159536,159536,2025-03-03,2026-06-23,318,short_history_after_2022|latest,ok,起始晚于 2022-01-01，历史较短
etf_daily,159538,159538,2025-03-03,2026-06-23,318,short_history_after_2022|latest,ok,起始晚于 2022-01-01，历史较短
etf_daily,159539,159539,2025-03-03,2026-06-23,318,short_history_after_2022|latest,ok,起始晚于 2022-01-01，历史较短
etf_daily,159540,159540,2025-03-03,2026-06-23,318,short_history_after_2022|latest,ok,起始晚于 2022-01-01，历史较短
etf_daily,159545,159545,2025-03-03,2026-06-23,318,short_history_after_2022|latest,ok,起始晚于 2022-01-01，历史较短
etf_daily,159547,159547,2025-03-03,2026-06-23,318,short_history_after_2022|latest,ok,起始晚于 2022-01-01，历史较短
etf_daily,159549,159549,2025-03-03,2026-06-23,318,short_history_after_2022|latest,ok,起始晚于 2022-01-01，历史较短
etf_daily,159551,159551,2025-03-03,2026-06-23,318,short_history_after_2022|latest,ok,起始晚于 2022-01-01，历史较短
etf_daily,159558,159558,2025-03-03,2026-06-23,318,short_history_after_2022|latest,ok,起始晚于 2022-01-01，历史较短
etf_daily,159559,159559,2025-03-03,2026-06-23,318,short_history_after_2022|latest,ok,起始晚于 2022-01-01，历史较短
etf_daily,159562,159562,2025-03-03,2026-06-23,318,short_history_after_2022|latest,ok,起始晚于 2022-01-01，历史较短
etf_daily,159593,中证A50ETF,2025-03-03,2026-06-23,318,short_history_after_2022|latest,ok,起始晚于 2022-01-01，历史较短
etf_daily,159595,159595,2025-03-03,2026-06-23,318,short_history_after_2022|latest,ok,起始晚于 2022-01-01，历史较短
etf_daily,159608,159608,2025-03-03,2026-06-23,318,short_history_after_2022|latest,ok,起始晚于 2022-01-01，历史较短
etf_daily,159611,159611,2025-03-03,2026-06-23,318,short_history_after_2022|latest,ok,起始晚于 2022-01-01，历史较短
etf_daily,159613,159613,2025-03-03,2026-06-23,318,short_history_after_2022|latest,ok,起始晚于 2022-01-01，历史较短
etf_daily,159615,159615,2025-03-03,2026-06-23,318,short_history_after_2022|latest,ok,起始晚于 2022-01-01，历史较短
etf_daily,159625,159625,2025-03-03,2026-06-23,318,short_history_after_2022|latest,ok,起始晚于 2022-01-01，历史较短
etf_daily,159638,159638,2025-03-03,2026-06-23,318,short_history_after_2022|latest,ok,起始晚于 2022-01-01，历史较短
etf_daily,159658,159658,2025-03-03,2026-06-23,318,short_history_after_2022|latest,ok,起始晚于 2022-01-01，历史较短
etf_daily,159663,159663,2025-03-03,2026-06-23,318,short_history_after_2022|latest,ok,起始晚于 2022-01-01，历史较短
etf_daily,159667,159667,2025-03-03,2026-06-23,318,short_history_after_2022|latest,ok,起始晚于 2022-01-01，历史较短
etf_daily,159669,159669,2025-03-03,2026-06-23,318,short_history_after_2022|latest,ok,起始晚于 2022-01-01，历史较短
etf_daily,159671,159671,2025-03-03,2026-06-23,318,short_history_after_2022|latest,ok,起始晚于 2022-01-01，历史较短
etf_daily,159697,159697,2025-03-03,2026-06-23,318,short_history_after_2022|latest,ok,起始晚于 2022-01-01，历史较短
etf_daily,159699,159699,2025-03-03,2026-06-23,318,short_history_after_2022|latest,ok,起始晚于 2022-01-01，历史较短
etf_daily,159703,159703,2025-03-03,2026-06-23,318,short_history_after_2022|latest,ok,起始晚于 2022-01-01，历史较短
etf_daily,159717,159717,2025-03-03,2026-06-23,318,short_history_after_2022|latest,ok,起始晚于 2022-01-01，历史较短
etf_daily,159726,159726,2025-03-03,2026-06-23,318,short_history_after_2022|latest,ok,起始晚于 2022-01-01，历史较短
etf_daily,159732,159732,2025-03-03,2026-06-23,318,short_history_after_2022|latest,ok,起始晚于 2022-01-01，历史较短
etf_daily,159735,159735,2025-03-03,2026-06-23,318,short_history_after_2022|latest,ok,起始晚于 2022-01-01，历史较短
etf_daily,159736,食品ETF,2025-03-03,2026-06-23,318,short_history_after_2022|latest,ok,起始晚于 2022-01-01，历史较短
etf_daily,159745,159745,2025-03-03,2026-06-23,318,short_history_after_2022|latest,ok,起始晚于 2022-01-01，历史较短
etf_daily,159755,电池ETF,2025-03-03,2026-06-23,318,short_history_after_2022|latest,ok,起始晚于 2022-01-01，历史较短
etf_daily,159758,159758,2025-03-03,2026-06-23,318,short_history_after_2022|latest,ok,起始晚于 2022-01-01，历史较短
etf_daily,159763,159763,2025-03-03,2026-06-23,318,short_history_after_2022|latest,ok,起始晚于 2022-01-01，历史较短
etf_daily,159766,旅游ETF,2025-03-03,2026-06-23,318,short_history_after_2022|latest,ok,起始晚于 2022-01-01，历史较短
etf_daily,159770,机器人ETF,2025-03-03,2026-06-23,318,short_history_after_2022|latest,ok,起始晚于 2022-01-01，历史较短
etf_daily,159787,159787,2025-03-03,2026-06-23,318,short_history_after_2022|latest,ok,起始晚于 2022-01-01，历史较短
etf_daily,159791,159791,2025-03-03,2026-06-23,318,short_history_after_2022|latest,ok,起始晚于 2022-01-01，历史较短
etf_daily,159795,159795,2025-03-03,2026-06-23,318,short_history_after_2022|latest,ok,起始晚于 2022-01-01，历史较短
etf_daily,159797,159797,2025-03-03,2026-06-23,318,short_history_after_2022|latest,ok,起始晚于 2022-01-01，历史较短
etf_daily,159806,新能源车电池ETF,2025-03-03,2026-06-23,318,short_history_after_2022|latest,ok,起始晚于 2022-01-01，历史较短
etf_daily,159819,人工智能ETF,2025-03-03,2026-06-23,318,short_history_after_2022|latest,ok,起始晚于 2022-01-01，历史较短
etf_daily,159825,农业ETF,2025-03-03,2026-06-23,318,short_history_after_2022|latest,ok,起始晚于 2022-01-01，历史较短
etf_daily,159835,建信创新药ETF,2025-03-03,2026-06-23,318,short_history_after_2022|latest,ok,起始晚于 2022-01-01，历史较短
etf_daily,159840,159840,2025-03-03,2026-06-23,318,short_history_after_2022|latest,ok,起始晚于 2022-01-01，历史较短
etf_daily,159857,光伏ETF,2025-03-03,2026-06-23,318,short_history_after_2022|latest,ok,起始晚于 2022-01-01，历史较短
etf_daily,159858,南方创新药ETF,2025-03-03,2026-06-23,318,short_history_after_2022|latest,ok,起始晚于 2022-01-01，历史较短
etf_daily,159865,养殖ETF,2025-03-03,2026-06-23,318,short_history_after_2022|latest,ok,起始晚于 2022-01-01，历史较短
etf_daily,159869,游戏ETF,2025-03-03,2026-06-23,318,short_history_after_2022|latest,ok,起始晚于 2022-01-01，历史较短
etf_daily,159870,化工ETF,2025-03-03,2026-06-23,318,short_history_after_2022|latest,ok,起始晚于 2022-01-01，历史较短
etf_daily,159876,有色金属ETF,2025-03-03,2026-06-23,318,short_history_after_2022|latest,ok,起始晚于 2022-01-01，历史较短
etf_daily,159883,159883,2025-03-03,2026-06-23,318,short_history_after_2022|latest,ok,起始晚于 2022-01-01，历史较短
etf_daily,159888,159888,2025-03-03,2026-06-23,318,short_history_after_2022|latest,ok,起始晚于 2022-01-01，历史较短
etf_daily,159889,159889,2025-03-03,2026-06-23,318,short_history_after_2022|latest,ok,起始晚于 2022-01-01，历史较短
etf_daily,159898,159898,2025-03-03,2026-06-23,318,short_history_after_2022|latest,ok,起始晚于 2022-01-01，历史较短
etf_daily,159901,深100ETF,2025-03-03,2026-06-23,318,short_history_after_2022|latest,ok,起始晚于 2022-01-01，历史较短
etf_daily,159905,深红利ETF,2025-03-03,2026-06-23,318,short_history_after_2022|latest,ok,起始晚于 2022-01-01，历史较短
etf_daily,159915,创业板ETF,2022-01-04,2026-06-23,1080,short_history_after_2022|latest,ok,起始晚于 2022-01-01，历史较短
etf_daily,159920,恒生ETF,2025-03-03,2026-06-23,318,short_history_after_2022|latest,ok,起始晚于 2022-01-01，历史较短
etf_daily,159928,消费ETF,2025-03-03,2026-06-23,318,short_history_after_2022|latest,ok,起始晚于 2022-01-01，历史较短
etf_daily,159929,医药ETF,2025-03-03,2026-06-23,318,short_history_after_2022|latest,ok,起始晚于 2022-01-01，历史较短
etf_daily,159930,能源ETF,2025-03-03,2026-06-23,318,short_history_after_2022|latest,ok,起始晚于 2022-01-01，历史较短
etf_daily,159940,金融ETF,2025-03-03,2026-06-23,318,short_history_after_2022|latest,ok,起始晚于 2022-01-01，历史较短
etf_daily,159941,纳指ETF,2025-03-03,2026-06-23,318,short_history_after_2022|latest,ok,起始晚于 2022-01-01，历史较短
etf_daily,159949,创业板50ETF,2025-03-03,2026-06-23,318,short_history_after_2022|latest,ok,起始晚于 2022-01-01，历史较短
etf_daily,159954,159954,2025-03-03,2026-06-23,318,short_history_after_2022|latest,ok,起始晚于 2022-01-01，历史较短
etf_daily,159992,银华创新药ETF,2025-03-03,2026-06-23,318,short_history_after_2022|latest,ok,起始晚于 2022-01-01，历史较短
etf_daily,159995,芯片ETF,2025-03-03,2026-06-23,318,short_history_after_2022|latest,ok,起始晚于 2022-01-01，历史较短
etf_daily,159996,家电ETF,2025-03-03,2026-06-23,318,short_history_after_2022|latest,ok,起始晚于 2022-01-01，历史较短
etf_daily,159997,159997,2025-03-03,2026-06-23,318,short_history_after_2022|latest,ok,起始晚于 2022-01-01，历史较短
model_stage,original_ranking_baseline,历史回测基线,2025-05-30,2026-06-18,76,research_only,historical_backtest_only,
model_stage,adjusted_preview_baseline,历史回测/预览基线,2025-05-30,2026-06-18,76,research_only,historical_backtest_only,
model_stage,top10_diversified_filter_v2,低回撤候选,2025-05-30,2026-06-18,62,shadow_candidate_only,historical_backtest_only,
model_stage,persistence_breakout_v2,Phase 4C alpha 候选,,,0,shadow_tracking,insufficient,
model_stage,missed_opportunity_tracker,过滤器有效性观察,,,20,active_research,insufficient,
model_stage,shadow_observation_weekly,周度影子观察,,,0,active_research,insufficient,
model_stage,paper_portfolio_monitoring,模拟仓监控,,,7,live_paper_observation,live_sample_too_small,
summary,etf_file_count,ETF 日线文件数,,,183,ok,summary,data/etf_daily 下 CSV 文件数
summary,latest_data_date,最新数据日,,,2026-06-23,ok,summary,所有 ETF 当前最新日期统计
summary,paper_trade_count,模拟交易记录数,,,7,too_small,summary,真实观察样本很少
summary,paper_position_count,当前持仓数量,,,3,active,summary,模拟仓当前未平仓持仓
summary,shadow_tracking_rows,persistence shadow 记录数,,,1,too_small,summary,persistence_breakout_v2 shadow tracking rows
summary,missed_tracking_rows,missed opportunity 记录数,,,20,too_small,summary,过滤器观察样本
summary,matured_10d_forward,成熟 10d forward 样本,,,0,insufficient,summary,低于最低观察门槛 20
summary,matured_20d_forward,成熟 20d forward 样本,,,0,insufficient,summary,低于初步判断门槛 20
