date,cash,position_value,total_equity,daily_pnl,daily_return,cumulative_pnl,cumulative_return,drawdown,benchmark_510300_return,note
2026-06-09,7124.3,2875.7,10000.0,0.0,0.0,0.0,0.0,0.0,0.0,derived_from_local_trades_and_close
2026-06-10,7124.3,2811.1,9935.4,-64.6,-0.006460000000000036,-64.6,-0.006460000000000036,-0.006460000000000021,-0.008702859510982153,derived_from_local_trades_and_close
2026-06-11,7124.3,2804.1,9928.4,-7.0,-0.0007045514020572901,-71.6,-0.007160000000000036,-0.007160000000000055,-0.01554082055532513,derived_from_local_trades_and_close
2026-06-12,7124.3,2820.4,9944.7,16.3,0.0016417549655532888,-55.3,-0.0055300000000001095,-0.005530000000000146,-0.0016576875259013413,derived_from_local_trades_and_close
2026-06-15,7124.3,2772.7,9897.0,-47.7,-0.004796524782044598,-103.0,-0.0103,-0.010299999999999976,0.01927061748860348,derived_from_local_trades_and_close
2026-06-16,7076.25,2827.9,9904.15,7.15,0.000722441143780907,-95.85,-0.009585000000000036,-0.009585000000000066,0.017405719021964527,derived_from_local_trades_and_close
2026-06-17,7076.25,2893.9,9970.15,66.0,0.0066638732248602865,-29.85,-0.0029850000000000362,-0.0029850000000000154,0.027351844177372575,derived_from_local_trades_and_close
2026-06-18,7076.25,2941.2,10017.45,47.3,0.004744161321544738,17.45,0.001744999999999891,0.0,0.032739328636552045,derived_from_local_trades_and_close
2026-06-22,7076.25,3003.8,10080.05,62.6,0.0062490953286515405,80.05,0.008004999999999927,0.0,0.054910899295482984,derived_from_local_trades_and_close
2026-06-23,7058.11,2973.3,10031.41,-48.64,-0.004825372890015369,31.41,0.0031409999999999854,-0.004825372890015389,0.024036469125569893,derived_from_local_trades_and_close
2026-06-24,7058.11,3001.6,10059.71,28.3,0.0028211388030196425,59.71,0.005970999999999913,-0.0020178471336947945,0.02921674264401153,derived_from_local_trades_and_close
2026-06-25,7058.11,3074.8,10132.91,73.2,0.0072765517097412085,132.91,0.013290999999999985,0.0,0.046000828843763,derived_from_local_trades_and_close
2026-06-26,7058.11,3008.1,10066.21,-66.7,-0.00658251183519845,66.21,0.0066209999999999125,-0.0065825118351984235,0.01678408619975147,derived_from_local_trades_and_close
2026-06-29,7058.11,3057.5,10115.61,49.4,0.004907507393547288,115.61,0.011560999999999877,-0.0017073081671504786,0.027559055118110187,derived_from_local_trades_and_close
2026-06-30,7058.11,3082.4,10140.51,24.9,0.0024615421116472107,140.51,0.01405099999999984,0.0,0.03999171156237069,derived_from_local_trades_and_close
2026-07-01,7058.11,3068.7,10126.81,-13.7,-0.0013510168620711118,126.81,0.012680999999999767,-0.0013510168620710639,0.035640281806879504,derived_from_local_trades_and_close
2026-07-02,7058.11,2937.8,9995.91,-130.9,-0.012926084324678537,-4.09,-0.00040900000000001455,-0.014259637828866412,0.004973062577704024,derived_from_local_trades_and_close
2026-07-03,7058.11,2945.2,10003.31,7.4,0.0007403027838383717,3.31,0.0003309999999997672,-0.01352989149460937,0.010360547036883716,derived_from_local_trades_and_close
2026-07-06,7058.11,2957.0,10015.11,11.8,0.0011796095492393112,15.11,0.0015109999999998764,-0.012366241934577249,0.010567757977621328,derived_from_local_trades_and_close
2026-07-07,7058.11,2919.4,9977.51,-37.6,-0.0037543272115833346,-22.49,-0.00224900000000016,-0.01607414222756054,0.0,derived_from_local_trades_and_close
2026-07-08,7058.11,2912.5,9970.61,-6.9,-0.0006915553078874025,-29.39,-0.002939000000000124,-0.016754581377070754,-0.0058019063406546945,derived_from_local_trades_and_close
2026-07-09,7608.44,2459.1,10067.54,96.93,0.00972157169922405,67.54,0.006753999999999905,-0.007195890541994321,0.018648984666390644,derived_from_local_trades_and_close
2026-07-10,7040.47,2949.3,9989.77,-77.77,-0.0077248265216726675,-10.23,-0.0010230000000001382,-0.014865130057561182,0.0006216328222130585,derived_from_local_trades_and_close
