year,strategy,initial_cash,return,max_drawdown,trade_count,win_rate,turnover
2025,original_baseline_v2,20000.0,0.063298,-0.031477,39,0.722222,7.452477
2026,original_baseline_v2,20000.0,-0.055717,-0.096273,37,0.45,6.955206
2025,adjusted_preview_baseline_v2,20000.0,0.069124,-0.030806,41,0.736842,7.805142
2026,adjusted_preview_baseline_v2,20000.0,-0.03466,-0.084157,35,0.473684,6.422318
2025,momentum_trend_confirmation_v2,20000.0,0.136669,-0.037045,69,0.454545,12.617053
2026,momentum_trend_confirmation_v2,20000.0,-0.07275,-0.122192,51,0.148148,8.617649
2025,relative_strength_rotation_v2,20000.0,0.082542,-0.031634,49,0.695652,9.264556
2026,relative_strength_rotation_v2,20000.0,-0.026852,-0.079702,39,0.47619,7.14307
2025,low_turnover_stable_ranking_v2,20000.0,0.026365,-0.044842,41,0.526316,7.885654
2026,low_turnover_stable_ranking_v2,20000.0,-0.04553,-0.077308,37,0.4,6.999836
2025,risk_aware_adjusted_ranking_v2,20000.0,0.056894,-0.047454,45,0.666667,8.586403
2026,risk_aware_adjusted_ranking_v2,20000.0,-0.026018,-0.085169,35,0.473684,6.506149
2025,top10_diversified_filter_v2,20000.0,0.086933,-0.048164,41,0.684211,7.634641
2026,top10_diversified_filter_v2,20000.0,0.00947,-0.048599,21,0.583333,3.662644
2025,buy_and_hold_510300,20000.0,0.142771,-0.042061,1,0.0,0.547315
2026,buy_and_hold_510300,20000.0,0.019031,-0.065803,0,0.0,0.0
2025,cash_baseline,20000.0,0.0,0.0,0,0.0,0.0
2026,cash_baseline,20000.0,0.0,0.0,0,0.0,0.0
2025,original_baseline_v2,10000.0,0.0,0.0,0,0.0,0.0
2026,original_baseline_v2,10000.0,0.0,0.0,0,0.0,0.0
2025,adjusted_preview_baseline_v2,10000.0,0.0,0.0,0,0.0,0.0
2026,adjusted_preview_baseline_v2,10000.0,0.0,0.0,0,0.0,0.0
2025,momentum_trend_confirmation_v2,10000.0,0.0,0.0,0,0.0,0.0
2026,momentum_trend_confirmation_v2,10000.0,0.0,0.0,0,0.0,0.0
2025,relative_strength_rotation_v2,10000.0,0.0,0.0,0,0.0,0.0
2026,relative_strength_rotation_v2,10000.0,0.0,0.0,0,0.0,0.0
2025,low_turnover_stable_ranking_v2,10000.0,0.0,0.0,0,0.0,0.0
2026,low_turnover_stable_ranking_v2,10000.0,0.0,0.0,0,0.0,0.0
2025,risk_aware_adjusted_ranking_v2,10000.0,0.0,0.0,0,0.0,0.0
2026,risk_aware_adjusted_ranking_v2,10000.0,0.0,0.0,0,0.0,0.0
2025,top10_diversified_filter_v2,10000.0,0.0,0.0,0,0.0,0.0
2026,top10_diversified_filter_v2,10000.0,0.0,0.0,0,0.0,0.0
2025,buy_and_hold_510300,10000.0,0.142521,-0.04207,1,0.0,0.54744
2026,buy_and_hold_510300,10000.0,0.019035,-0.065816,0,0.0,0.0
2025,cash_baseline,10000.0,0.0,0.0,0,0.0,0.0
2026,cash_baseline,10000.0,0.0,0.0,0,0.0,0.0
