normalized_regime,structural_risk_profile,forward_horizon,sample_count,mean_forward_return,median_forward_return,positive_rate,benchmark_excess_mean,benchmark_excess_median,sample_status,research_only,execution_allowed
DEFENSIVE,BALANCED,1,348,5.2e-05,0.0,0.49712643678160917,-0.002497,-0.003422,ok,True,False
DEFENSIVE,BALANCED,3,348,-0.000232,0.0,0.4942528735632184,-0.006495,-0.008536,ok,True,False
DEFENSIVE,BALANCED,5,348,-0.000736,-0.001177,0.47988505747126436,-0.011532,-0.01584,ok,True,False
DEFENSIVE,BALANCED,10,348,-0.004374,-0.010973,0.35919540229885055,-0.021946,-0.025092,ok,True,False
DEFENSIVE,BALANCED,20,324,-0.010713,-0.016108,0.33641975308641975,-0.041428,-0.041121,ok,True,False
DEFENSIVE,CORE,1,522,0.001598,0.000784,0.5268199233716475,-0.000951,0.0,ok,True,False
DEFENSIVE,CORE,3,522,0.004523,0.004116,0.6149425287356322,-0.00174,0.0,ok,True,False
DEFENSIVE,CORE,5,522,0.006664,0.006963,0.6455938697318008,-0.004132,0.0,ok,True,False
DEFENSIVE,CORE,10,522,0.009039,0.007742,0.6187739463601533,-0.008533,0.0,ok,True,False
DEFENSIVE,CORE,20,486,0.017762,0.016977,0.6460905349794238,-0.012954,0.0,ok,True,False
DEFENSIVE,DEFENSIVE,1,464,0.000165,2.3e-05,0.5775862068965517,-0.002384,-0.002069,ok,True,False
DEFENSIVE,DEFENSIVE,3,464,0.000566,9.8e-05,0.6379310344827587,-0.005697,-0.005495,ok,True,False
DEFENSIVE,DEFENSIVE,5,464,0.001044,0.000146,0.6443965517241379,-0.009752,-0.008531,ok,True,False
DEFENSIVE,DEFENSIVE,10,464,0.001399,0.000386,0.6831896551724138,-0.016174,-0.017694,ok,True,False
DEFENSIVE,DEFENSIVE,20,432,0.002189,0.000889,0.6828703703703703,-0.028527,-0.031007,ok,True,False
DEFENSIVE,HIGH_BETA,1,174,0.003736,0.001742,0.5287356321839081,0.001187,-0.000401,ok,True,False
DEFENSIVE,HIGH_BETA,3,174,0.009237,0.005628,0.6091954022988506,0.002974,-0.002419,ok,True,False
DEFENSIVE,HIGH_BETA,5,174,0.014025,0.0118,0.6091954022988506,0.003229,-0.003309,ok,True,False
DEFENSIVE,HIGH_BETA,10,174,0.020213,0.02435,0.6954022988505747,0.00264,-0.001306,ok,True,False
DEFENSIVE,HIGH_BETA,20,162,0.017944,0.029658,0.654320987654321,-0.012772,-0.029792,ok,True,False
DEFENSIVE,OFFENSIVE,1,754,0.003041,0.002452,0.5583554376657824,0.000492,-0.000521,ok,True,False
DEFENSIVE,OFFENSIVE,3,754,0.006675,0.006466,0.6087533156498673,0.000412,0.000392,ok,True,False
DEFENSIVE,OFFENSIVE,5,754,0.011806,0.010625,0.610079575596817,0.00101,0.000321,ok,True,False
DEFENSIVE,OFFENSIVE,10,754,0.020103,0.018938,0.6657824933687002,0.00253,0.0016,ok,True,False
DEFENSIVE,OFFENSIVE,20,702,0.038413,0.038817,0.6809116809116809,0.007697,0.0042,ok,True,False
NEUTRAL,BALANCED,1,324,0.001264,-0.002542,0.4351851851851852,0.00041,-0.001619,ok,True,False
NEUTRAL,BALANCED,3,312,-0.001832,-0.003153,0.40384615384615385,-0.001582,-0.003981,ok,True,False
NEUTRAL,BALANCED,5,312,-0.000315,-0.004514,0.4423076923076923,-0.001461,-0.00373,ok,True,False
NEUTRAL,BALANCED,10,300,-0.007335,-0.016238,0.33666666666666667,-0.00741,-0.01051,ok,True,False
NEUTRAL,BALANCED,20,288,0.003015,-0.010801,0.4097222222222222,-0.008157,-0.0226,ok,True,False
NEUTRAL,CORE,1,486,0.001119,0.001575,0.5864197530864198,0.000265,0.0,ok,True,False
NEUTRAL,CORE,3,468,-0.000393,0.001148,0.5277777777777778,-0.000142,0.0,ok,True,False
NEUTRAL,CORE,5,468,0.000761,0.002901,0.5491452991452992,-0.000385,0.0,ok,True,False
NEUTRAL,CORE,10,450,0.000263,0.003119,0.5266666666666666,0.000188,0.0,ok,True,False
NEUTRAL,CORE,20,432,0.008692,0.006702,0.5625,-0.002481,0.0,ok,True,False
NEUTRAL,DEFENSIVE,1,432,7.8e-05,2e-05,0.5949074074074074,-0.000776,-0.000748,ok,True,False
NEUTRAL,DEFENSIVE,3,416,-0.000161,7.1e-05,0.6442307692307693,9e-05,0.001024,ok,True,False
NEUTRAL,DEFENSIVE,5,416,-0.00017,0.000146,0.65625,-0.001316,-0.001475,ok,True,False
NEUTRAL,DEFENSIVE,10,400,0.000128,0.000431,0.6975,5.3e-05,0.000659,ok,True,False
NEUTRAL,DEFENSIVE,20,384,0.00128,0.000818,0.6875,-0.009892,-0.002652,ok,True,False
NEUTRAL,HIGH_BETA,1,162,0.00125,0.001718,0.5185185185185185,0.000396,-0.000408,ok,True,False
NEUTRAL,HIGH_BETA,3,156,-0.001395,0.000413,0.5,-0.001144,-0.00184,ok,True,False
NEUTRAL,HIGH_BETA,5,156,0.001938,0.007172,0.5512820512820513,0.000793,0.002403,ok,True,False
NEUTRAL,HIGH_BETA,10,150,-0.007539,0.001993,0.5133333333333333,-0.007614,-0.002072,ok,True,False
NEUTRAL,HIGH_BETA,20,144,0.009653,0.01293,0.5347222222222222,-0.001519,-0.003938,ok,True,False
NEUTRAL,OFFENSIVE,1,702,-0.000497,-0.000945,0.4586894586894587,-0.001352,-0.001355,ok,True,False
NEUTRAL,OFFENSIVE,3,676,-0.004739,-0.003597,0.4452662721893491,-0.004488,-0.003598,ok,True,False
NEUTRAL,OFFENSIVE,5,676,-0.004149,-0.003941,0.4511834319526627,-0.005294,-0.005134,ok,True,False
NEUTRAL,OFFENSIVE,10,650,-0.010182,-0.007949,0.40615384615384614,-0.010258,-0.010269,ok,True,False
NEUTRAL,OFFENSIVE,20,624,0.004071,0.002842,0.5048076923076923,-0.007101,-0.015255,ok,True,False
OFFENSIVE,BALANCED,1,924,-0.000385,-0.001039,0.43506493506493504,-0.000931,-0.002399,ok,True,False
OFFENSIVE,BALANCED,3,924,0.000487,0.0,0.474025974025974,-0.002544,-0.00468,ok,True,False
OFFENSIVE,BALANCED,5,912,-0.000338,-0.003482,0.43530701754385964,-0.005081,-0.009275,ok,True,False
OFFENSIVE,BALANCED,10,894,0.000272,-0.0068,0.4507829977628635,-0.011814,-0.019371,ok,True,False
OFFENSIVE,BALANCED,20,870,-0.007565,-0.024068,0.41954022988505746,-0.029949,-0.02643,ok,True,False
OFFENSIVE,CORE,1,1386,-8.7e-05,0.0,0.48917748917748916,-0.000633,0.0,ok,True,False
OFFENSIVE,CORE,3,1386,0.000916,0.000781,0.5122655122655123,-0.002116,0.0,ok,True,False
OFFENSIVE,CORE,5,1368,0.001399,0.001142,0.5190058479532164,-0.003344,0.0,ok,True,False
OFFENSIVE,CORE,10,1341,0.004933,0.004284,0.5585384041759881,-0.007153,0.0,ok,True,False
OFFENSIVE,CORE,20,1305,0.008213,0.006162,0.5693486590038315,-0.01417,0.0,ok,True,False
OFFENSIVE,DEFENSIVE,1,1232,6.8e-05,3e-05,0.586038961038961,-0.000478,-0.000655,ok,True,False
OFFENSIVE,DEFENSIVE,3,1232,0.000295,8e-05,0.6258116883116883,-0.002736,-0.002581,ok,True,False
OFFENSIVE,DEFENSIVE,5,1216,0.000409,0.00015,0.6546052631578947,-0.004333,-0.006494,ok,True,False
OFFENSIVE,DEFENSIVE,10,1192,0.000829,0.00025,0.6409395973154363,-0.011257,-0.01117,ok,True,False
OFFENSIVE,DEFENSIVE,20,1160,0.00148,0.000681,0.6620689655172414,-0.020903,-0.022754,ok,True,False
OFFENSIVE,HIGH_BETA,1,462,0.000143,-0.000727,0.45670995670995673,-0.000403,-0.002279,ok,True,False
OFFENSIVE,HIGH_BETA,3,462,0.002634,0.001917,0.525974025974026,-0.000397,-0.002245,ok,True,False
OFFENSIVE,HIGH_BETA,5,456,0.003174,0.000878,0.506578947368421,-0.001568,-0.00353,ok,True,False
OFFENSIVE,HIGH_BETA,10,447,0.01207,0.009174,0.5682326621923938,-1.6e-05,-0.004819,ok,True,False
OFFENSIVE,HIGH_BETA,20,435,0.022466,0.011481,0.5471264367816092,8.3e-05,-0.005134,ok,True,False
OFFENSIVE,OFFENSIVE,1,2002,0.001578,0.001347,0.5304695304695305,0.001031,0.000105,ok,True,False
OFFENSIVE,OFFENSIVE,3,2002,0.006618,0.005956,0.5874125874125874,0.003587,0.000879,ok,True,False
OFFENSIVE,OFFENSIVE,5,1976,0.009702,0.01,0.5941295546558705,0.004959,0.002262,ok,True,False
OFFENSIVE,OFFENSIVE,10,1937,0.021461,0.021084,0.6551368094992256,0.009375,0.006825,ok,True,False
OFFENSIVE,OFFENSIVE,20,1885,0.037901,0.039233,0.6625994694960212,0.015518,0.014208,ok,True,False
