regime,style_profile,forward_horizon,sample_count,mean_forward_return,median_forward_return,positive_rate,q25_forward_return,q75_forward_return,worst_10pct_mean,benchmark_excess_mean,benchmark_excess_median,research_only,execution_allowed,fit_evidence,evidence_reasons
DEFENSIVE,BOND,1,496,0.000225,3e-05,0.6008064516129032,-3.3e-05,0.000248,-0.004959,-0.00185,-0.000935,True,False,WEAK_SUPPORT,excess_median=-0.000935; median=0.00003; positive_rate=0.600806; sample=496
DEFENSIVE,BOND,3,496,0.000832,0.00011,0.6713709677419355,-2e-05,0.000778,-0.007082,-0.005606,-0.005771,True,False,WEAK_SUPPORT,excess_median=-0.005771; median=0.00011; positive_rate=0.671371; sample=496
DEFENSIVE,BOND,5,496,0.001172,0.000177,0.6673387096774194,-3e-05,0.001134,-0.008671,-0.010429,-0.008748,True,False,WEAK_SUPPORT,excess_median=-0.008748; median=0.000177; positive_rate=0.667339; sample=496
DEFENSIVE,BOND,10,496,0.001468,0.000395,0.6915322580645161,-2e-05,0.001522,-0.013023,-0.017302,-0.016971,True,False,WEAK_SUPPORT,excess_median=-0.016971; median=0.000395; positive_rate=0.691532; sample=496
DEFENSIVE,BOND,20,464,0.00216,0.000889,0.6918103448275862,-2e-05,0.002174,-0.024835,-0.027554,-0.033058,True,False,WEAK_SUPPORT,excess_median=-0.033058; median=0.000889; positive_rate=0.69181; sample=464
NEUTRAL,BOND,1,480,-8.9e-05,2.9e-05,0.5979166666666667,-4.8e-05,0.000178,-0.005788,0.000389,-0.00016,True,False,WEAK_SUPPORT,excess_median=-0.00016; median=0.000029; positive_rate=0.597917; sample=480
NEUTRAL,BOND,3,464,-0.000283,7e-05,0.6379310344827587,-5e-05,0.00031,-0.010098,0.000423,0.000604,True,False,SUPPORTED,excess_median=0.000604; median=0.00007; positive_rate=0.637931; sample=464
NEUTRAL,BOND,5,464,-0.000311,0.000175,0.6810344827586207,-2e-05,0.000492,-0.013748,0.00353,0.002568,True,False,SUPPORTED,excess_median=0.002568; median=0.000175; positive_rate=0.681034; sample=464
NEUTRAL,BOND,10,464,-4.1e-05,0.000422,0.6875,-1e-05,0.001284,-0.018897,0.004645,0.004019,True,False,SUPPORTED,excess_median=0.004019; median=0.000422; positive_rate=0.6875; sample=464
NEUTRAL,BOND,20,440,0.001077,0.000789,0.6704545454545454,-4e-05,0.002371,-0.023416,-0.00878,-0.001815,True,False,WEAK_SUPPORT,excess_median=-0.001815; median=0.000789; positive_rate=0.670455; sample=440
OFFENSIVE,BOND,1,1160,0.0001,2.7e-05,0.575,-8e-05,0.000204,-0.004865,-0.001117,-0.001517,True,False,WEAK_SUPPORT,excess_median=-0.001517; median=0.000027; positive_rate=0.575; sample=1160
OFFENSIVE,BOND,3,1160,0.000237,7e-05,0.6129310344827587,-0.0001,0.000442,-0.008437,-0.002945,-0.003088,True,False,WEAK_SUPPORT,excess_median=-0.003088; median=0.00007; positive_rate=0.612931; sample=1160
OFFENSIVE,BOND,5,1144,0.000408,0.00012,0.6337412587412588,-7e-05,0.0006,-0.011074,-0.005992,-0.00759,True,False,WEAK_SUPPORT,excess_median=-0.00759; median=0.00012; positive_rate=0.633741; sample=1144
OFFENSIVE,BOND,10,1104,0.000887,0.000222,0.6376811594202898,-8.2e-05,0.000875,-0.01361,-0.013208,-0.013078,True,False,WEAK_SUPPORT,excess_median=-0.013078; median=0.000222; positive_rate=0.637681; sample=1104
OFFENSIVE,BOND,20,1080,0.001561,0.000687,0.6638888888888889,-5e-05,0.001543,-0.017687,-0.022129,-0.022805,True,False,WEAK_SUPPORT,excess_median=-0.022805; median=0.000687; positive_rate=0.663889; sample=1080
DEFENSIVE,COMMODITY_CYCLICAL,1,496,0.003271,0.002724,0.5604838709677419,-0.007085,0.013928,-0.030067,0.001196,7.5e-05,True,False,SUPPORTED,excess_median=0.000075; median=0.002724; positive_rate=0.560484; sample=496
DEFENSIVE,COMMODITY_CYCLICAL,3,496,0.009712,0.00966,0.6310483870967742,-0.009759,0.027792,-0.040388,0.003274,0.003141,True,False,SUPPORTED,excess_median=0.003141; median=0.00966; positive_rate=0.631048; sample=496
DEFENSIVE,COMMODITY_CYCLICAL,5,496,0.015568,0.012823,0.6391129032258065,-0.008221,0.038817,-0.053657,0.003968,0.003524,True,False,SUPPORTED,excess_median=0.003524; median=0.012823; positive_rate=0.639113; sample=496
DEFENSIVE,COMMODITY_CYCLICAL,10,496,0.025501,0.025123,0.7096774193548387,-0.005136,0.05641,-0.078474,0.006732,0.006124,True,False,SUPPORTED,excess_median=0.006124; median=0.025123; positive_rate=0.709677; sample=496
DEFENSIVE,COMMODITY_CYCLICAL,20,464,0.041459,0.042463,0.7241379310344828,-0.0048,0.098215,-0.112192,0.011745,0.007091,True,False,SUPPORTED,excess_median=0.007091; median=0.042463; positive_rate=0.724138; sample=464
NEUTRAL,COMMODITY_CYCLICAL,1,480,-0.002432,-0.002143,0.4270833333333333,-0.013428,0.008767,-0.039938,-0.001621,-0.001103,True,False,CONFLICT,excess_median=-0.001103; median=-0.002143; positive_rate=0.427083; sample=480
NEUTRAL,COMMODITY_CYCLICAL,3,464,-0.003308,0.000766,0.5021551724137931,-0.022386,0.01627,-0.070028,-0.002602,-0.000785,True,False,NEUTRAL,excess_median=-0.000785; median=0.000766; positive_rate=0.502155; sample=464
NEUTRAL,COMMODITY_CYCLICAL,5,464,-0.00654,-0.002512,0.47413793103448276,-0.031029,0.020205,-0.09042,-0.002699,0.001423,True,False,NEUTRAL,excess_median=0.001423; median=-0.002512; positive_rate=0.474138; sample=464
NEUTRAL,COMMODITY_CYCLICAL,10,464,-0.007908,-0.001799,0.46120689655172414,-0.039511,0.025265,-0.116662,-0.003222,-0.000969,True,False,WEAK_CONFLICT,excess_median=-0.000969; median=-0.001799; positive_rate=0.461207; sample=464
NEUTRAL,COMMODITY_CYCLICAL,20,440,0.017701,0.017646,0.5909090909090909,-0.040831,0.063607,-0.110992,0.007845,0.001343,True,False,SUPPORTED,excess_median=0.001343; median=0.017646; positive_rate=0.590909; sample=440
OFFENSIVE,COMMODITY_CYCLICAL,1,1160,0.002365,0.00157,0.5310344827586206,-0.008337,0.013254,-0.031542,0.001147,-0.0003,True,False,NEUTRAL,excess_median=-0.0003; median=0.00157; positive_rate=0.531034; sample=1160
OFFENSIVE,COMMODITY_CYCLICAL,3,1160,0.005651,0.004657,0.5577586206896552,-0.013456,0.024559,-0.051156,0.002644,-0.000183,True,False,WEAK_SUPPORT,excess_median=-0.000183; median=0.004657; positive_rate=0.557759; sample=1160
OFFENSIVE,COMMODITY_CYCLICAL,5,1144,0.010298,0.009835,0.5935314685314685,-0.017642,0.037366,-0.063144,0.004086,0.000502,True,False,SUPPORTED,excess_median=0.000502; median=0.009835; positive_rate=0.593531; sample=1144
OFFENSIVE,COMMODITY_CYCLICAL,10,1104,0.021288,0.021571,0.6648550724637681,-0.01526,0.058111,-0.083591,0.007636,0.004926,True,False,SUPPORTED,excess_median=0.004926; median=0.021571; positive_rate=0.664855; sample=1104
OFFENSIVE,COMMODITY_CYCLICAL,20,1080,0.036771,0.042678,0.6731481481481482,-0.019724,0.087869,-0.115612,0.013573,0.016115,True,False,SUPPORTED,excess_median=0.016115; median=0.042678; positive_rate=0.673148; sample=1080
DEFENSIVE,CORE_LARGE_CAP,1,248,0.002338,0.001468,0.5403225806451613,-0.005406,0.010427,-0.017205,0.000263,0.0,True,False,NEUTRAL,excess_median=0; median=0.001468; positive_rate=0.540323; sample=248
DEFENSIVE,CORE_LARGE_CAP,3,248,0.007491,0.008383,0.6814516129032258,-0.003851,0.015861,-0.018539,0.001052,3.6e-05,True,False,SUPPORTED,excess_median=0.000036; median=0.008383; positive_rate=0.681452; sample=248
DEFENSIVE,CORE_LARGE_CAP,5,248,0.01351,0.011443,0.7782258064516129,0.001535,0.025108,-0.020815,0.001909,0.000854,True,False,SUPPORTED,excess_median=0.000854; median=0.011443; positive_rate=0.778226; sample=248
DEFENSIVE,CORE_LARGE_CAP,10,248,0.021021,0.02217,0.7338709677419355,-0.002411,0.041992,-0.021462,0.002251,0.001515,True,False,SUPPORTED,excess_median=0.001515; median=0.02217; positive_rate=0.733871; sample=248
DEFENSIVE,CORE_LARGE_CAP,20,232,0.032763,0.04328,0.7370689655172413,-0.000511,0.065142,-0.060467,0.003049,8.7e-05,True,False,SUPPORTED,excess_median=0.000087; median=0.04328; positive_rate=0.737069; sample=232
NEUTRAL,CORE_LARGE_CAP,1,240,-0.000859,0.0,0.49166666666666664,-0.006401,0.004562,-0.018809,-0.000218,-0.0,True,False,NEUTRAL,excess_median=-0; median=0; positive_rate=0.491667; sample=240
NEUTRAL,CORE_LARGE_CAP,3,232,-0.001103,0.000216,0.5043103448275862,-0.008889,0.00806,-0.034617,-0.000397,-0.0,True,False,NEUTRAL,excess_median=-0; median=0.000216; positive_rate=0.50431; sample=232
NEUTRAL,CORE_LARGE_CAP,5,232,-0.004498,-0.002071,0.41379310344827586,-0.018645,0.009039,-0.040503,-0.000657,-0.0,True,False,WEAK_CONFLICT,excess_median=-0; median=-0.002071; positive_rate=0.413793; sample=232
NEUTRAL,CORE_LARGE_CAP,10,232,-0.005654,-0.005215,0.4224137931034483,-0.025413,0.014255,-0.05267,-0.000968,-0.0,True,False,WEAK_CONFLICT,excess_median=-0; median=-0.005215; positive_rate=0.422414; sample=232
NEUTRAL,CORE_LARGE_CAP,20,220,0.009424,0.002873,0.5227272727272727,-0.016756,0.034174,-0.049388,-0.000432,0.0,True,False,NEUTRAL,excess_median=0; median=0.002873; positive_rate=0.522727; sample=220
OFFENSIVE,CORE_LARGE_CAP,1,580,0.001516,0.001945,0.5724137931034483,-0.004542,0.008215,-0.020855,0.000298,0.0,True,False,WEAK_SUPPORT,excess_median=0; median=0.001945; positive_rate=0.572414; sample=580
OFFENSIVE,CORE_LARGE_CAP,3,580,0.003809,0.004593,0.6120689655172413,-0.005478,0.013796,-0.028402,0.000704,0.0,True,False,WEAK_SUPPORT,excess_median=0; median=0.004593; positive_rate=0.612069; sample=580
OFFENSIVE,CORE_LARGE_CAP,5,572,0.007209,0.008912,0.6468531468531469,-0.007393,0.021853,-0.031409,0.001167,0.0,True,False,WEAK_SUPPORT,excess_median=0; median=0.008912; positive_rate=0.646853; sample=572
OFFENSIVE,CORE_LARGE_CAP,10,552,0.016713,0.017378,0.7101449275362319,-0.001732,0.037903,-0.033372,0.002909,1.8e-05,True,False,SUPPORTED,excess_median=0.000018; median=0.017378; positive_rate=0.710145; sample=552
OFFENSIVE,CORE_LARGE_CAP,20,540,0.029252,0.031301,0.8018518518518518,0.004692,0.049552,-0.038412,0.005564,0.001876,True,False,SUPPORTED,excess_median=0.001876; median=0.031301; positive_rate=0.801852; sample=540
DEFENSIVE,CORE_MID_CAP,1,186,0.002421,0.00036,0.5,-0.007046,0.010488,-0.025187,0.000347,0.00034,True,False,WEAK_SUPPORT,excess_median=0.00034; median=0.00036; positive_rate=0.5; sample=186
DEFENSIVE,CORE_MID_CAP,3,186,0.008179,0.006975,0.6075268817204301,-0.006963,0.018401,-0.033616,0.001741,-0.00032,True,False,WEAK_SUPPORT,excess_median=-0.00032; median=0.006975; positive_rate=0.607527; sample=186
DEFENSIVE,CORE_MID_CAP,5,186,0.015557,0.009476,0.6397849462365591,-0.008568,0.032237,-0.039347,0.003956,0.002355,True,False,SUPPORTED,excess_median=0.002355; median=0.009476; positive_rate=0.639785; sample=186
DEFENSIVE,CORE_MID_CAP,10,186,0.026046,0.015158,0.6989247311827957,-0.004759,0.051525,-0.053371,0.007276,0.005195,True,False,SUPPORTED,excess_median=0.005195; median=0.015158; positive_rate=0.698925; sample=186
DEFENSIVE,CORE_MID_CAP,20,174,0.044683,0.029411,0.6551724137931034,-0.01438,0.09025,-0.088353,0.014969,0.007041,True,False,SUPPORTED,excess_median=0.007041; median=0.029411; positive_rate=0.655172; sample=174
NEUTRAL,CORE_MID_CAP,1,180,0.000329,-0.000165,0.4888888888888889,-0.008456,0.009687,-0.025124,0.000866,0.001568,True,False,NEUTRAL,excess_median=0.001568; median=-0.000165; positive_rate=0.488889; sample=180
NEUTRAL,CORE_MID_CAP,3,174,0.000914,0.00076,0.5057471264367817,-0.015204,0.012554,-0.042646,0.00162,0.001819,True,False,WEAK_SUPPORT,excess_median=0.001819; median=0.00076; positive_rate=0.505747; sample=174
NEUTRAL,CORE_MID_CAP,5,174,-0.002643,-0.004373,0.41954022988505746,-0.021871,0.014172,-0.054081,0.001198,-0.000184,True,False,CONFLICT,excess_median=-0.000184; median=-0.004373; positive_rate=0.41954; sample=174
NEUTRAL,CORE_MID_CAP,10,174,-0.003073,-0.004485,0.4367816091954023,-0.027926,0.022042,-0.073496,0.001613,0.000715,True,False,WEAK_CONFLICT,excess_median=0.000715; median=-0.004485; positive_rate=0.436782; sample=174
NEUTRAL,CORE_MID_CAP,20,165,0.007959,0.004117,0.5151515151515151,-0.022792,0.039706,-0.086586,-0.001898,-0.002914,True,False,NEUTRAL,excess_median=-0.002914; median=0.004117; positive_rate=0.515152; sample=165
OFFENSIVE,CORE_MID_CAP,1,435,0.002325,0.001912,0.5494252873563218,-0.007668,0.011777,-0.032786,0.001108,-0.000383,True,False,NEUTRAL,excess_median=-0.000383; median=0.001912; positive_rate=0.549425; sample=435
OFFENSIVE,CORE_MID_CAP,3,435,0.006477,0.004005,0.5954022988505747,-0.00948,0.02324,-0.051052,0.003362,0.000996,True,False,SUPPORTED,excess_median=0.000996; median=0.004005; positive_rate=0.595402; sample=435
OFFENSIVE,CORE_MID_CAP,5,429,0.012091,0.007768,0.5920745920745921,-0.011468,0.033333,-0.059757,0.006142,0.003664,True,False,SUPPORTED,excess_median=0.003664; median=0.007768; positive_rate=0.592075; sample=429
OFFENSIVE,CORE_MID_CAP,10,414,0.027224,0.018273,0.6376811594202898,-0.012327,0.059383,-0.064795,0.013394,0.01134,True,False,SUPPORTED,excess_median=0.01134; median=0.018273; positive_rate=0.637681; sample=414
OFFENSIVE,CORE_MID_CAP,20,405,0.050282,0.031099,0.6493827160493827,-0.01644,0.098352,-0.06642,0.02624,0.01985,True,False,SUPPORTED,excess_median=0.01985; median=0.031099; positive_rate=0.649383; sample=405
DEFENSIVE,DIVIDEND,1,186,0.000723,0.000664,0.5376344086021505,-0.003232,0.00545,-0.015413,-0.001352,-0.001249,True,False,NEUTRAL,excess_median=-0.001249; median=0.000664; positive_rate=0.537634; sample=186
DEFENSIVE,DIVIDEND,3,186,0.001735,0.002295,0.5752688172043011,-0.006036,0.009256,-0.018134,-0.004703,-0.00372,True,False,WEAK_SUPPORT,excess_median=-0.00372; median=0.002295; positive_rate=0.575269; sample=186
DEFENSIVE,DIVIDEND,5,186,0.001545,0.002549,0.5967741935483871,-0.006559,0.010823,-0.028764,-0.010056,-0.008835,True,False,WEAK_SUPPORT,excess_median=-0.008835; median=0.002549; positive_rate=0.596774; sample=186
DEFENSIVE,DIVIDEND,10,186,0.00025,0.004096,0.5698924731182796,-0.010579,0.015732,-0.049829,-0.018519,-0.013824,True,False,WEAK_SUPPORT,excess_median=-0.013824; median=0.004096; positive_rate=0.569892; sample=186
DEFENSIVE,DIVIDEND,20,174,0.004038,0.00844,0.5747126436781609,-0.013644,0.024079,-0.052762,-0.025675,-0.031866,True,False,WEAK_SUPPORT,excess_median=-0.031866; median=0.00844; positive_rate=0.574713; sample=174
NEUTRAL,DIVIDEND,1,180,-0.001187,0.0,0.46111111111111114,-0.005956,0.00443,-0.018576,-0.000557,0.000167,True,False,NEUTRAL,excess_median=0.000167; median=0; positive_rate=0.461111; sample=180
NEUTRAL,DIVIDEND,3,174,-0.003711,-0.000989,0.4482758620689655,-0.013895,0.005804,-0.034236,-0.003005,-0.000922,True,False,CONFLICT,excess_median=-0.000922; median=-0.000989; positive_rate=0.448276; sample=174
NEUTRAL,DIVIDEND,5,174,-0.005752,-0.002304,0.4425287356321839,-0.017383,0.006828,-0.04522,-0.001911,0.000832,True,False,WEAK_CONFLICT,excess_median=0.000832; median=-0.002304; positive_rate=0.442529; sample=174
NEUTRAL,DIVIDEND,10,174,-0.006293,-0.001301,0.46551724137931033,-0.018566,0.012918,-0.060302,-0.001607,-0.001952,True,False,WEAK_CONFLICT,excess_median=-0.001952; median=-0.001301; positive_rate=0.465517; sample=174
NEUTRAL,DIVIDEND,20,165,-0.000194,0.0,0.49696969696969695,-0.023587,0.025956,-0.05044,-0.01005,-0.008841,True,False,NEUTRAL,excess_median=-0.008841; median=0; positive_rate=0.49697; sample=165
OFFENSIVE,DIVIDEND,1,435,0.000128,0.000655,0.5103448275862069,-0.004152,0.004499,-0.014108,-0.00109,-0.001557,True,False,NEUTRAL,excess_median=-0.001557; median=0.000655; positive_rate=0.510345; sample=435
OFFENSIVE,DIVIDEND,3,435,0.00059,0.0,0.49195402298850577,-0.008516,0.009851,-0.021252,-0.002678,-0.003148,True,False,NEUTRAL,excess_median=-0.003148; median=0; positive_rate=0.491954; sample=435
OFFENSIVE,DIVIDEND,5,429,0.001205,0.000633,0.5034965034965035,-0.01063,0.013175,-0.028323,-0.005392,-0.006254,True,False,NEUTRAL,excess_median=-0.006254; median=0.000633; positive_rate=0.503497; sample=429
OFFENSIVE,DIVIDEND,10,414,0.001063,0.002519,0.5193236714975845,-0.014749,0.01761,-0.039941,-0.012968,-0.016161,True,False,NEUTRAL,excess_median=-0.016161; median=0.002519; positive_rate=0.519324; sample=414
OFFENSIVE,DIVIDEND,20,405,-0.001602,-0.001671,0.49135802469135803,-0.021014,0.0252,-0.069358,-0.024958,-0.028671,True,False,WEAK_CONFLICT,excess_median=-0.028671; median=-0.001671; positive_rate=0.491358; sample=405
DEFENSIVE,HIGH_BETA_THEME,1,124,-0.000141,0.0,0.4838709677419355,-0.010207,0.012556,-0.035356,-0.002216,-0.000362,True,False,NEUTRAL,excess_median=-0.000362; median=0; positive_rate=0.483871; sample=124
DEFENSIVE,HIGH_BETA_THEME,3,124,0.00468,0.006687,0.6290322580645161,-0.006794,0.016746,-0.055276,-0.001758,0.000659,True,False,SUPPORTED,excess_median=0.000659; median=0.006687; positive_rate=0.629032; sample=124
DEFENSIVE,HIGH_BETA_THEME,5,124,0.011117,0.015709,0.6612903225806451,-0.010963,0.035192,-0.054252,-0.000484,0.003001,True,False,SUPPORTED,excess_median=0.003001; median=0.015709; positive_rate=0.66129; sample=124
DEFENSIVE,HIGH_BETA_THEME,10,124,0.015745,0.016827,0.6451612903225806,-0.028772,0.04946,-0.064505,-0.003025,0.0001,True,False,SUPPORTED,excess_median=0.0001; median=0.016827; positive_rate=0.645161; sample=124
DEFENSIVE,HIGH_BETA_THEME,20,116,0.043608,0.052398,0.6637931034482759,-0.044889,0.116218,-0.143589,0.013894,0.009568,True,False,SUPPORTED,excess_median=0.009568; median=0.052398; positive_rate=0.663793; sample=116
NEUTRAL,HIGH_BETA_THEME,1,120,-0.003166,-0.003876,0.36666666666666664,-0.014881,0.005702,-0.026331,-0.002486,-0.001512,True,False,CONFLICT,excess_median=-0.001512; median=-0.003876; positive_rate=0.366667; sample=120
NEUTRAL,HIGH_BETA_THEME,3,116,-0.008158,-0.01132,0.33620689655172414,-0.026559,0.008353,-0.049059,-0.007452,-0.010455,True,False,CONFLICT,excess_median=-0.010455; median=-0.01132; positive_rate=0.336207; sample=116
NEUTRAL,HIGH_BETA_THEME,5,116,-0.015678,-0.018095,0.27586206896551724,-0.03284,0.002056,-0.065821,-0.011838,-0.008039,True,False,CONFLICT,excess_median=-0.008039; median=-0.018095; positive_rate=0.275862; sample=116
NEUTRAL,HIGH_BETA_THEME,10,116,-0.023314,-0.016684,0.29310344827586204,-0.048789,0.005924,-0.095445,-0.018628,-0.01887,True,False,CONFLICT,excess_median=-0.01887; median=-0.016684; positive_rate=0.293103; sample=116
NEUTRAL,HIGH_BETA_THEME,20,110,-0.010397,-0.013502,0.32727272727272727,-0.058099,0.008988,-0.098743,-0.020253,-0.022526,True,False,CONFLICT,excess_median=-0.022526; median=-0.013502; positive_rate=0.327273; sample=110
OFFENSIVE,HIGH_BETA_THEME,1,290,0.003843,0.003714,0.593103448275862,-0.007642,0.016051,-0.030828,0.002625,0.000788,True,False,SUPPORTED,excess_median=0.000788; median=0.003714; positive_rate=0.593103; sample=290
OFFENSIVE,HIGH_BETA_THEME,3,290,0.00907,0.010734,0.6310344827586207,-0.009994,0.030087,-0.049242,0.005901,0.001876,True,False,SUPPORTED,excess_median=0.001876; median=0.010734; positive_rate=0.631034; sample=290
OFFENSIVE,HIGH_BETA_THEME,5,286,0.014262,0.015379,0.6643356643356644,-0.009687,0.042362,-0.066599,0.008035,0.00423,True,False,SUPPORTED,excess_median=0.00423; median=0.015379; positive_rate=0.664336; sample=286
OFFENSIVE,HIGH_BETA_THEME,10,276,0.028356,0.033086,0.7101449275362319,-0.013507,0.069064,-0.0744,0.014468,0.013881,True,False,SUPPORTED,excess_median=0.013881; median=0.033086; positive_rate=0.710145; sample=276
OFFENSIVE,HIGH_BETA_THEME,20,270,0.039388,0.046066,0.6111111111111112,-0.027753,0.10168,-0.078465,0.016198,0.019472,True,False,SUPPORTED,excess_median=0.019472; median=0.046066; positive_rate=0.611111; sample=270
DEFENSIVE,SECTOR_CYCLICAL,1,248,0.000601,0.0,0.47580645161290325,-0.008513,0.0088,-0.030716,-0.001474,-0.001897,True,False,NEUTRAL,excess_median=-0.001897; median=0; positive_rate=0.475806; sample=248
DEFENSIVE,SECTOR_CYCLICAL,3,248,0.002513,0.00251,0.5403225806451613,-0.012502,0.015298,-0.037273,-0.003926,-0.005527,True,False,NEUTRAL,excess_median=-0.005527; median=0.00251; positive_rate=0.540323; sample=248
DEFENSIVE,SECTOR_CYCLICAL,5,248,0.004031,0.00189,0.5201612903225806,-0.015835,0.022678,-0.04607,-0.007569,-0.010667,True,False,NEUTRAL,excess_median=-0.010667; median=0.00189; positive_rate=0.520161; sample=248
DEFENSIVE,SECTOR_CYCLICAL,10,248,0.004171,0.006984,0.5524193548387096,-0.026501,0.034073,-0.064239,-0.014598,-0.018667,True,False,WEAK_SUPPORT,excess_median=-0.018667; median=0.006984; positive_rate=0.552419; sample=248
DEFENSIVE,SECTOR_CYCLICAL,20,232,0.000138,0.00724,0.5387931034482759,-0.048649,0.047731,-0.120666,-0.029575,-0.041197,True,False,NEUTRAL,excess_median=-0.041197; median=0.00724; positive_rate=0.538793; sample=232
NEUTRAL,SECTOR_CYCLICAL,1,240,-0.001514,-0.00073,0.45416666666666666,-0.010157,0.008141,-0.033605,-0.000712,-0.000732,True,False,WEAK_CONFLICT,excess_median=-0.000732; median=-0.00073; positive_rate=0.454167; sample=240
NEUTRAL,SECTOR_CYCLICAL,3,232,-0.003805,-0.000709,0.4870689655172414,-0.015958,0.010493,-0.063558,-0.003099,-0.002785,True,False,WEAK_CONFLICT,excess_median=-0.002785; median=-0.000709; positive_rate=0.487069; sample=232
NEUTRAL,SECTOR_CYCLICAL,5,232,-0.008724,-0.005204,0.4224137931034483,-0.026112,0.012323,-0.07696,-0.004884,-0.000939,True,False,CONFLICT,excess_median=-0.000939; median=-0.005204; positive_rate=0.422414; sample=232
NEUTRAL,SECTOR_CYCLICAL,10,232,-0.015075,-0.011625,0.3620689655172414,-0.045081,0.014433,-0.093317,-0.010389,-0.011463,True,False,CONFLICT,excess_median=-0.011463; median=-0.011625; positive_rate=0.362069; sample=232
NEUTRAL,SECTOR_CYCLICAL,20,220,-0.010035,-0.01182,0.4,-0.055491,0.041485,-0.095805,-0.019891,-0.023674,True,False,CONFLICT,excess_median=-0.023674; median=-0.01182; positive_rate=0.4; sample=220
OFFENSIVE,SECTOR_CYCLICAL,1,580,0.000828,0.000292,0.5051724137931034,-0.006759,0.008091,-0.023255,-0.00039,-0.001676,True,False,NEUTRAL,excess_median=-0.001676; median=0.000292; positive_rate=0.505172; sample=580
OFFENSIVE,SECTOR_CYCLICAL,3,580,0.001856,0.001235,0.5189655172413793,-0.012673,0.016897,-0.038509,-0.00125,-0.005107,True,False,NEUTRAL,excess_median=-0.005107; median=0.001235; positive_rate=0.518966; sample=580
OFFENSIVE,SECTOR_CYCLICAL,5,572,0.00399,0.00163,0.5297202797202797,-0.015818,0.023461,-0.047177,-0.002431,-0.006353,True,False,NEUTRAL,excess_median=-0.006353; median=0.00163; positive_rate=0.52972; sample=572
OFFENSIVE,SECTOR_CYCLICAL,10,552,0.00799,0.00651,0.5652173913043478,-0.020616,0.033735,-0.063677,-0.005945,-0.007272,True,False,WEAK_SUPPORT,excess_median=-0.007272; median=0.00651; positive_rate=0.565217; sample=552
OFFENSIVE,SECTOR_CYCLICAL,20,540,0.010374,0.011149,0.5611111111111111,-0.03367,0.057365,-0.102266,-0.01339,-0.016989,True,False,WEAK_SUPPORT,excess_median=-0.016989; median=0.011149; positive_rate=0.561111; sample=540
DEFENSIVE,SECTOR_DEFENSIVE,1,434,6e-05,0.0,0.44930875576036866,-0.006072,0.006045,-0.023949,-0.002015,-0.002798,True,False,WEAK_CONFLICT,excess_median=-0.002798; median=0; positive_rate=0.449309; sample=434
DEFENSIVE,SECTOR_DEFENSIVE,3,434,-0.000335,0.0,0.47235023041474655,-0.012726,0.011713,-0.039225,-0.006774,-0.00759,True,False,NEUTRAL,excess_median=-0.00759; median=0; positive_rate=0.47235; sample=434
DEFENSIVE,SECTOR_DEFENSIVE,5,434,-0.000831,-0.002572,0.4447004608294931,-0.016795,0.012991,-0.048168,-0.012432,-0.018275,True,False,CONFLICT,excess_median=-0.018275; median=-0.002572; positive_rate=0.4447; sample=434
DEFENSIVE,SECTOR_DEFENSIVE,10,434,-0.00323,-0.009812,0.38018433179723504,-0.025251,0.015209,-0.065773,-0.022,-0.025147,True,False,CONFLICT,excess_median=-0.025147; median=-0.009812; positive_rate=0.380184; sample=434
DEFENSIVE,SECTOR_DEFENSIVE,20,406,-0.009199,-0.014684,0.3620689655172414,-0.03939,0.016783,-0.079887,-0.038913,-0.041121,True,False,CONFLICT,excess_median=-0.041121; median=-0.014684; positive_rate=0.362069; sample=406
NEUTRAL,SECTOR_DEFENSIVE,1,420,-0.001455,-0.001693,0.44047619047619047,-0.009832,0.006571,-0.024726,-0.000453,-0.001321,True,False,CONFLICT,excess_median=-0.001321; median=-0.001693; positive_rate=0.440476; sample=420
NEUTRAL,SECTOR_DEFENSIVE,3,406,-0.003103,-0.002911,0.4187192118226601,-0.019187,0.011009,-0.042663,-0.002396,-0.00334,True,False,CONFLICT,excess_median=-0.00334; median=-0.002911; positive_rate=0.418719; sample=406
NEUTRAL,SECTOR_DEFENSIVE,5,406,-0.004259,-0.003571,0.43596059113300495,-0.022388,0.013526,-0.054639,-0.000418,4.4e-05,True,False,WEAK_CONFLICT,excess_median=0.000044; median=-0.003571; positive_rate=0.435961; sample=406
NEUTRAL,SECTOR_DEFENSIVE,10,406,-0.004483,-0.010727,0.37438423645320196,-0.030436,0.015951,-0.054164,0.000203,-0.004805,True,False,CONFLICT,excess_median=-0.004805; median=-0.010727; positive_rate=0.374384; sample=406
NEUTRAL,SECTOR_DEFENSIVE,20,385,-5.2e-05,-0.007968,0.4155844155844156,-0.038128,0.032117,-0.077498,-0.009908,-0.019265,True,False,CONFLICT,excess_median=-0.019265; median=-0.007968; positive_rate=0.415584; sample=385
OFFENSIVE,SECTOR_DEFENSIVE,1,1015,0.000367,0.0,0.45615763546798027,-0.008824,0.007772,-0.023779,-0.000851,-0.002692,True,False,NEUTRAL,excess_median=-0.002692; median=0; positive_rate=0.456158; sample=1015
OFFENSIVE,SECTOR_DEFENSIVE,3,1015,0.000912,0.0,0.46502463054187193,-0.014956,0.015198,-0.039661,-0.002213,-0.004994,True,False,NEUTRAL,excess_median=-0.004994; median=0; positive_rate=0.465025; sample=1015
OFFENSIVE,SECTOR_DEFENSIVE,5,1001,0.001145,-0.002717,0.4515484515484515,-0.019699,0.020619,-0.04952,-0.005388,-0.010246,True,False,WEAK_CONFLICT,excess_median=-0.010246; median=-0.002717; positive_rate=0.451548; sample=1001
OFFENSIVE,SECTOR_DEFENSIVE,10,966,-0.000719,-0.007404,0.4440993788819876,-0.036628,0.032589,-0.070043,-0.015199,-0.020352,True,False,CONFLICT,excess_median=-0.020352; median=-0.007404; positive_rate=0.444099; sample=966
OFFENSIVE,SECTOR_DEFENSIVE,20,945,-0.006737,-0.021448,0.4084656084656085,-0.058442,0.046386,-0.108381,-0.031066,-0.029964,True,False,CONFLICT,excess_median=-0.029964; median=-0.021448; positive_rate=0.408466; sample=945
