signal_strength_bucket,style_fit_evidence,forward_horizon,sample_count,mean_forward_return,median_forward_return,positive_rate,research_only,execution_allowed
MEDIUM,CONFLICT,1,864,-0.001189,-0.001325,0.4201388888888889,True,False
MEDIUM,CONFLICT,3,858,-0.00474,-0.003008,0.4149184149184149,True,False
MEDIUM,CONFLICT,5,856,-0.006171,-0.007897,0.39135514018691586,True,False
MEDIUM,CONFLICT,10,852,-0.008042,-0.01432,0.3485915492957746,True,False
MEDIUM,CONFLICT,20,807,-0.014582,-0.024691,0.34944237918215615,True,False
MEDIUM,NEUTRAL,1,739,-0.000832,0.0,0.46820027063599456,True,False
MEDIUM,NEUTRAL,3,731,-0.000898,-0.000559,0.47332421340629277,True,False
MEDIUM,NEUTRAL,5,726,-0.00043,-0.001248,0.47520661157024796,True,False
MEDIUM,NEUTRAL,10,711,0.000708,0.0,0.49929676511954996,True,False
MEDIUM,NEUTRAL,20,697,0.008608,0.011687,0.5738880918220947,True,False
MEDIUM,SUPPORTED,1,854,0.002015,0.000184,0.5702576112412178,True,False
MEDIUM,SUPPORTED,3,850,0.004239,0.001113,0.6129411764705882,True,False
MEDIUM,SUPPORTED,5,844,0.008455,0.002751,0.6398104265402843,True,False
MEDIUM,SUPPORTED,10,829,0.016362,0.006398,0.6574185765983113,True,False
MEDIUM,SUPPORTED,20,804,0.033475,0.015646,0.6791044776119403,True,False
MEDIUM,WEAK_SUPPORT,1,623,2e-06,3e-05,0.5955056179775281,True,False
MEDIUM,WEAK_SUPPORT,3,623,9.8e-05,8e-05,0.6356340288924559,True,False
MEDIUM,WEAK_SUPPORT,5,623,0.000396,0.00016,0.6629213483146067,True,False
MEDIUM,WEAK_SUPPORT,10,619,0.000981,0.000391,0.6962843295638126,True,False
MEDIUM,WEAK_SUPPORT,20,615,0.002123,0.000823,0.6943089430894309,True,False
STRONG,CONFLICT,1,490,-0.000214,-0.000539,0.4530612244897959,True,False
STRONG,CONFLICT,3,486,-0.001447,-0.002642,0.4279835390946502,True,False
STRONG,CONFLICT,5,484,-0.003578,-0.007199,0.3925619834710744,True,False
STRONG,CONFLICT,10,479,-0.008726,-0.014577,0.36116910229645094,True,False
STRONG,CONFLICT,20,462,-0.010405,-0.019617,0.3463203463203463,True,False
STRONG,NEUTRAL,1,252,0.002034,0.000872,0.5515873015873016,True,False
STRONG,NEUTRAL,3,246,0.003387,0.002547,0.5447154471544715,True,False
STRONG,NEUTRAL,5,241,0.003427,0.00148,0.5228215767634855,True,False
STRONG,NEUTRAL,10,234,0.006257,0.006936,0.5726495726495726,True,False
STRONG,NEUTRAL,20,219,0.01883,0.020815,0.6575342465753424,True,False
STRONG,SUPPORTED,1,296,0.002467,0.001374,0.5236486486486487,True,False
STRONG,SUPPORTED,3,296,0.008363,0.004512,0.5709459459459459,True,False
STRONG,SUPPORTED,5,292,0.014578,0.011429,0.6164383561643836,True,False
STRONG,SUPPORTED,10,280,0.025601,0.027708,0.7464285714285714,True,False
STRONG,SUPPORTED,20,269,0.051144,0.0468,0.8327137546468402,True,False
STRONG,WEAK_SUPPORT,1,145,-0.000183,0.0,0.4896551724137931,True,False
STRONG,WEAK_SUPPORT,3,145,-0.000545,-1e-05,0.47586206896551725,True,False
STRONG,WEAK_SUPPORT,5,145,-0.001002,0.0,0.496551724137931,True,False
STRONG,WEAK_SUPPORT,10,145,-0.001977,-4e-05,0.4068965517241379,True,False
STRONG,WEAK_SUPPORT,20,145,-0.004508,-5e-05,0.4413793103448276,True,False
WEAK,CONFLICT,1,513,-0.000448,0.0,0.4600389863547758,True,False
WEAK,CONFLICT,3,504,0.002021,0.0,0.49603174603174605,True,False
WEAK,CONFLICT,5,496,0.00098,-0.002199,0.46169354838709675,True,False
WEAK,CONFLICT,10,481,-0.001129,-0.006042,0.42203742203742206,True,False
WEAK,CONFLICT,20,466,-0.008221,-0.016177,0.3798283261802575,True,False
WEAK,NEUTRAL,1,811,-0.000185,0.0,0.4845869297163995,True,False
WEAK,NEUTRAL,3,798,0.000359,0.001245,0.5263157894736842,True,False
WEAK,NEUTRAL,5,797,-0.000733,0.0,0.48431618569636137,True,False
WEAK,NEUTRAL,10,792,-9.4e-05,0.000746,0.5037878787878788,True,False
WEAK,NEUTRAL,20,752,0.009382,0.004684,0.5305851063829787,True,False
WEAK,SUPPORTED,1,1576,0.001885,0.000144,0.5571065989847716,True,False
WEAK,SUPPORTED,3,1566,0.005185,0.002415,0.6187739463601533,True,False
WEAK,SUPPORTED,5,1553,0.008951,0.005439,0.6625885383129427,True,False
WEAK,SUPPORTED,10,1517,0.016859,0.010408,0.6934739617666447,True,False
WEAK,SUPPORTED,20,1443,0.029176,0.02352,0.7151767151767152,True,False
WEAK,WEAK_SUPPORT,1,847,0.000293,3.5e-05,0.5808736717827627,True,False
WEAK,WEAK_SUPPORT,3,847,0.000785,0.000109,0.6363636363636364,True,False
WEAK,WEAK_SUPPORT,5,833,0.001021,0.000186,0.6482593037214885,True,False
WEAK,WEAK_SUPPORT,10,801,0.001645,0.000393,0.6666666666666666,True,False
WEAK,WEAK_SUPPORT,20,761,0.002999,0.000898,0.6977660972404731,True,False
