style_profile,OFFENSIVE_10d_median_excess,NEUTRAL_10d_median_excess,DEFENSIVE_10d_median_excess,best_regime,worst_regime,best_vs_worst_gap,regime_sensitive,regime_sensitivity_strength,research_only,execution_allowed
BOND,-0.013078,0.004019,-0.016971,NEUTRAL,DEFENSIVE,0.02099,True,HIGH,True,False
DIVIDEND,-0.016161,-0.001952,-0.013824,NEUTRAL,OFFENSIVE,0.014208999999999998,True,MEDIUM,True,False
LOW_VOL,,,,,,,False,LOW,True,False
CORE_LARGE_CAP,1.8e-05,-0.0,0.001515,DEFENSIVE,NEUTRAL,0.001515,False,LOW,True,False
CORE_MID_CAP,0.01134,0.000715,0.005195,OFFENSIVE,NEUTRAL,0.010624999999999999,True,MEDIUM,True,False
GROWTH_BROAD,,,,,,,False,LOW,True,False
GROWTH_THEME,,,,,,,False,LOW,True,False
SECTOR_CYCLICAL,-0.007272,-0.011463,-0.018667,OFFENSIVE,DEFENSIVE,0.011394999999999999,True,MEDIUM,True,False
SECTOR_DEFENSIVE,-0.020352,-0.004805,-0.025147,NEUTRAL,DEFENSIVE,0.020342,True,HIGH,True,False
HIGH_BETA_THEME,0.013881,-0.01887,0.0001,OFFENSIVE,NEUTRAL,0.032751,True,HIGH,True,False
COMMODITY_CYCLICAL,0.004926,-0.000969,0.006124,DEFENSIVE,NEUTRAL,0.007093,False,LOW,True,False
QDII_OBSERVATION,,,,,,,False,LOW,True,False
