code,display_name,name,start_date,end_date,type,exchange,source
159001,货币ETF易方达,BZJ,2014-10-20,2200-01-01,fund,XSHE,jqdata_get_all_securities
159003,招商快线ETF,ZSKX,2014-10-20,2200-01-01,fund,XSHE,jqdata_get_all_securities
159005,快钱ETF汇添富,TFKQ,2015-01-13,2200-01-01,fund,XSHE,jqdata_get_all_securities
159007,养殖ETF华泰柏瑞,YZETFHTBR,2026-04-17,2200-01-01,fund,XSHE,jqdata_get_all_securities
159008,证券ETF景顺,ZQETFJS,2026-04-28,2200-01-01,fund,XSHE,jqdata_get_all_securities
159009,创业板新能源ETF易方达,CYBXNYETFYFD,2026-04-14,2200-01-01,fund,XSHE,jqdata_get_all_securities
159010,港股通科技ETF博时,GGTKJETFBS,2026-05-13,2200-01-01,fund,XSHE,jqdata_get_all_securities
159012,科创创业50ETF鹏华,KCCY50ETFPH,2026-05-20,2200-01-01,fund,XSHE,jqdata_get_all_securities
159013,工业互联网ETF大成,GYHLWETFDC,2026-04-28,2200-01-01,fund,XSHE,jqdata_get_all_securities
159015,恒生港股通科技ETF国联,HSGGTKJETFGL,2026-05-08,2200-01-01,fund,XSHE,jqdata_get_all_securities
159016,证券ETF广发,ZQETFGF,2026-05-14,2200-01-01,fund,XSHE,jqdata_get_all_securities
159017,石油ETF工银,SYETFGY,2026-05-08,2200-01-01,fund,XSHE,jqdata_get_all_securities
159018,石油ETF广发,SYETFGF,2026-04-27,2200-01-01,fund,XSHE,jqdata_get_all_securities
159019,石油ETF华宝,SYETFHB,2026-04-23,2200-01-01,fund,XSHE,jqdata_get_all_securities
159020,养殖ETF易方达,YZETFYFD,2026-04-27,2200-01-01,fund,XSHE,jqdata_get_all_securities
159021,大盘价值ETF华夏,DPJZETFHX,2026-05-15,2200-01-01,fund,XSHE,jqdata_get_all_securities
159022,科创创业人工智能ETF富国,KCCYRGZNETFFG,2026-04-24,2200-01-01,fund,XSHE,jqdata_get_all_securities
159026,石油ETF南方,SYETFNF,2026-04-24,2200-01-01,fund,XSHE,jqdata_get_all_securities
159027,畜牧养殖ETF大成,CMYZETFDC,2026-05-15,2200-01-01,fund,XSHE,jqdata_get_all_securities
159028,港股汽车ETF天弘,GGQCETFTH,2026-05-14,2200-01-01,fund,XSHE,jqdata_get_all_securities
159029,有色ETF广发,YSETFGF,2026-05-21,2200-01-01,fund,XSHE,jqdata_get_all_securities
159030,粮食ETF华夏,LSETFHX,2026-05-12,2200-01-01,fund,XSHE,jqdata_get_all_securities
159031,粮食ETF博时,LSETFBS,2026-06-01,2200-01-01,fund,XSHE,jqdata_get_all_securities
159032,工业有色ETF易方达,GYYSETFYFD,2026-05-13,2200-01-01,fund,XSHE,jqdata_get_all_securities
159033,粮食ETF国泰,LSETFGT,2026-06-05,2200-01-01,fund,XSHE,jqdata_get_all_securities
159035,软件ETF天弘,RJETFTH,2026-05-15,2200-01-01,fund,XSHE,jqdata_get_all_securities
159036,软件开发ETF华宝,RJKFETFHB,2026-06-11,2200-01-01,fund,XSHE,jqdata_get_all_securities
159037,价值ETF鹏华,JZETFPH,2026-06-11,2200-01-01,fund,XSHE,jqdata_get_all_securities
159038,粮食ETF易方达,LSETFYFD,2026-05-21,2200-01-01,fund,XSHE,jqdata_get_all_securities
159041,农业ETF鹏华,NYETFPH,2026-06-10,2200-01-01,fund,XSHE,jqdata_get_all_securities
159042,价值ETF汇添富,JZETFHTF,2026-06-09,2200-01-01,fund,XSHE,jqdata_get_all_securities
159046,绿电ETF天弘,LDETFTH,2026-06-11,2200-01-01,fund,XSHE,jqdata_get_all_securities
159048,机器人ETF大成,JQRETFDC,2026-06-10,2200-01-01,fund,XSHE,jqdata_get_all_securities
159050,机器人ETF广发,JQRETFGF,2026-06-09,2200-01-01,fund,XSHE,jqdata_get_all_securities
159051,医疗器械ETF易方达,YLQXETFYFD,2026-06-09,2200-01-01,fund,XSHE,jqdata_get_all_securities
159052,新能源电池ETF嘉实,XNYDCETFJS,2026-06-11,2200-01-01,fund,XSHE,jqdata_get_all_securities
159053,稀有金属ETF华夏,XYJSETFHX,2026-06-09,2200-01-01,fund,XSHE,jqdata_get_all_securities
159055,稀有金属ETF富国,XYJSETFFG,2026-06-09,2200-01-01,fund,XSHE,jqdata_get_all_securities
159056,医疗器械ETF富国,YLQXETFFG,2026-06-09,2200-01-01,fund,XSHE,jqdata_get_all_securities
159060,粮食ETF浦银,LSETFPY,2026-06-10,2200-01-01,fund,XSHE,jqdata_get_all_securities
159100,巴西ETF华夏,BXETF,2025-11-13,2200-01-01,fund,XSHE,jqdata_get_all_securities
159101,港股通科技ETF华夏,GGTKJETFJJ,2025-09-03,2200-01-01,fund,XSHE,jqdata_get_all_securities
159102,港股通生物科技ETF华安,GGTSWKJETF,2025-09-16,2200-01-01,fund,XSHE,jqdata_get_all_securities
159103,金融科技ETF汇添富,JRKJETFHTF,2025-09-10,2200-01-01,fund,XSHE,jqdata_get_all_securities
159105,恒生生物科技ETF易方达,HSSWKJETFYFD,2025-11-03,2200-01-01,fund,XSHE,jqdata_get_all_securities
159106,民企300ETF前海开源,MQ300ETF,2025-10-22,2200-01-01,fund,XSHE,jqdata_get_all_securities
159107,创业板软件ETF富国,CYBRJETFFG,2025-09-22,2200-01-01,fund,XSHE,jqdata_get_all_securities
159108,工业软件ETF博时,GYRJETF,2025-11-24,2200-01-01,fund,XSHE,jqdata_get_all_securities
159109,恒生50ETF景顺,HS50ETF,2025-10-10,2200-01-01,fund,XSHE,jqdata_get_all_securities
159110,科创债ETF万家,KCZETFWJ,2025-09-24,2200-01-01,fund,XSHE,jqdata_get_all_securities
159111,科创债ETF天弘,KCZETFTH,2025-09-24,2200-01-01,fund,XSHE,jqdata_get_all_securities
159112,科创债ETF银华,KCZETFYH,2025-09-24,2200-01-01,fund,XSHE,jqdata_get_all_securities
159113,科创债ETF大成,KCZETFDC,2025-09-24,2200-01-01,fund,XSHE,jqdata_get_all_securities
159115,科创债ETF华安,KCZETFHA,2025-09-24,2200-01-01,fund,XSHE,jqdata_get_all_securities
159116,科创债ETF工银,KCZETFGY,2025-09-24,2200-01-01,fund,XSHE,jqdata_get_all_securities
159117,港股通红利低波ETF鹏华,GGTHLDBETF,2025-10-17,2200-01-01,fund,XSHE,jqdata_get_all_securities
159118,港股通红利低波ETF华夏,GGTHLDBETFJJ,2025-11-27,2200-01-01,fund,XSHE,jqdata_get_all_securities
159119,800现金流ETF招商,800XJLETF,2025-11-13,2200-01-01,fund,XSHE,jqdata_get_all_securities
159120,港股通科技ETF国联安,GGKJ30ETF,2025-11-13,2200-01-01,fund,XSHE,jqdata_get_all_securities
159121,港股通汽车ETF易方达,HSQCETF,2025-11-24,2200-01-01,fund,XSHE,jqdata_get_all_securities
159122,创业板新能源ETF富国,CYBXNYETFFG,2025-11-03,2200-01-01,fund,XSHE,jqdata_get_all_securities
159123,光伏ETF嘉实,GFETFJS,2025-11-27,2200-01-01,fund,XSHE,jqdata_get_all_securities
159125,港股通科技ETF招商,GGTKJETFZS,2025-11-06,2200-01-01,fund,XSHE,jqdata_get_all_securities
159126,港股通50ETF南方,GGT50ETFNF,2025-11-03,2200-01-01,fund,XSHE,jqdata_get_all_securities
159127,港股通红利ETF南方,GGTHLETFNF,2025-11-20,2200-01-01,fund,XSHE,jqdata_get_all_securities
159128,港股科技ETF天弘,GGKJETFTH,2025-11-13,2200-01-01,fund,XSHE,jqdata_get_all_securities
159129,化工ETF嘉实,HGETFJS,2025-11-14,2200-01-01,fund,XSHE,jqdata_get_all_securities
159130,恒生生物科技ETF鹏华,HSSWKJETFPH,2025-11-27,2200-01-01,fund,XSHE,jqdata_get_all_securities
159131,港股通信息技术ETF华宝,GGXXJSETF,2025-11-13,2200-01-01,fund,XSHE,jqdata_get_all_securities
159132,恒生生物科技ETF富国,HSSWKJETFFG,2026-01-08,2200-01-01,fund,XSHE,jqdata_get_all_securities
159133,化工ETF天弘,HGETFTH,2025-11-25,2200-01-01,fund,XSHE,jqdata_get_all_securities
159135,港股通科技ETF前海开源,GGTKJETFQHKY,2026-02-11,2200-01-01,fund,XSHE,jqdata_get_all_securities
159136,A50ETF广发,A50ETFGF,2025-12-25,2200-01-01,fund,XSHE,jqdata_get_all_securities
159137,港股通医疗ETF华宝,GGTYLETFHB,2026-01-12,2200-01-01,fund,XSHE,jqdata_get_all_securities
159138,工程机械ETF易方达,GCJXETFYFD,2026-01-13,2200-01-01,fund,XSHE,jqdata_get_all_securities
159139,科创创业人工智能ETF华泰柏瑞,KCCYRGZNETFHTBR,2025-12-19,2200-01-01,fund,XSHE,jqdata_get_all_securities
159140,科创创业人工智能ETF易方达,KCCYRGZNETFYFD,2025-12-18,2200-01-01,fund,XSHE,jqdata_get_all_securities
159141,科创创业人工智能ETF永赢,KCCYRGZNETFYY,2025-12-11,2200-01-01,fund,XSHE,jqdata_get_all_securities
159142,科创创业人工智能ETF景顺,KCCYRGZNETFJS,2025-12-12,2200-01-01,fund,XSHE,jqdata_get_all_securities
159143,港股通央企红利ETF平安,GGTYQHLETFPA,2026-01-12,2200-01-01,fund,XSHE,jqdata_get_all_securities
159145,工业软件ETF广发,GYRJETFGF,2026-01-19,2200-01-01,fund,XSHE,jqdata_get_all_securities
159146,电力ETF华宝,DLETFHB,2026-01-20,2200-01-01,fund,XSHE,jqdata_get_all_securities
159147,电池ETF南方,DCETFNF,2026-01-23,2200-01-01,fund,XSHE,jqdata_get_all_securities
159148,石油ETF富国,YQETFFG,2026-02-11,2200-01-01,fund,XSHE,jqdata_get_all_securities
159149,创业板新能源ETF工银,CYBXNYETFGY,2026-01-20,2200-01-01,fund,XSHE,jqdata_get_all_securities
159150,深证50ETF易方达,SZ50ETFYFD,2023-12-11,2200-01-01,fund,XSHE,jqdata_get_all_securities
159151,食品ETF华夏,SPETFHX,2026-01-14,2200-01-01,fund,XSHE,jqdata_get_all_securities
159152,港股通科技ETF平安,GGTKJETFPA,2026-02-03,2200-01-01,fund,XSHE,jqdata_get_all_securities
159153,消费电子ETF鹏华,XFDZETFPH,2026-02-09,2200-01-01,fund,XSHE,jqdata_get_all_securities
159155,电池ETF大成,DCETFDC,2026-01-21,2200-01-01,fund,XSHE,jqdata_get_all_securities
159156,电池ETF万家,DCETFWJ,2026-02-12,2200-01-01,fund,XSHE,jqdata_get_all_securities
159157,有色金属ETF天弘,YSJSETFTH,2026-02-06,2200-01-01,fund,XSHE,jqdata_get_all_securities
159158,电力ETF景顺,DLETFJS,2026-01-27,2200-01-01,fund,XSHE,jqdata_get_all_securities
159159,公用事业ETF国投瑞银,GYSYETFGTRY,2026-02-12,2200-01-01,fund,XSHE,jqdata_get_all_securities
159160,电池ETF东财,DCETFDC,2026-03-27,2200-01-01,fund,XSHE,jqdata_get_all_securities
159162,工业有色ETF鹏华,GYYSETFPH,2026-01-29,2200-01-01,fund,XSHE,jqdata_get_all_securities
159163,有色ETF泰康,YSETFTK,2026-02-09,2200-01-01,fund,XSHE,jqdata_get_all_securities
159165,养殖ETF永赢,YZETFYY,2026-02-12,2200-01-01,fund,XSHE,jqdata_get_all_securities
159166,现金流ETF长城,XJLETFCC,2026-03-18,2200-01-01,fund,XSHE,jqdata_get_all_securities
159167,港股通医疗ETF工银,GGTYLETFGY,2026-02-12,2200-01-01,fund,XSHE,jqdata_get_all_securities
159168,有色ETF富国,YSETFFG,2026-02-12,2200-01-01,fund,XSHE,jqdata_get_all_securities
159169,恒生生物科技ETF广发,HSSWKJETFGF,2026-03-04,2200-01-01,fund,XSHE,jqdata_get_all_securities
159170,港股通互联网ETF永赢,GGTHLWETFYY,2026-03-19,2200-01-01,fund,XSHE,jqdata_get_all_securities
159171,工业有色ETF博时,GYYSETFBS,2026-03-05,2200-01-01,fund,XSHE,jqdata_get_all_securities
159172,养殖ETF汇添富,YZETFHTF,2026-03-20,2200-01-01,fund,XSHE,jqdata_get_all_securities
159173,农牧ETF南方,NMETFNF,2026-04-02,2200-01-01,fund,XSHE,jqdata_get_all_securities
159175,电池ETF易方达,DCETFYFD,2026-03-05,2200-01-01,fund,XSHE,jqdata_get_all_securities
159176,家电ETF华宝,JDETFHB,2026-04-03,2200-01-01,fund,XSHE,jqdata_get_all_securities
159177,工程机械ETF鹏华,GCJXETFPH,2026-04-02,2200-01-01,fund,XSHE,jqdata_get_all_securities
159178,消费电子ETF汇添富,XFDZETFHTF,2026-04-28,2200-01-01,fund,XSHE,jqdata_get_all_securities
159179,港股通互联网ETF工银,GGTHLWETFGY,2026-04-03,2200-01-01,fund,XSHE,jqdata_get_all_securities
159180,软件ETF银华,RJETFYH,2026-04-03,2200-01-01,fund,XSHE,jqdata_get_all_securities
159181,石油ETF易方达,SYETFYFD,2026-03-19,2200-01-01,fund,XSHE,jqdata_get_all_securities
159182,家电ETF南方,JDETFNF,2026-05-08,2200-01-01,fund,XSHE,jqdata_get_all_securities
159183,新能源车ETF招商,XNYCETFZS,2026-03-24,2200-01-01,fund,XSHE,jqdata_get_all_securities
159185,港股通信息技术ETF鹏华,GGTXXJSETFPH,2026-04-24,2200-01-01,fund,XSHE,jqdata_get_all_securities
159186,港股通汽车ETF鹏华,GGTQCETFPH,2026-04-20,2200-01-01,fund,XSHE,jqdata_get_all_securities
159187,创业板新能源ETF景顺,CYBXNYETFJS,2026-04-01,2200-01-01,fund,XSHE,jqdata_get_all_securities
159188,红利100ETF景顺,HL100ETFJS,2026-04-10,2200-01-01,fund,XSHE,jqdata_get_all_securities
159189,石油ETF华夏,SYETFHX,2026-03-19,2200-01-01,fund,XSHE,jqdata_get_all_securities
159190,创业板新能源ETF天弘,CYBXNYETFTH,2026-03-30,2200-01-01,fund,XSHE,jqdata_get_all_securities
159191,港股通科技ETF易方达,GGTKJETFYFD,2026-03-26,2200-01-01,fund,XSHE,jqdata_get_all_securities
159192,家电ETF汇添富,JDETFHTF,2026-04-30,2200-01-01,fund,XSHE,jqdata_get_all_securities
159193,新能源电池ETF银华,XNYDCETFYH,2026-05-06,2200-01-01,fund,XSHE,jqdata_get_all_securities
159195,石油ETF华安,SYETFHA,2026-04-02,2200-01-01,fund,XSHE,jqdata_get_all_securities
159196,港股通信息技术ETF易方达,GGTXXJSETFYFD,2026-04-02,2200-01-01,fund,XSHE,jqdata_get_all_securities
159197,石油ETF招商,SYETFZS,2026-04-02,2200-01-01,fund,XSHE,jqdata_get_all_securities
159198,港股通信息技术ETF富国,GGTXXJSETFFG,2026-04-03,2200-01-01,fund,XSHE,jqdata_get_all_securities
159199,石油ETF平安,SYETFPA,2026-04-09,2200-01-01,fund,XSHE,jqdata_get_all_securities
159200,科创债ETF富国,KCZETFFG,2025-07-17,2200-01-01,fund,XSHE,jqdata_get_all_securities
159201,自由现金流ETF华夏,ZYXJLETF,2025-02-27,2200-01-01,fund,XSHE,jqdata_get_all_securities
159202,恒生互联网ETF万家,HSHLWKJETF,2025-04-16,2200-01-01,fund,XSHE,jqdata_get_all_securities
159203,大盘成长ETF博时,DPCZETF,2025-06-30,2200-01-01,fund,XSHE,jqdata_get_all_securities
159205,创业板ETF东财,CYBETFDC,2025-06-12,2200-01-01,fund,XSHE,jqdata_get_all_securities
159206,卫星ETF永赢,WXETF,2025-03-14,2200-01-01,fund,XSHE,jqdata_get_all_securities
159207,高股息ETF广发,GGXETF,2025-04-09,2200-01-01,fund,XSHE,jqdata_get_all_securities
159208,航空航天ETF万家,HTHKETF,2025-05-12,2200-01-01,fund,XSHE,jqdata_get_all_securities
159209,红利质量ETF招商,ZZHLZLETF,2025-03-25,2200-01-01,fund,XSHE,jqdata_get_all_securities
159210,港股通汽车ETF汇添富,GGQCETF,2025-06-04,2200-01-01,fund,XSHE,jqdata_get_all_securities
159211,深证100ETF富国,SZ100ETFFG,2025-04-14,2200-01-01,fund,XSHE,jqdata_get_all_securities
159212,深100ETF南方,S100ETFNF,2025-04-09,2200-01-01,fund,XSHE,jqdata_get_all_securities
159213,机器人ETF汇添富,JQRETFJJ,2025-04-30,2200-01-01,fund,XSHE,jqdata_get_all_securities
159215,A500ETF平安,ZZA500ETFZSJJ,2025-04-07,2200-01-01,fund,XSHE,jqdata_get_all_securities
159216,深证100ETF大成,SZ100ETFDC,2025-04-11,2200-01-01,fund,XSHE,jqdata_get_all_securities
159217,港股通创新药ETF工银,GGTCXYETFGY,2025-04-03,2200-01-01,fund,XSHE,jqdata_get_all_securities
159218,卫星ETF招商,WXCYETF,2025-05-22,2200-01-01,fund,XSHE,jqdata_get_all_securities
159219,深证100ETF融通,SZ100ETFRT,2025-05-13,2200-01-01,fund,XSHE,jqdata_get_all_securities
159220,港股通红利低波ETF华宝,GGTHLETF,2025-05-12,2200-01-01,fund,XSHE,jqdata_get_all_securities
159221,现金流ETF嘉实,XJL100ETF,2025-05-13,2200-01-01,fund,XSHE,jqdata_get_all_securities
159222,自由现金流ETF易方达,ZYXJLETFYFD,2025-04-17,2200-01-01,fund,XSHE,jqdata_get_all_securities
159223,现金流ETF永赢,XJLETFYY,2025-07-03,2200-01-01,fund,XSHE,jqdata_get_all_securities
159225,现金流ETF银华,XJLETFJJ,2025-04-17,2200-01-01,fund,XSHE,jqdata_get_all_securities
159226,中证A500增强ETF国泰,ZZA500ZQETF,2025-05-29,2200-01-01,fund,XSHE,jqdata_get_all_securities
159227,航空航天ETF华夏,HKHTETF,2025-05-16,2200-01-01,fund,XSHE,jqdata_get_all_securities
159228,红利低波ETF长城,HLDBETFCC,2025-06-18,2200-01-01,fund,XSHE,jqdata_get_all_securities
159229,自由现金流ETF广发,ZYXJLETFGF,2025-05-15,2200-01-01,fund,XSHE,jqdata_get_all_securities
159230,通用航空ETF华夏,TYHKETFJJ,2025-05-30,2200-01-01,fund,XSHE,jqdata_get_all_securities
159231,通用航空ETF华宝,TYHKETFHB,2025-04-29,2200-01-01,fund,XSHE,jqdata_get_all_securities
159232,自由现金流ETF南方,XJLETFNF,2025-04-30,2200-01-01,fund,XSHE,jqdata_get_all_securities
159233,自由现金流ETF平安,ZYXJLETFJJ,2025-06-04,2200-01-01,fund,XSHE,jqdata_get_all_securities
159235,中证现金流ETF大成,ZZXJLETF,2025-04-30,2200-01-01,fund,XSHE,jqdata_get_all_securities
159236,自由现金流ETF工银,ZYXJLETFGY,2025-05-16,2200-01-01,fund,XSHE,jqdata_get_all_securities
159237,港股汽车ETF工银,GGQCETFJJ,2025-07-07,2200-01-01,fund,XSHE,jqdata_get_all_securities
159238,沪深300增强ETF景顺,300ETFZQ,2025-06-09,2200-01-01,fund,XSHE,jqdata_get_all_securities
159239,港股通汽车ETF富国,HSQCETF,2025-05-28,2200-01-01,fund,XSHE,jqdata_get_all_securities
159240,A500增强ETF天弘,ZZA500ZQETFTH,2025-06-17,2200-01-01,fund,XSHE,jqdata_get_all_securities
159241,航空航天ETF天弘,HKHTETFTH,2025-05-29,2200-01-01,fund,XSHE,jqdata_get_all_securities
159242,创业板人工智能ETF大成,CYBRGZNETFDC,2025-07-24,2200-01-01,fund,XSHE,jqdata_get_all_securities
159243,创业板人工智能ETF招商,CYBRGZNETFZS,2026-01-05,2200-01-01,fund,XSHE,jqdata_get_all_securities
159245,港股通消费ETF富国,GGTXFETF,2025-06-19,2200-01-01,fund,XSHE,jqdata_get_all_securities
159246,创业板人工智能ETF富国,RGZNETFFG,2025-07-10,2200-01-01,fund,XSHE,jqdata_get_all_securities
159247,创业板ETF汇添富,CYBETFHTF,2026-02-02,2200-01-01,fund,XSHE,jqdata_get_all_securities
159248,人工智能ETF万家,RGZNETFJJ,2025-07-24,2200-01-01,fund,XSHE,jqdata_get_all_securities
159249,A500增强ETF工银,A500ZQETFGY,2025-07-02,2200-01-01,fund,XSHE,jqdata_get_all_securities
159251,港股通科技ETF万家,GGKJETFJJ,2025-07-24,2200-01-01,fund,XSHE,jqdata_get_all_securities
159253,银行ETF博时,ZZYHETF,2025-12-08,2200-01-01,fund,XSHE,jqdata_get_all_securities
159255,通用航空ETF易方达,TYHKETFYFD,2025-08-04,2200-01-01,fund,XSHE,jqdata_get_all_securities
159256,创业板软件ETF华夏,CYBRJETFHX,2025-08-04,2200-01-01,fund,XSHE,jqdata_get_all_securities
159257,航空ETF汇添富,HKETFJJ,2025-07-28,2200-01-01,fund,XSHE,jqdata_get_all_securities
159258,机器人ETF南方,JQRETFNF,2025-08-01,2200-01-01,fund,XSHE,jqdata_get_all_securities
159259,成长ETF易方达,CZETF,2025-08-28,2200-01-01,fund,XSHE,jqdata_get_all_securities
159260,证券ETF博时,ZQZSETF,2025-11-04,2200-01-01,fund,XSHE,jqdata_get_all_securities
159261,创业板新能源ETF鹏华,CYBXNYETFPH,2025-07-07,2200-01-01,fund,XSHE,jqdata_get_all_securities
159262,港股通科技ETF广发,GGTKJETF,2025-07-07,2200-01-01,fund,XSHE,jqdata_get_all_securities
159263,价值ETF易方达,JZETF,2025-07-08,2200-01-01,fund,XSHE,jqdata_get_all_securities
159265,港股消费ETF鹏华,GGXF50ETF,2025-07-02,2200-01-01,fund,XSHE,jqdata_get_all_securities
159266,港股央企红利ETF永赢,GGTYQHLETF,2025-08-01,2200-01-01,fund,XSHE,jqdata_get_all_securities
159267,航天ETF华安,HTETF,2025-08-01,2200-01-01,fund,XSHE,jqdata_get_all_securities
159268,港股通消费ETF汇添富,GGTXF50ETF,2025-07-21,2200-01-01,fund,XSHE,jqdata_get_all_securities
159269,港股通科技ETF南方,GGTKJETFNF,2025-07-10,2200-01-01,fund,XSHE,jqdata_get_all_securities
159270,创业板200ETF南方,CYB200ETFNF,2025-07-24,2200-01-01,fund,XSHE,jqdata_get_all_securities
159271,恒生ETF鹏华,HSZSETF,2025-08-11,2200-01-01,fund,XSHE,jqdata_get_all_securities
159272,机器人ETF富国,JQRETFFG,2025-09-19,2200-01-01,fund,XSHE,jqdata_get_all_securities
159273,云计算ETF汇添富,YJSETFHTF,2025-08-06,2200-01-01,fund,XSHE,jqdata_get_all_securities
159275,农牧渔ETF华宝,NMYETF,2025-09-29,2200-01-01,fund,XSHE,jqdata_get_all_securities
159276,现金流ETF汇添富,XJLETFHTF,2025-07-28,2200-01-01,fund,XSHE,jqdata_get_all_securities
159277,港股通红利ETF富国,GGTHLETFFG,2025-08-14,2200-01-01,fund,XSHE,jqdata_get_all_securities
159278,机器人ETF鹏华,JQRETFPH,2025-08-12,2200-01-01,fund,XSHE,jqdata_get_all_securities
159279,创业板人工智能ETF华安,CYBRGZNETFHA,2025-09-29,2200-01-01,fund,XSHE,jqdata_get_all_securities
159280,港股通互联网ETF汇添富,GGTHLWETFHTF,2025-08-18,2200-01-01,fund,XSHE,jqdata_get_all_securities
159281,港股央企红利ETF天弘,GGTYQHLETFTH,2025-09-02,2200-01-01,fund,XSHE,jqdata_get_all_securities
159283,通用航空ETF南方,TYHKETFNF,2025-08-21,2200-01-01,fund,XSHE,jqdata_get_all_securities
159285,港股通消费ETF华安,GGTXFETFHA,2025-10-20,2200-01-01,fund,XSHE,jqdata_get_all_securities
159286,港股通创新药ETF鹏华,GGCXYETFPH,2025-09-02,2200-01-01,fund,XSHE,jqdata_get_all_securities
159287,创业板综ETF博时,CYBZETFBS,2025-08-27,2200-01-01,fund,XSHE,jqdata_get_all_securities
159288,创业板综ETF银华,CYBZETFYH,2025-09-26,2200-01-01,fund,XSHE,jqdata_get_all_securities
159289,创业板综指ETF鹏华,CYBZZETFPH,2025-09-15,2200-01-01,fund,XSHE,jqdata_get_all_securities
159290,创业板综指增强ETF东财,CYBZZZQETF,2025-09-17,2200-01-01,fund,XSHE,jqdata_get_all_securities
159291,创业板综增强ETF招商,CYBZZQETFZS,2025-09-01,2200-01-01,fund,XSHE,jqdata_get_all_securities
159292,创业板综增强ETF华宝,CYBZZQETFHB,2025-09-02,2200-01-01,fund,XSHE,jqdata_get_all_securities
159293,创业板综增强ETF建信,CYBZZQETFJX,2026-01-13,2200-01-01,fund,XSHE,jqdata_get_all_securities
159295,创业综指ETF西部利得,CYZZETFXBLD,2025-11-04,2200-01-01,fund,XSHE,jqdata_get_all_securities
159296,A500红利低波ETF华宝,A500HLDBETF,2025-09-04,2200-01-01,fund,XSHE,jqdata_get_all_securities
159297,港股通创新药ETF南方,GGTCXYETFNF,2025-09-22,2200-01-01,fund,XSHE,jqdata_get_all_securities
159298,创业板50ETF大成,CYB50ETFDC,2025-09-08,2200-01-01,fund,XSHE,jqdata_get_all_securities
159299,金融科技ETF易方达,JRKJETFYFD,2025-09-11,2200-01-01,fund,XSHE,jqdata_get_all_securities
159300,沪深300ETF富国,300ETF,2024-06-05,2200-01-01,fund,XSHE,jqdata_get_all_securities
159301,公用事业ETF华夏,GYSYETF,2024-07-22,2200-01-01,fund,XSHE,jqdata_get_all_securities
159302,港股高股息ETF银华,GGGGXETF,2024-09-02,2200-01-01,fund,XSHE,jqdata_get_all_securities
159303,恒生医疗ETF大成,HSYLETFJJ,2024-06-27,2200-01-01,fund,XSHE,jqdata_get_all_securities
159305,储能电池ETF广发,CNDC50ETF,2024-09-27,2200-01-01,fund,XSHE,jqdata_get_all_securities
159306,汽车零部件ETF平安,QCLJETF,2024-05-14,2200-01-01,fund,XSHE,jqdata_get_all_securities
159307,红利低波100ETF博时,HLDB100ETF,2024-04-25,2200-01-01,fund,XSHE,jqdata_get_all_securities
159309,油气ETF汇添富,YQZYETF,2024-06-18,2200-01-01,fund,XSHE,jqdata_get_all_securities
159310,芯片ETF天弘,XPCYETF,2024-04-30,2200-01-01,fund,XSHE,jqdata_get_all_securities
159311,数字经济ETF易方达,SZJJETFYFD,2025-07-15,2200-01-01,fund,XSHE,jqdata_get_all_securities
159312,恒指港股通ETF广发,HSETFGGT,2024-11-08,2200-01-01,fund,XSHE,jqdata_get_all_securities
159315,黄金股ETF工银,HJGETFJJ,2024-06-14,2200-01-01,fund,XSHE,jqdata_get_all_securities
159316,港股通创新药ETF易方达,HSCXYETF,2025-03-26,2200-01-01,fund,XSHE,jqdata_get_all_securities
159318,恒指港股通ETF银华,HSGGTETF,2024-06-21,2200-01-01,fund,XSHE,jqdata_get_all_securities
159320,电网设备ETF广发,DWETF,2024-12-24,2200-01-01,fund,XSHE,jqdata_get_all_securities
159321,黄金股ETF华安,HJGPETF,2024-05-27,2200-01-01,fund,XSHE,jqdata_get_all_securities
159322,黄金股ETF平安,HJCYETF,2024-06-14,2200-01-01,fund,XSHE,jqdata_get_all_securities
159323,港股通汽车ETF华夏,GGTQCETF,2025-01-08,2200-01-01,fund,XSHE,jqdata_get_all_securities
159325,半导体ETF南方,BDTJXETF,2024-11-08,2200-01-01,fund,XSHE,jqdata_get_all_securities
159326,电网设备ETF华夏,DWSBETF,2024-09-09,2200-01-01,fund,XSHE,jqdata_get_all_securities
159327,半导体设备ETF万家,BDTSBETFJJ,2024-08-05,2200-01-01,fund,XSHE,jqdata_get_all_securities
159328,家电ETF易方达,JDETFYFD,2024-11-15,2200-01-01,fund,XSHE,jqdata_get_all_securities
159329,沙特ETF南方,STETF,2024-07-16,2200-01-01,fund,XSHE,jqdata_get_all_securities
159330,沪深300ETF东财,HS300ETFJJ,2024-08-19,2200-01-01,fund,XSHE,jqdata_get_all_securities
159331,红利港股ETF国泰,HLGGETF,2024-08-01,2200-01-01,fund,XSHE,jqdata_get_all_securities
159332,央企红利ETF富国,YQHLETF,2024-08-01,2200-01-01,fund,XSHE,jqdata_get_all_securities
159333,港股央企红利ETF万家,GGYQHLETF,2024-09-03,2200-01-01,fund,XSHE,jqdata_get_all_securities
159335,央企科创ETF融通,YQKCETF,2024-09-05,2200-01-01,fund,XSHE,jqdata_get_all_securities
159336,央企红利ETF融通,YQHL50ETF,2025-02-12,2200-01-01,fund,XSHE,jqdata_get_all_securities
159337,中证500ETF东财,ZZ500ETFJJ,2024-09-20,2200-01-01,fund,XSHE,jqdata_get_all_securities
159338,中证A500ETF国泰,ZZA500ETF,2024-10-15,2200-01-01,fund,XSHE,jqdata_get_all_securities
159339,A500ETF银华,A500ETF,2024-10-15,2200-01-01,fund,XSHE,jqdata_get_all_securities
159350,深证50ETF富国,SZ50ETFFG,2023-12-11,2200-01-01,fund,XSHE,jqdata_get_all_securities
159351,A500ETF嘉实,A500ZSETF,2024-10-15,2200-01-01,fund,XSHE,jqdata_get_all_securities
159352,A500ETF南方,ZZA500ETFNF,2024-10-15,2200-01-01,fund,XSHE,jqdata_get_all_securities
159353,中证A500ETF景顺,ZZA500ETFJS,2024-10-15,2200-01-01,fund,XSHE,jqdata_get_all_securities
159355,800红利低波ETF华宝,800HLDBETF,2024-12-03,2200-01-01,fund,XSHE,jqdata_get_all_securities
159356,A500ETF万家,A500ETFJJ,2024-12-06,2200-01-01,fund,XSHE,jqdata_get_all_securities
159357,A500ETF博时,ZZA500ZSETF,2024-11-28,2200-01-01,fund,XSHE,jqdata_get_all_securities
159358,中证A500ETF大成,ZZA500ETFJJ,2024-11-29,2200-01-01,fund,XSHE,jqdata_get_all_securities
159359,A500ETF华安,ZZA500ETFHA,2024-12-02,2200-01-01,fund,XSHE,jqdata_get_all_securities
159360,A500ETF天弘,ZZA500ETFTH,2024-11-28,2200-01-01,fund,XSHE,jqdata_get_all_securities
159361,A500ETF易方达,ZZA500ETFYFD,2024-11-19,2200-01-01,fund,XSHE,jqdata_get_all_securities
159362,A500ETF工银,A500ETFGY,2024-12-02,2200-01-01,fund,XSHE,jqdata_get_all_securities
159363,创业板人工智能ETF华宝,CYBRGZNETFHB,2024-12-16,2200-01-01,fund,XSHE,jqdata_get_all_securities
159365,恒指港股通ETF富国,HZETF,2025-06-30,2200-01-01,fund,XSHE,jqdata_get_all_securities
159366,港股医疗ETF永赢,GGYLETF,2025-04-14,2200-01-01,fund,XSHE,jqdata_get_all_securities
159367,创业板50ETF华夏,CYB50ETFHX,2025-02-14,2200-01-01,fund,XSHE,jqdata_get_all_securities
159368,创业板新能源ETF华夏,CYBXNYETFHX,2025-03-24,2200-01-01,fund,XSHE,jqdata_get_all_securities
159369,创业板50ETF易方达,CYB50ETFYFD,2025-08-21,2200-01-01,fund,XSHE,jqdata_get_all_securities
159370,创50ETF工银,C50ETFGY,2025-01-20,2200-01-01,fund,XSHE,jqdata_get_all_securities
159371,创业板50ETF富国,C50ETFFG,2025-02-12,2200-01-01,fund,XSHE,jqdata_get_all_securities
159372,创业板50ETF万家,CYB50ETFWJ,2025-06-09,2200-01-01,fund,XSHE,jqdata_get_all_securities
159373,创业板50ETF嘉实,CYB50ETFJS,2025-02-10,2200-01-01,fund,XSHE,jqdata_get_all_securities
159375,创业板50ETF国泰,CYB50ETFGT,2025-01-10,2200-01-01,fund,XSHE,jqdata_get_all_securities
159376,A500ETF浦银,A500ETFZSJJ,2025-01-13,2200-01-01,fund,XSHE,jqdata_get_all_securities
159377,创业板医药ETF国泰,CYBYYETFGT,2025-04-15,2200-01-01,fund,XSHE,jqdata_get_all_securities
159378,通用航空ETF永赢,TYHKETF,2025-01-10,2200-01-01,fund,XSHE,jqdata_get_all_securities
159379,A500ETF融通,A500ETFRT,2025-01-23,2200-01-01,fund,XSHE,jqdata_get_all_securities
159380,A500ETF东财,A500ETFDC,2025-01-08,2200-01-01,fund,XSHE,jqdata_get_all_securities
159381,创业板人工智能ETF华夏,CYBRGZNETFHX,2025-03-24,2200-01-01,fund,XSHE,jqdata_get_all_securities
159382,创业板人工智能ETF南方,CYBRGZNETFNF,2025-05-09,2200-01-01,fund,XSHE,jqdata_get_all_securities
159383,创业板50ETF华泰柏瑞,CYB50ETFHTBR,2025-02-14,2200-01-01,fund,XSHE,jqdata_get_all_securities
159385,数字经济ETF富国,SZJJETFFG,2025-05-30,2200-01-01,fund,XSHE,jqdata_get_all_securities
159386,A500ETF永赢,A500ETFYY,2025-02-11,2200-01-01,fund,XSHE,jqdata_get_all_securities
159387,创业板新能源ETF国泰,CYBXNYETFGT,2025-06-10,2200-01-01,fund,XSHE,jqdata_get_all_securities
159388,创业板人工智能ETF国泰,CYBRGZNETFGT,2025-04-07,2200-01-01,fund,XSHE,jqdata_get_all_securities
159389,数字经济ETF嘉实,SZJJETFJJ,2025-05-30,2200-01-01,fund,XSHE,jqdata_get_all_securities
159390,中证A50ETF国联,A50ZSETF,2025-04-09,2200-01-01,fund,XSHE,jqdata_get_all_securities
159391,大盘价值ETF博时,DPJZETF,2025-04-21,2200-01-01,fund,XSHE,jqdata_get_all_securities
159392,航空ETF富国,HKETF,2025-05-14,2200-01-01,fund,XSHE,jqdata_get_all_securities
159393,沪深300ETF万家,HS300ZSETF,2025-03-10,2200-01-01,fund,XSHE,jqdata_get_all_securities
159395,信用债ETF大成,XYZETFDC,2025-01-27,2200-01-01,fund,XSHE,jqdata_get_all_securities
159396,信用债ETF博时,XYZETFBS,2025-02-06,2200-01-01,fund,XSHE,jqdata_get_all_securities
159397,信用债ETF广发,XYZETFGF,2025-02-07,2200-01-01,fund,XSHE,jqdata_get_all_securities
159398,信用债ETF天弘,XYZETFTH,2025-02-06,2200-01-01,fund,XSHE,jqdata_get_all_securities
159399,现金流ETF国泰,XJLETF,2025-02-27,2200-01-01,fund,XSHE,jqdata_get_all_securities
159400,科创债ETF景顺,KCZETFJS,2025-07-17,2200-01-01,fund,XSHE,jqdata_get_all_securities
159500,中证500ETF富国,500ETF,2025-08-29,2200-01-01,fund,XSHE,jqdata_get_all_securities
159501,纳指ETF嘉实,NSDKZSETF,2023-06-14,2200-01-01,fund,XSHE,jqdata_get_all_securities
159502,标普生物科技ETF嘉实,BPSWKJETF,2024-01-10,2200-01-01,fund,XSHE,jqdata_get_all_securities
159503,财富管理ETF,CFGLETF,2023-07-20,2024-07-18,fund,XSHE,jqdata_get_all_securities
159505,国证2000ETF博时,GZ2000ZSETF,2023-12-04,2200-01-01,fund,XSHE,jqdata_get_all_securities
159506,港股通创新药医疗ETF富国,HSYLETF,2023-07-03,2200-01-01,fund,XSHE,jqdata_get_all_securities
159507,通信ETF广发,DXETF,2023-06-21,2200-01-01,fund,XSHE,jqdata_get_all_securities
159508,生物医药ETF华安,SWYYETFHA,2023-07-14,2200-01-01,fund,XSHE,jqdata_get_all_securities
159509,纳指科技ETF景顺,NZKJETF,2023-08-08,2200-01-01,fund,XSHE,jqdata_get_all_securities
159510,沪深300价值ETF华夏,HS300JZETF,2023-08-16,2200-01-01,fund,XSHE,jqdata_get_all_securities
159511,通信ETF南方,TXFWETF,2023-08-07,2200-01-01,fund,XSHE,jqdata_get_all_securities
159512,汽车ETF广发,QCETF,2023-07-25,2200-01-01,fund,XSHE,jqdata_get_all_securities
159513,纳斯达克100ETF大成,NSDK100ZSETF,2023-07-28,2200-01-01,fund,XSHE,jqdata_get_all_securities
159515,国企红利ETF鹏扬,GQHLETF,2023-09-06,2200-01-01,fund,XSHE,jqdata_get_all_securities
159516,半导体设备ETF国泰,BDTSBCLETF,2023-07-27,2200-01-01,fund,XSHE,jqdata_get_all_securities
159517,中证800增强ETF银华,800ZQETF,2023-09-05,2200-01-01,fund,XSHE,jqdata_get_all_securities
159518,标普油气ETF嘉实,BPYQETF,2023-11-15,2200-01-01,fund,XSHE,jqdata_get_all_securities
159519,港股国企ETF国泰,GGGQETF,2023-08-31,2200-01-01,fund,XSHE,jqdata_get_all_securities
159520,消费龙头ETF工银,XFLTETF,2023-10-31,2200-01-01,fund,XSHE,jqdata_get_all_securities
159521,国证2000ETF平安,2000ZSETF,2023-09-07,2200-01-01,fund,XSHE,jqdata_get_all_securities
159522,国证2000ETF景顺,2000ETFJJ,2023-10-16,2024-08-27,fund,XSHE,jqdata_get_all_securities
159523,沪深300成长ETF华夏,HS300CZETF,2023-09-19,2200-01-01,fund,XSHE,jqdata_get_all_securities
159525,红利低波ETF富国,HLDBETF,2024-05-20,2200-01-01,fund,XSHE,jqdata_get_all_securities
159526,机器人ETF嘉实,JQRZSETF,2024-04-24,2200-01-01,fund,XSHE,jqdata_get_all_securities
159527,云计算ETF广发,SJETF,2024-02-01,2200-01-01,fund,XSHE,jqdata_get_all_securities
159528,国企改革ETF富国,GQGGETF,2024-05-20,2200-01-01,fund,XSHE,jqdata_get_all_securities
159529,标普消费ETF景顺,BPXFETF,2024-02-02,2200-01-01,fund,XSHE,jqdata_get_all_securities
159530,机器人ETF易方达,JQR100ETF,2024-01-18,2200-01-01,fund,XSHE,jqdata_get_all_securities
159531,中证2000ETF南方,ZZ2000ETF,2023-09-18,2200-01-01,fund,XSHE,jqdata_get_all_securities
159532,中证2000ETF易方达,ZZ2000ZSETF,2023-09-21,2200-01-01,fund,XSHE,jqdata_get_all_securities
159533,中证2000ETF博时,ZZ2000ETFJJ,2024-06-07,2200-01-01,fund,XSHE,jqdata_get_all_securities
159535,中证2000ETF嘉实,ZZ2000ETFZS,2023-09-22,2200-01-01,fund,XSHE,jqdata_get_all_securities
159536,中证2000ETF汇添富,ZZ2000ETFTF,2023-09-21,2200-01-01,fund,XSHE,jqdata_get_all_securities
159537,信创ETF国泰,XCETF,2023-10-10,2200-01-01,fund,XSHE,jqdata_get_all_securities
159538,信创ETF富国,XCZSETF,2023-09-22,2200-01-01,fund,XSHE,jqdata_get_all_securities
159539,信创ETF广发,XC50ETF,2023-09-28,2200-01-01,fund,XSHE,jqdata_get_all_securities
159540,信创ETF易方达,XCETFZS,2023-09-28,2200-01-01,fund,XSHE,jqdata_get_all_securities
159541,创业板综ETF万家,CYBZETFWJ,2023-10-31,2200-01-01,fund,XSHE,jqdata_get_all_securities
159542,工程机械ETF大成,GCJXETF,2024-06-07,2200-01-01,fund,XSHE,jqdata_get_all_securities
159543,国证2000ETF工银,GZ2000ETFJJ,2023-11-20,2200-01-01,fund,XSHE,jqdata_get_all_securities
159545,恒生红利低波ETF易方达,HSHLDBETF,2024-04-15,2200-01-01,fund,XSHE,jqdata_get_all_securities
159546,集成电路ETF国泰,JCDLETF,2023-10-20,2200-01-01,fund,XSHE,jqdata_get_all_securities
159547,红利低波ETF华夏,HLDB50ETF,2024-02-06,2200-01-01,fund,XSHE,jqdata_get_all_securities
159549,红利低波ETF天弘,HLDBDETF,2023-12-11,2200-01-01,fund,XSHE,jqdata_get_all_securities
159550,互联网ETF东财,HLWETFHGS,2025-06-27,2200-01-01,fund,XSHE,jqdata_get_all_securities
159551,机器人ETF国泰,JQRCYETF,2023-11-16,2200-01-01,fund,XSHE,jqdata_get_all_securities
159552,中证2000增强ETF招商,ZZ2000ZQETF,2024-06-28,2200-01-01,fund,XSHE,jqdata_get_all_securities
159553,中证2000增强ETF海富通,2000ETFZQ,2024-04-15,2200-01-01,fund,XSHE,jqdata_get_all_securities
159555,中证2000增强ETF银华,2000ZQETF,2023-12-12,2200-01-01,fund,XSHE,jqdata_get_all_securities
159556,中证2000增强ETF平安,ZZ2000ETFZQ,2024-01-10,2200-01-01,fund,XSHE,jqdata_get_all_securities
159557,恒生医疗ETF嘉实,HSYLZSETF,2024-05-22,2200-01-01,fund,XSHE,jqdata_get_all_securities
159558,半导体设备ETF易方达,BDTCLSBETF,2024-06-18,2200-01-01,fund,XSHE,jqdata_get_all_securities
159559,机器人ETF景顺,JQRETFJJ,2023-12-12,2200-01-01,fund,XSHE,jqdata_get_all_securities
159560,芯片ETF景顺,XP50ETF,2023-11-20,2200-01-01,fund,XSHE,jqdata_get_all_securities
159561,德国ETF嘉实,DGETF,2024-04-30,2200-01-01,fund,XSHE,jqdata_get_all_securities
159562,黄金股ETF华夏,HJGETF,2024-01-22,2200-01-01,fund,XSHE,jqdata_get_all_securities
159563,创业板综ETF华夏,CYBZETFHX,2024-02-23,2200-01-01,fund,XSHE,jqdata_get_all_securities
159565,汽车零部件ETF易方达,QCLBJETF,2024-02-26,2200-01-01,fund,XSHE,jqdata_get_all_securities
159566,储能电池ETF易方达,CNDCETF,2024-02-08,2200-01-01,fund,XSHE,jqdata_get_all_securities
159567,港股创新药ETF银华,GGCXYETF,2024-01-11,2200-01-01,fund,XSHE,jqdata_get_all_securities
159568,港股互联网ETF博时,GGHLWETF,2024-02-27,2200-01-01,fund,XSHE,jqdata_get_all_securities
159569,港股红利低波ETF景顺,GGHLDBETF,2024-08-22,2200-01-01,fund,XSHE,jqdata_get_all_securities
159570,港股通创新药ETF汇添富,GGTCXYETF,2024-01-22,2200-01-01,fund,XSHE,jqdata_get_all_securities
159571,创业板200ETF富国,CYB200ETFFG,2024-01-02,2200-01-01,fund,XSHE,jqdata_get_all_securities
159572,创业板200ETF易方达,CYB200ETFYFD,2023-12-25,2200-01-01,fund,XSHE,jqdata_get_all_securities
159573,创业板200ETF华夏,CYB200ETFHX,2023-12-25,2200-01-01,fund,XSHE,jqdata_get_all_securities
159575,创业板200ETF银华,CYB200ETFYH,2024-01-02,2200-01-01,fund,XSHE,jqdata_get_all_securities
159576,深证100ETF广发,SZ100ETFGF,2024-01-03,2200-01-01,fund,XSHE,jqdata_get_all_securities
159577,美国50ETF汇添富,MG50ETF,2024-02-23,2200-01-01,fund,XSHE,jqdata_get_all_securities
159578,深证主板50ETF南方,SZZB50ETFNF,2024-06-07,2200-01-01,fund,XSHE,jqdata_get_all_securities
159579,深主板50ETF华安,SZB50ETFHA,2024-07-19,2025-03-19,fund,XSHE,jqdata_get_all_securities
159581,红利ETF万家,HLETFJJ,2024-03-15,2200-01-01,fund,XSHE,jqdata_get_all_securities
159582,半导体ETF博时,BDTCYETF,2024-04-16,2200-01-01,fund,XSHE,jqdata_get_all_securities
159583,通信ETF富国,TXSBETF,2024-07-08,2200-01-01,fund,XSHE,jqdata_get_all_securities
159586,计算机ETF南方,JSJETFNF,2024-03-15,2200-01-01,fund,XSHE,jqdata_get_all_securities
159587,粮食ETF广发,LS50ETF,2024-08-21,2200-01-01,fund,XSHE,jqdata_get_all_securities
159588,石油ETF景顺,SYTRQETF,2024-05-31,2200-01-01,fund,XSHE,jqdata_get_all_securities
159589,红利ETF广发,HL100ETF,2024-03-26,2200-01-01,fund,XSHE,jqdata_get_all_securities
159590,软件ETF汇添富,RJ50ETF,2024-11-06,2200-01-01,fund,XSHE,jqdata_get_all_securities
159591,A50ETF富国,ZZA50ETF,2024-03-18,2200-01-01,fund,XSHE,jqdata_get_all_securities
159592,A50ETF银华,A50ETFJJ,2024-03-18,2200-01-01,fund,XSHE,jqdata_get_all_securities
159593,中证A50ETF平安,ZZA50ZSETF,2024-03-12,2200-01-01,fund,XSHE,jqdata_get_all_securities
159595,中证A50ETF大成,ZZA50ETFJJ,2024-03-18,2200-01-01,fund,XSHE,jqdata_get_all_securities
159596,A50ETF华宝,A50ETFHB,2024-03-18,2200-01-01,fund,XSHE,jqdata_get_all_securities
159597,创业板成长ETF易方达,CYBCZETFYFD,2024-05-27,2200-01-01,fund,XSHE,jqdata_get_all_securities
159599,芯片ETF东财,XPETFJJ,2024-05-08,2200-01-01,fund,XSHE,jqdata_get_all_securities
159600,科创债ETF嘉实,KCZETFJS,2025-07-17,2200-01-01,fund,XSHE,jqdata_get_all_securities
159601,A50ETF华夏,A50ETF,2021-11-08,2200-01-01,fund,XSHE,jqdata_get_all_securities
159602,中国A50ETF南方,ZGA50ETF,2021-11-08,2200-01-01,fund,XSHE,jqdata_get_all_securities
159603,科创创业ETF天弘,SCLTETF,2022-06-08,2200-01-01,fund,XSHE,jqdata_get_all_securities
159605,中概互联ETF广发,ZGHLETF,2021-12-02,2200-01-01,fund,XSHE,jqdata_get_all_securities
159606,中证500成长ETF易方达,ZZ500CZETF,2021-12-29,2200-01-01,fund,XSHE,jqdata_get_all_securities
159607,中概互联网ETF嘉实,ZGHLWETF,2021-12-02,2200-01-01,fund,XSHE,jqdata_get_all_securities
159608,稀有金属ETF广发,XYJSETF,2021-12-23,2200-01-01,fund,XSHE,jqdata_get_all_securities
159609,光伏ETF浦银,GFLTETF,2022-07-08,2200-01-01,fund,XSHE,jqdata_get_all_securities
159610,中证500增强ETF景顺,500ETFZQ,2022-01-10,2200-01-01,fund,XSHE,jqdata_get_all_securities
159611,电力ETF广发,DLETF,2022-01-07,2200-01-01,fund,XSHE,jqdata_get_all_securities
159612,标普500ETF国泰,BP500ETF,2022-05-20,2200-01-01,fund,XSHE,jqdata_get_all_securities
159613,信息安全ETF嘉实,XXAQETF,2022-01-27,2200-01-01,fund,XSHE,jqdata_get_all_securities
159615,恒生生物科技ETF南方,SWKJETFGG,2022-06-28,2200-01-01,fund,XSHE,jqdata_get_all_securities
159616,农牧ETF建信,NMETF,2022-08-08,2200-01-01,fund,XSHE,jqdata_get_all_securities
159617,中证500价值ETF华夏,500JZETF,2022-06-30,2200-01-01,fund,XSHE,jqdata_get_all_securities
159618,光伏ETF华安,GFETFHA,2022-04-22,2200-01-01,fund,XSHE,jqdata_get_all_securities
159619,基建ETF国泰,JJETF,2022-02-18,2200-01-01,fund,XSHE,jqdata_get_all_securities
159620,中证500成长ETF华夏,500CZETF,2022-08-05,2200-01-01,fund,XSHE,jqdata_get_all_securities
159621,ESGETF国泰,MSCIESGETF,2022-09-09,2200-01-01,fund,XSHE,jqdata_get_all_securities
159622,创新药ETF东财,CXYETFHGS,2023-05-09,2200-01-01,fund,XSHE,jqdata_get_all_securities
159623,成渝经济圈ETF博时,CYJJQETF,2022-09-09,2200-01-01,fund,XSHE,jqdata_get_all_securities
159625,绿色电力ETF嘉实,LSDLETF,2022-04-29,2200-01-01,fund,XSHE,jqdata_get_all_securities
159627,A100ETF华夏,100ETF,2022-11-30,2200-01-01,fund,XSHE,jqdata_get_all_securities
159628,国证2000ETF万家,GZ2000ETF,2022-07-18,2200-01-01,fund,XSHE,jqdata_get_all_securities
159629,中证1000ETF富国,1000ETF,2022-08-03,2200-01-01,fund,XSHE,jqdata_get_all_securities
159630,A100ETF汇添富,ZZ100ETFJJ,2022-11-01,2200-01-01,fund,XSHE,jqdata_get_all_securities
159631,A100ETF招商,ZZ100ETFZS,2022-08-26,2200-01-01,fund,XSHE,jqdata_get_all_securities
159632,纳斯达克ETF华安,NSDKETF,2022-08-03,2200-01-01,fund,XSHE,jqdata_get_all_securities
159633,中证1000ETF易方达,ZZ1000ZSETF,2022-08-04,2200-01-01,fund,XSHE,jqdata_get_all_securities
159635,基建ETF华夏,JJ100ETF,2022-07-12,2200-01-01,fund,XSHE,jqdata_get_all_securities
159636,港股通科技30ETF工银,GGTKJ30ETF,2022-07-20,2200-01-01,fund,XSHE,jqdata_get_all_securities
159637,新能源车ETF东财,XNYCLTETF,2022-09-01,2200-01-01,fund,XSHE,jqdata_get_all_securities
159638,高端装备ETF嘉实,GDZBETF,2022-08-12,2200-01-01,fund,XSHE,jqdata_get_all_securities
159639,碳中和ETF南方,TZHETFNF,2022-07-19,2200-01-01,fund,XSHE,jqdata_get_all_securities
159640,碳中和龙头ETF工银,TZHLTETF,2022-07-21,2200-01-01,fund,XSHE,jqdata_get_all_securities
159641,碳中和ETF招商,STETF,2022-07-22,2200-01-01,fund,XSHE,jqdata_get_all_securities
159642,碳中和ETF大成,TZH100ETF,2022-07-21,2200-01-01,fund,XSHE,jqdata_get_all_securities
159643,疫苗ETF国泰,YMETF,2022-08-22,2200-01-01,fund,XSHE,jqdata_get_all_securities
159645,疫苗ETF富国,YMLTETF,2022-09-26,2200-01-01,fund,XSHE,jqdata_get_all_securities
159646,疫苗ETF基金,YMETFJJ,2022-08-22,2024-06-04,fund,XSHE,jqdata_get_all_securities
159647,中药ETF鹏华,ZYETF,2022-07-28,2200-01-01,fund,XSHE,jqdata_get_all_securities
159649,国开债ETF华安,GKZETF,2022-10-24,2200-01-01,fund,XSHE,jqdata_get_all_securities
159650,国开债ETF博时,GKETF,2022-10-28,2200-01-01,fund,XSHE,jqdata_get_all_securities
159651,国开债ETF平安,GK03ETF,2022-11-16,2200-01-01,fund,XSHE,jqdata_get_all_securities
159652,有色ETF汇添富,YS50ETF,2023-02-08,2200-01-01,fund,XSHE,jqdata_get_all_securities
159653,ESG300ETF国联安,ESG300ETF,2023-03-24,2200-01-01,fund,XSHE,jqdata_get_all_securities
159655,标普500ETF华夏,BPETF,2022-10-25,2200-01-01,fund,XSHE,jqdata_get_all_securities
159656,沪深300成长ETF万家,300CZETF,2023-01-16,2200-01-01,fund,XSHE,jqdata_get_all_securities
159657,疫苗ETF鹏华,SWYMETF,2023-03-13,2200-01-01,fund,XSHE,jqdata_get_all_securities
159658,数字经济ETF华安,SZJJETF,2022-10-12,2200-01-01,fund,XSHE,jqdata_get_all_securities
159659,纳斯达克100ETF招商,NSDK100ETF,2023-04-25,2200-01-01,fund,XSHE,jqdata_get_all_securities
159660,纳指ETF汇添富,NZ100ETF,2023-04-17,2200-01-01,fund,XSHE,jqdata_get_all_securities
159661,A100ETF嘉实,ZZ100ZSETF,2023-12-01,2200-01-01,fund,XSHE,jqdata_get_all_securities
159662,交运ETF南方,JYETF,2022-12-01,2200-01-01,fund,XSHE,jqdata_get_all_securities
159663,机床ETF华夏,JCETF,2022-10-26,2200-01-01,fund,XSHE,jqdata_get_all_securities
159665,半导体龙头ETF工银,BDTLTETF,2023-01-06,2200-01-01,fund,XSHE,jqdata_get_all_securities
159666,交通运输ETF华夏,JTYSETF,2023-02-13,2200-01-01,fund,XSHE,jqdata_get_all_securities
159667,工业母机ETF国泰,GYMJETF,2022-10-26,2200-01-01,fund,XSHE,jqdata_get_all_securities
159669,绿色电力ETF国泰,LDETF,2023-01-11,2200-01-01,fund,XSHE,jqdata_get_all_securities
159670,消费50ETF国联安,XFETFJJ,2023-05-09,2200-01-01,fund,XSHE,jqdata_get_all_securities
159671,稀有金属ETF工银,XYJSETFJJ,2023-03-10,2200-01-01,fund,XSHE,jqdata_get_all_securities
159672,消费ETF博时,ZYXFETF,2023-04-03,2200-01-01,fund,XSHE,jqdata_get_all_securities
159673,沪深300ETF鹏华,PHHS300ETF,2023-07-17,2200-01-01,fund,XSHE,jqdata_get_all_securities
159675,创业板增强ETF嘉实,CYBZQETF,2022-12-02,2200-01-01,fund,XSHE,jqdata_get_all_securities
159676,创业板增强ETF富国,CYBETFZQ,2023-04-12,2200-01-01,fund,XSHE,jqdata_get_all_securities
159677,中证1000增强ETF银华,1000ZQETF,2022-12-05,2200-01-01,fund,XSHE,jqdata_get_all_securities
159678,500增强ETF博时,ZZ500ZQETF,2023-02-27,2200-01-01,fund,XSHE,jqdata_get_all_securities
159679,中证1000增强ETF国泰,ZZ1000ZQETF,2023-02-22,2200-01-01,fund,XSHE,jqdata_get_all_securities
159680,中证1000增强ETF招商,1000ETFZQ,2022-11-30,2200-01-01,fund,XSHE,jqdata_get_all_securities
159681,创业板50ETF鹏华,C50ETF,2023-01-03,2200-01-01,fund,XSHE,jqdata_get_all_securities
159682,创业板50ETF景顺,CY50ETF,2023-01-03,2200-01-01,fund,XSHE,jqdata_get_all_securities
159683,运输ETF,YSETF,2023-01-09,2025-01-14,fund,XSHE,jqdata_get_all_securities
159685,1000增强ETF天弘,1000ZQETFTH,2023-04-03,2200-01-01,fund,XSHE,jqdata_get_all_securities
159686,A100ETF易方达,ZZ100ETFYFD,2023-07-19,2200-01-01,fund,XSHE,jqdata_get_all_securities
159687,亚太精选ETF南方,YTDTETF,2022-12-30,2200-01-01,fund,XSHE,jqdata_get_all_securities
159688,恒生互联网ETF华安,HSHLWETF,2023-02-15,2200-01-01,fund,XSHE,jqdata_get_all_securities
159689,消费ETF南方,ZZXFETF,2023-03-13,2200-01-01,fund,XSHE,jqdata_get_all_securities
159690,有色矿业ETF招商,KYETF,2023-07-06,2200-01-01,fund,XSHE,jqdata_get_all_securities
159691,港股红利ETF工银,GGXETFGG,2023-04-21,2200-01-01,fund,XSHE,jqdata_get_all_securities
159692,证券ETF东财,ZQETFDC,2023-05-23,2200-01-01,fund,XSHE,jqdata_get_all_securities
159693,有色矿业ETF,YSKYETF,2023-12-14,2024-06-06,fund,XSHE,jqdata_get_all_securities
159695,通信ETF嘉实,TXETF,2023-05-10,2200-01-01,fund,XSHE,jqdata_get_all_securities
159696,纳指ETF易方达,NZETFYFD,2023-08-25,2200-01-01,fund,XSHE,jqdata_get_all_securities
159697,石油ETF鹏华,YQETF,2023-05-04,2200-01-01,fund,XSHE,jqdata_get_all_securities
159698,粮食ETF鹏华,LSETF,2023-08-18,2200-01-01,fund,XSHE,jqdata_get_all_securities
159699,恒生消费ETF广发,HSXFETF,2023-08-23,2200-01-01,fund,XSHE,jqdata_get_all_securities
159700,科创债ETF南方,KCZETFNF,2025-07-17,2200-01-01,fund,XSHE,jqdata_get_all_securities
159701,物联网ETF招商,WLWETFZS,2021-12-23,2200-01-01,fund,XSHE,jqdata_get_all_securities
159702,AIETF,AIETF,2021-05-18,2022-11-29,fund,XSHE,jqdata_get_all_securities
159703,新材料ETF天弘,XCL,2021-06-08,2200-01-01,fund,XSHE,jqdata_get_all_securities
159706,深证100ETF华安,SZ100ETFHA,2021-12-20,2200-01-01,fund,XSHE,jqdata_get_all_securities
159707,地产ETF华宝,DCETF,2021-11-12,2200-01-01,fund,XSHE,jqdata_get_all_securities
159708,红利ETF西部利得,HLETF,2021-07-02,2200-01-01,fund,XSHE,jqdata_get_all_securities
159709,物联网ETF工银,WLJJ,2021-07-02,2200-01-01,fund,XSHE,jqdata_get_all_securities
159710,智能电车ETF,ZNDC,2021-08-09,2024-01-24,fund,XSHE,jqdata_get_all_securities
159711,港股通50ETF华夏,GGTETF,2021-12-28,2200-01-01,fund,XSHE,jqdata_get_all_securities
159712,港股通50ETF国泰,GGT50ETF,2021-11-11,2200-01-01,fund,XSHE,jqdata_get_all_securities
159713,稀土ETF富国,XTETF,2021-08-16,2200-01-01,fund,XSHE,jqdata_get_all_securities
159715,稀土ETF易方达,XTETFYFD,2021-09-10,2200-01-01,fund,XSHE,jqdata_get_all_securities
159716,深证100ETF华宝,SC100,2021-06-28,2200-01-01,fund,XSHE,jqdata_get_all_securities
159717,ESGETF鹏华,ESG300ETF,2021-09-29,2200-01-01,fund,XSHE,jqdata_get_all_securities
159718,港股医药ETF平安,GGYYETF,2021-12-28,2200-01-01,fund,XSHE,jqdata_get_all_securities
159719,国企ETF平安,KFGYETF,2021-12-28,2200-01-01,fund,XSHE,jqdata_get_all_securities
159720,智能车ETF泰康,ZNCTK,2021-07-20,2200-01-01,fund,XSHE,jqdata_get_all_securities
159721,深证100ETF永赢,SCETF,2021-06-25,2200-01-01,fund,XSHE,jqdata_get_all_securities
159723,科技龙头ETF汇添富,KJLTETF,2021-10-15,2200-01-01,fund,XSHE,jqdata_get_all_securities
159725,线上消费ETF工银,XSXF,2021-07-02,2200-01-01,fund,XSHE,jqdata_get_all_securities
159726,港股通高股息ETF华夏,HSHLETF,2021-11-23,2200-01-01,fund,XSHE,jqdata_get_all_securities
159728,在线消费ETF南方,ZXXFETF,2022-01-11,2200-01-01,fund,XSHE,jqdata_get_all_securities
159729,互联网ETF汇添富,HLETF,2021-07-21,2200-01-01,fund,XSHE,jqdata_get_all_securities
159730,家电ETF博时,JDETFJJ,2021-12-24,2200-01-01,fund,XSHE,jqdata_get_all_securities
159731,石化ETF华夏,SHETF,2021-12-10,2200-01-01,fund,XSHE,jqdata_get_all_securities
159732,消费电子ETF华夏,XFDZ,2021-08-23,2200-01-01,fund,XSHE,jqdata_get_all_securities
159733,消费电子50ETF,XFDZ50ETF,2021-09-29,2024-03-05,fund,XSHE,jqdata_get_all_securities
159735,港股消费ETF银华,GGXF,2021-06-04,2200-01-01,fund,XSHE,jqdata_get_all_securities
159736,食品饮料ETF天弘,YSETF,2021-09-27,2200-01-01,fund,XSHE,jqdata_get_all_securities
159738,云计算ETF华泰柏瑞,HGSYJSETF,2022-01-28,2200-01-01,fund,XSHE,jqdata_get_all_securities
159739,云计算ETF鹏华,DSJETF,2021-11-17,2200-01-01,fund,XSHE,jqdata_get_all_securities
159740,恒生科技ETF大成,HSKJ,2021-05-27,2200-01-01,fund,XSHE,jqdata_get_all_securities
159741,恒生科技ETF嘉实,GGKJ,2021-06-03,2200-01-01,fund,XSHE,jqdata_get_all_securities
159742,恒生科技ETF博时,HZKJ,2021-05-25,2200-01-01,fund,XSHE,jqdata_get_all_securities
159743,湖北ETF博时,HBETF,2022-01-11,2200-01-01,fund,XSHE,jqdata_get_all_securities
159745,建材ETF国泰,JCETF,2021-06-18,2200-01-01,fund,XSHE,jqdata_get_all_securities
159747,香港科技ETF南方,XGKJ,2021-07-14,2200-01-01,fund,XSHE,jqdata_get_all_securities
159748,创新药ETF富国,HGSCXYETF,2021-12-03,2200-01-01,fund,XSHE,jqdata_get_all_securities
159750,港股科技50ETF招商,XGKJ50ETF,2022-02-14,2200-01-01,fund,XSHE,jqdata_get_all_securities
159751,港股通科技ETF鹏华,GGKJETF,2021-12-28,2200-01-01,fund,XSHE,jqdata_get_all_securities
159752,新能源ETF申万菱信,XNY50,2021-07-28,2200-01-01,fund,XSHE,jqdata_get_all_securities
159755,电池ETF广发,DCETF,2021-06-24,2200-01-01,fund,XSHE,jqdata_get_all_securities
159757,电池ETF景顺,DC50,2021-08-09,2200-01-01,fund,XSHE,jqdata_get_all_securities
159758,红利质量ETF华夏,HL50ETF,2021-12-28,2200-01-01,fund,XSHE,jqdata_get_all_securities
159760,医疗健康ETF泰康,GGWSJKETF,2021-12-20,2200-01-01,fund,XSHE,jqdata_get_all_securities
159761,新材料ETF国泰,XCL50ETF,2021-12-13,2200-01-01,fund,XSHE,jqdata_get_all_securities
159763,新材料ETF建信,XCLETFJJ,2021-09-13,2200-01-01,fund,XSHE,jqdata_get_all_securities
159766,旅游ETF富国,LYETF,2021-07-23,2200-01-01,fund,XSHE,jqdata_get_all_securities
159767,电池龙头ETF兴银,DCLT,2021-08-23,2200-01-01,fund,XSHE,jqdata_get_all_securities
159768,房地产ETF银华,FDCETF,2022-02-16,2200-01-01,fund,XSHE,jqdata_get_all_securities
159769,消费电子龙头ETF,XFDZLTETF,2022-03-03,2024-07-09,fund,XSHE,jqdata_get_all_securities
159770,机器人ETF天弘,JQRETF,2021-11-08,2200-01-01,fund,XSHE,jqdata_get_all_securities
159773,创业板科技ETF华泰柏瑞,CKJETF,2021-10-08,2200-01-01,fund,XSHE,jqdata_get_all_securities
159775,电池ETF建信,XNYCDCETF,2022-01-24,2200-01-01,fund,XSHE,jqdata_get_all_securities
159776,港股医药ETF银华,GGTYYETF,2022-03-25,2200-01-01,fund,XSHE,jqdata_get_all_securities
159777,创科技ETF国联安,CKJETFJJ,2021-10-18,2200-01-01,fund,XSHE,jqdata_get_all_securities
159778,工业互联网ETF鹏华,GYHLETF,2022-02-17,2200-01-01,fund,XSHE,jqdata_get_all_securities
159779,消费电子ETF招商,XFDZETFZS,2021-11-26,2200-01-01,fund,XSHE,jqdata_get_all_securities
159780,科创创业50ETF南方,SCETF,2021-07-05,2200-01-01,fund,XSHE,jqdata_get_all_securities
159781,科创创业ETF易方达,KCCY,2021-07-05,2200-01-01,fund,XSHE,jqdata_get_all_securities
159782,双创50ETF银华,SC50,2021-07-07,2200-01-01,fund,XSHE,jqdata_get_all_securities
159783,科创创业50ETF华夏,SCJJ,2021-07-05,2200-01-01,fund,XSHE,jqdata_get_all_securities
159786,VRETF银华,VRETF,2021-08-06,2200-01-01,fund,XSHE,jqdata_get_all_securities
159787,建材ETF易方达,JCETFYFD,2022-03-15,2200-01-01,fund,XSHE,jqdata_get_all_securities
159788,港股通100ETF易方达,GGT100ETF,2022-03-02,2200-01-01,fund,XSHE,jqdata_get_all_securities
159789,饮料ETF,YLETF,2021-12-20,2023-10-24,fund,XSHE,jqdata_get_all_securities
159790,碳中和ETF华夏,TZH,2021-08-06,2200-01-01,fund,XSHE,jqdata_get_all_securities
159791,300ESGETF华夏,300ESGETF,2022-03-08,2200-01-01,fund,XSHE,jqdata_get_all_securities
159792,港股通互联网ETF富国,GGTHLWETF,2021-09-28,2200-01-01,fund,XSHE,jqdata_get_all_securities
159793,线上消费ETF平安,XSXFETFPA,2021-11-24,2200-01-01,fund,XSHE,jqdata_get_all_securities
159795,智能汽车ETF汇添富,ZNCETFJJ,2022-02-14,2200-01-01,fund,XSHE,jqdata_get_all_securities
159796,电池ETF汇添富,DC50ETF,2022-03-14,2200-01-01,fund,XSHE,jqdata_get_all_securities
159797,医疗器械ETF汇添富,YLQXETFJJ,2022-05-16,2200-01-01,fund,XSHE,jqdata_get_all_securities
159798,消费ETF易方达,XF50ETF,2022-05-11,2200-01-01,fund,XSHE,jqdata_get_all_securities
159800,中证800ETF鹏华,ZZ800ETF,2024-07-12,2200-01-01,fund,XSHE,jqdata_get_all_securities
159801,芯片ETF广发,XPJJ,2020-02-18,2200-01-01,fund,XSHE,jqdata_get_all_securities
159802,800ETF,800ETF,2020-05-15,2020-09-22,fund,XSHE,jqdata_get_all_securities
159803,浙江新动能ETF,ZJETF,2020-05-26,2021-09-27,fund,XSHE,jqdata_get_all_securities
159804,创中盘88ETF国寿,CJX88,2020-03-31,2200-01-01,fund,XSHE,jqdata_get_all_securities
159805,传媒ETF鹏华,CMETF,2020-04-17,2200-01-01,fund,XSHE,jqdata_get_all_securities
159806,新能源车ETF国泰,XNC,2020-03-20,2200-01-01,fund,XSHE,jqdata_get_all_securities
159807,科技ETF易方达,KJETF,2020-03-30,2200-01-01,fund,XSHE,jqdata_get_all_securities
159808,创100ETF融通,CYBRT,2020-09-04,2200-01-01,fund,XSHE,jqdata_get_all_securities
159809,大湾区ETF基金,HSWQ,2020-05-21,2021-10-20,fund,XSHE,jqdata_get_all_securities
159810,创业板ETF浦银,PYCY,2020-07-10,2200-01-01,fund,XSHE,jqdata_get_all_securities
159811,5GETF博时,5G50ETF,2020-04-22,2200-01-01,fund,XSHE,jqdata_get_all_securities
159812,黄金ETF前海开源,HJJJ,2020-05-29,2200-01-01,fund,XSHE,jqdata_get_all_securities
159813,半导体ETF鹏华,XP,2020-05-25,2200-01-01,fund,XSHE,jqdata_get_all_securities
159814,创业大盘ETF西部利得,CYDP,2020-07-17,2200-01-01,fund,XSHE,jqdata_get_all_securities
159815,浙江100ETF,ZJ100,2020-08-18,2023-04-27,fund,XSHE,jqdata_get_all_securities
159816,0-4年地方债ETF鹏华,0-4DZ,2020-09-04,2200-01-01,fund,XSHE,jqdata_get_all_securities
159819,人工智能ETF易方达,AIZN,2020-09-23,2200-01-01,fund,XSHE,jqdata_get_all_securities
159820,中证500ETF天弘,500ETFJ,2020-08-24,2200-01-01,fund,XSHE,jqdata_get_all_securities
159821,创业板ETF中银证券,BOCICY,2020-10-29,2200-01-01,fund,XSHE,jqdata_get_all_securities
159822,新经济ETF银华,XJJ,2020-10-23,2200-01-01,fund,XSHE,jqdata_get_all_securities
159823,H股ETF基金,HG50ETF,2020-10-23,2024-08-16,fund,XSHE,jqdata_get_all_securities
159824,新能源车ETF博时,XNQC,2021-01-11,2200-01-01,fund,XSHE,jqdata_get_all_securities
159825,农业ETF富国,NYETF,2020-12-29,2200-01-01,fund,XSHE,jqdata_get_all_securities
159827,农业ETF银华,NY50,2020-12-18,2200-01-01,fund,XSHE,jqdata_get_all_securities
159828,医疗ETF国泰,YLETF,2021-01-12,2200-01-01,fund,XSHE,jqdata_get_all_securities
159830,金ETF天弘,SHJ,2021-07-19,2200-01-01,fund,XSHE,jqdata_get_all_securities
159831,金ETF嘉实,SHJETFJJ,2022-04-07,2200-01-01,fund,XSHE,jqdata_get_all_securities
159832,平安金ETF,PAJETF,2022-03-18,2023-03-29,fund,XSHE,jqdata_get_all_securities
159833,上海金基金ETF,SHJJJETF,2022-03-29,2023-06-05,fund,XSHE,jqdata_get_all_securities
159834,金ETF南方,JETF,2022-03-16,2200-01-01,fund,XSHE,jqdata_get_all_securities
159835,创新药ETF建信,CXYY,2021-03-29,2200-01-01,fund,XSHE,jqdata_get_all_securities
159836,创业板300ETF天弘,C300ETF,2021-05-25,2200-01-01,fund,XSHE,jqdata_get_all_securities
159837,生物科技ETF易方达,SWKJ,2021-01-27,2200-01-01,fund,XSHE,jqdata_get_all_securities
159838,医药50ETF博时,YY50,2021-07-30,2200-01-01,fund,XSHE,jqdata_get_all_securities
159839,生物医药ETF汇添富,SWY,2021-02-22,2200-01-01,fund,XSHE,jqdata_get_all_securities
159840,锂电池ETF工银,LDC50,2021-08-20,2200-01-01,fund,XSHE,jqdata_get_all_securities
159841,证券ETF天弘,ZQETF,2021-02-09,2200-01-01,fund,XSHE,jqdata_get_all_securities
159842,券商ETF银华,QSETF,2021-03-19,2200-01-01,fund,XSHE,jqdata_get_all_securities
159843,食品饮料ETF招商,SPYL,2021-02-05,2200-01-01,fund,XSHE,jqdata_get_all_securities
159845,中证1000ETF华夏,ZZ1000,2021-03-31,2200-01-01,fund,XSHE,jqdata_get_all_securities
159846,中证1000ETF基金,1000ETF,2021-08-16,2022-01-04,fund,XSHE,jqdata_get_all_securities
159847,医疗ETF易方达,ZZYL,2021-07-19,2200-01-01,fund,XSHE,jqdata_get_all_securities
159848,证券ETF国联安,ZQGS,2021-03-12,2200-01-01,fund,XSHE,jqdata_get_all_securities
159849,生物科技ETF招商,SWETF,2021-03-02,2200-01-01,fund,XSHE,jqdata_get_all_securities
159850,恒生国企ETF华夏,HG50,2021-02-19,2200-01-01,fund,XSHE,jqdata_get_all_securities
159851,金融科技ETF华宝,JKETF,2021-03-19,2200-01-01,fund,XSHE,jqdata_get_all_securities
159852,软件ETF嘉实,RJETF,2021-02-09,2200-01-01,fund,XSHE,jqdata_get_all_securities
159853,科技100ETF,KJETF,2021-10-15,2023-11-24,fund,XSHE,jqdata_get_all_securities
159855,影视ETF银华,YSETF,2021-02-26,2200-01-01,fund,XSHE,jqdata_get_all_securities
159856,互联网龙头ETF工银,HLW50,2021-02-01,2200-01-01,fund,XSHE,jqdata_get_all_securities
159857,光伏ETF天弘,GFETF,2021-02-24,2200-01-01,fund,XSHE,jqdata_get_all_securities
159858,创新药ETF南方,CXYZ,2021-03-25,2200-01-01,fund,XSHE,jqdata_get_all_securities
159859,生物医药ETF天弘,SWY30,2021-07-07,2200-01-01,fund,XSHE,jqdata_get_all_securities
159861,碳中和50ETF国泰,HBETF,2021-04-02,2200-01-01,fund,XSHE,jqdata_get_all_securities
159862,食品饮料ETF银华,SPETF,2021-11-08,2200-01-01,fund,XSHE,jqdata_get_all_securities
159863,光伏ETF鹏华,GFCY,2021-03-11,2200-01-01,fund,XSHE,jqdata_get_all_securities
159864,光伏ETF国泰,GF50,2021-08-10,2200-01-01,fund,XSHE,jqdata_get_all_securities
159865,养殖ETF国泰,YZETF,2021-03-08,2200-01-01,fund,XSHE,jqdata_get_all_securities
159866,日经ETF工银,RJETF,2021-04-08,2200-01-01,fund,XSHE,jqdata_get_all_securities
159867,养殖ETF鹏华,XMETF,2021-03-05,2200-01-01,fund,XSHE,jqdata_get_all_securities
159869,游戏ETF华夏,YXETF,2021-03-05,2200-01-01,fund,XSHE,jqdata_get_all_securities
159870,化工ETF鹏华,HGETF,2021-03-03,2200-01-01,fund,XSHE,jqdata_get_all_securities
159871,有色ETF银华,YSJS,2021-03-31,2200-01-01,fund,XSHE,jqdata_get_all_securities
159872,智能网联汽车ETF鹏华,CLW,2021-07-01,2200-01-01,fund,XSHE,jqdata_get_all_securities
159873,医疗设备ETF天弘,YLSB,2021-03-29,2200-01-01,fund,XSHE,jqdata_get_all_securities
159875,新能源ETF嘉实,XNY,2021-08-17,2200-01-01,fund,XSHE,jqdata_get_all_securities
159876,有色ETF华宝,YS,2021-03-24,2200-01-01,fund,XSHE,jqdata_get_all_securities
159877,医疗ETF南方,YLCYETF,2021-11-03,2200-01-01,fund,XSHE,jqdata_get_all_securities
159880,有色ETF鹏华,YS50,2021-03-25,2200-01-01,fund,XSHE,jqdata_get_all_securities
159881,有色金属ETF国泰,YS60,2021-07-01,2200-01-01,fund,XSHE,jqdata_get_all_securities
159883,医疗器械ETF永赢,YLQX,2021-04-30,2200-01-01,fund,XSHE,jqdata_get_all_securities
159885,碳中和ETF鹏华,DTETF,2021-04-14,2200-01-01,fund,XSHE,jqdata_get_all_securities
159886,机械ETF富国,JXETF,2021-04-28,2200-01-01,fund,XSHE,jqdata_get_all_securities
159887,银行ETF富国,YHETF,2021-05-20,2200-01-01,fund,XSHE,jqdata_get_all_securities
159888,智能汽车ETF华夏,ZNC,2021-05-21,2200-01-01,fund,XSHE,jqdata_get_all_securities
159889,智能汽车ETF国泰,ZNQCETF,2021-09-09,2200-01-01,fund,XSHE,jqdata_get_all_securities
159890,云计算ETF招商,YETF,2021-04-02,2200-01-01,fund,XSHE,jqdata_get_all_securities
159891,医疗ETF建信,YL,2021-06-15,2200-01-01,fund,XSHE,jqdata_get_all_securities
159892,恒生医药ETF华夏,HSSWKJETF,2021-10-19,2200-01-01,fund,XSHE,jqdata_get_all_securities
159895,物联网ETF易方达,WLW50ETF,2021-10-21,2200-01-01,fund,XSHE,jqdata_get_all_securities
159896,物联网ETF南方,WLWLTETF,2021-11-24,2200-01-01,fund,XSHE,jqdata_get_all_securities
159897,物联网ETF基金,WLETF,2021-06-21,2022-05-18,fund,XSHE,jqdata_get_all_securities
159898,医疗器械ETF招商,QXETF,2021-06-04,2200-01-01,fund,XSHE,jqdata_get_all_securities
159899,软件ETF招商,RJJJ,2021-06-28,2200-01-01,fund,XSHE,jqdata_get_all_securities
159901,深证100ETF易方达,S100ETF,2006-04-24,2200-01-01,fund,XSHE,jqdata_get_all_securities
159902,中小100ETF华夏,ZXB,2006-09-05,2200-01-01,fund,XSHE,jqdata_get_all_securities
159903,深成ETF南方,SCETF,2010-02-02,2200-01-01,fund,XSHE,jqdata_get_all_securities
159905,红利ETF工银,SHL,2011-01-11,2200-01-01,fund,XSHE,jqdata_get_all_securities
159906,深成长ETF大成,SCZ,2011-02-23,2200-01-01,fund,XSHE,jqdata_get_all_securities
159907,国证2000ETF广发,ZX300,2011-08-10,2200-01-01,fund,XSHE,jqdata_get_all_securities
159908,创业板ETF博时,SF200,2011-07-13,2200-01-01,fund,XSHE,jqdata_get_all_securities
159909,TMT50ETF招商,STMT,2011-09-01,2200-01-01,fund,XSHE,jqdata_get_all_securities
159910,基本面120ETF嘉实,SF120,2011-09-27,2200-01-01,fund,XSHE,jqdata_get_all_securities
159911,民营ETF,MYETF,2011-10-14,2020-06-18,fund,XSHE,jqdata_get_all_securities
159912,深300ETF汇添富,S300ETF,2011-11-24,2200-01-01,fund,XSHE,jqdata_get_all_securities
159913,深价值ETF交银,SJZ,2011-10-25,2200-01-01,fund,XSHE,jqdata_get_all_securities
159915,创业板ETF易方达,CYB,2011-12-09,2200-01-01,fund,XSHE,jqdata_get_all_securities
159916,基本面ETF建信,SF60,2011-10-24,2200-01-01,fund,XSHE,jqdata_get_all_securities
159918,中创400ETF嘉实,ZC400,2012-05-11,2200-01-01,fund,XSHE,jqdata_get_all_securities
159919,沪深300ETF嘉实,300ETF,2012-05-28,2200-01-01,fund,XSHE,jqdata_get_all_securities
159920,恒生ETF华夏,HSETF,2012-10-22,2200-01-01,fund,XSHE,jqdata_get_all_securities
159922,中证500ETF嘉实,500ETF,2013-03-15,2200-01-01,fund,XSHE,jqdata_get_all_securities
159923,中证A100ETF大成,100ETF,2013-03-05,2200-01-01,fund,XSHE,jqdata_get_all_securities
159925,沪深300ETF南方,NF300,2013-04-11,2200-01-01,fund,XSHE,jqdata_get_all_securities
159926,国债ETF,GZETF,2013-08-05,2022-06-21,fund,XSHE,jqdata_get_all_securities
159927,A300ETF,A300ETF,2013-08-16,2018-02-13,fund,XSHE,jqdata_get_all_securities
159928,消费ETF汇添富,XFETF,2013-09-16,2200-01-01,fund,XSHE,jqdata_get_all_securities
159929,医药ETF汇添富,YYETF,2013-09-16,2200-01-01,fund,XSHE,jqdata_get_all_securities
159930,能源ETF汇添富,NYETF,2013-09-16,2200-01-01,fund,XSHE,jqdata_get_all_securities
159931,金融地产ETF汇添富,JRETF,2013-09-16,2200-01-01,fund,XSHE,jqdata_get_all_securities
159932,中证500深ETF,500SETF,2013-10-21,2022-11-21,fund,XSHE,jqdata_get_all_securities
159933,金融地产ETF国投瑞银,JDETF,2013-10-16,2200-01-01,fund,XSHE,jqdata_get_all_securities
159934,黄金ETF易方达,HJETF,2013-12-16,2200-01-01,fund,XSHE,jqdata_get_all_securities
159935,中证500ETF景顺,JS500,2014-01-21,2200-01-01,fund,XSHE,jqdata_get_all_securities
159936,可选消费ETF广发,KXXF,2014-06-25,2200-01-01,fund,XSHE,jqdata_get_all_securities
159937,黄金ETF博时,BSHJ,2014-09-01,2200-01-01,fund,XSHE,jqdata_get_all_securities
159938,医药ETF广发,GFYY,2015-01-08,2200-01-01,fund,XSHE,jqdata_get_all_securities
159939,信息技术ETF广发,XXJS,2015-02-05,2200-01-01,fund,XSHE,jqdata_get_all_securities
159940,金融地产ETF广发,QZJR,2015-04-17,2200-01-01,fund,XSHE,jqdata_get_all_securities
159941,纳指ETF广发,NZ100,2015-07-13,2200-01-01,fund,XSHE,jqdata_get_all_securities
159943,深证成指ETF大成,SZETF,2015-07-08,2200-01-01,fund,XSHE,jqdata_get_all_securities
159944,材料ETF广发,QZCL,2015-07-06,2200-01-01,fund,XSHE,jqdata_get_all_securities
159945,能源ETF广发,QZNY,2015-07-06,2200-01-01,fund,XSHE,jqdata_get_all_securities
159948,创业板ETF南方,CYBEF,2016-05-31,2200-01-01,fund,XSHE,jqdata_get_all_securities
159949,创业板50ETF华安,CYB50,2016-07-22,2200-01-01,fund,XSHE,jqdata_get_all_securities
159951,中关村ETF,ZGCA,2017-07-10,2022-08-23,fund,XSHE,jqdata_get_all_securities
159952,创业板ETF广发,CYETF,2017-05-19,2200-01-01,fund,XSHE,jqdata_get_all_securities
159953,工业ETF,GYETF,2017-07-14,2020-12-16,fund,XSHE,jqdata_get_all_securities
159954,恒生中国企业ETF南方,HGETF,2018-03-15,2200-01-01,fund,XSHE,jqdata_get_all_securities
159955,创业板ETF嘉实,CYBE,2017-08-23,2022-11-29,fund,XSHE,jqdata_get_all_securities
159956,创业板ETF建信,CYBF,2018-03-07,2200-01-01,fund,XSHE,jqdata_get_all_securities
159957,创业板ETF华夏,CYBHX,2018-01-04,2200-01-01,fund,XSHE,jqdata_get_all_securities
159958,创业板ETF工银,CYBET,2018-01-19,2200-01-01,fund,XSHE,jqdata_get_all_securities
159959,央企ETF银华,YHYQ,2019-01-18,2200-01-01,fund,XSHE,jqdata_get_all_securities
159960,恒生中国企业ETF平安,HSGQ,2018-10-22,2200-01-01,fund,XSHE,jqdata_get_all_securities
159961,深100ETF方正富邦,S100,2018-12-19,2200-01-01,fund,XSHE,jqdata_get_all_securities
159962,四川ETF,SCGG,2019-04-18,2022-11-08,fund,XSHE,jqdata_get_all_securities
159964,创业板ETF平安,CYBPA,2019-04-19,2200-01-01,fund,XSHE,jqdata_get_all_securities
159965,央视50ETF国联,YS50,2019-04-24,2200-01-01,fund,XSHE,jqdata_get_all_securities
159966,创业板价值ETF华夏,CLC,2019-07-15,2200-01-01,fund,XSHE,jqdata_get_all_securities
159967,创业板成长ETF华夏,CCZ,2019-07-15,2200-01-01,fund,XSHE,jqdata_get_all_securities
159968,中证500ETF博时,ZZ500ETF,2019-10-31,2200-01-01,fund,XSHE,jqdata_get_all_securities
159969,深100ETF银华,S100P,2019-08-28,2026-03-11,fund,XSHE,jqdata_get_all_securities
159970,深100ETF工银,S100ET,2020-01-10,2200-01-01,fund,XSHE,jqdata_get_all_securities
159971,创业板ETF富国,CYBFG,2019-07-02,2200-01-01,fund,XSHE,jqdata_get_all_securities
159972,5年地方债ETF鹏华,5NDZ,2019-11-08,2200-01-01,fund,XSHE,jqdata_get_all_securities
159973,民企ETF弘毅远方,MQ100,2019-08-09,2200-01-01,fund,XSHE,jqdata_get_all_securities
159974,央企创新ETF富国,YQCX,2019-12-18,2200-01-01,fund,XSHE,jqdata_get_all_securities
159975,深100ETF招商,S100SZ,2020-01-02,2200-01-01,fund,XSHE,jqdata_get_all_securities
159976,湾创ETF工银,WCETF,2020-01-17,2200-01-01,fund,XSHE,jqdata_get_all_securities
159977,创业板ETF天弘,CYBTH,2019-09-27,2200-01-01,fund,XSHE,jqdata_get_all_securities
159978,大湾区ETF,WQETF,2020-04-14,2023-01-11,fund,XSHE,jqdata_get_all_securities
159979,湾创100ETF,WC100,2020-02-14,2022-12-20,fund,XSHE,jqdata_get_all_securities
159980,有色ETF大成,YSQH,2019-12-24,2200-01-01,fund,XSHE,jqdata_get_all_securities
159981,能源化工ETF建信,NYHG,2020-01-17,2200-01-01,fund,XSHE,jqdata_get_all_securities
159982,中证500ETF鹏华,ZZ500,2020-02-20,2200-01-01,fund,XSHE,jqdata_get_all_securities
159983,粤港澳大湾区ETF,DWQ,2020-04-23,2024-01-04,fund,XSHE,jqdata_get_all_securities
159984,湾区100ETF,WQJJ,2020-01-17,2023-07-07,fund,XSHE,jqdata_get_all_securities
159985,豆粕ETF华夏,DPETF,2019-12-05,2200-01-01,fund,XSHE,jqdata_get_all_securities
159986,消费100ETF,XF100,2020-01-20,2022-10-26,fund,XSHE,jqdata_get_all_securities
159987,科技创新ETF,CXETF,2019-11-18,2024-09-02,fund,XSHE,jqdata_get_all_securities
159988,粤债ETF,YZETF,2020-05-29,2022-06-29,fund,XSHE,jqdata_get_all_securities
159990,小盘价值ETF,XPJZ,2020-01-20,2024-07-16,fund,XSHE,jqdata_get_all_securities
159991,创业板大盘ETF招商,CDP,2020-04-24,2200-01-01,fund,XSHE,jqdata_get_all_securities
159992,创新药ETF银华,CXY,2020-04-10,2200-01-01,fund,XSHE,jqdata_get_all_securities
159993,证券ETF鹏华,LTQS,2020-02-07,2200-01-01,fund,XSHE,jqdata_get_all_securities
159994,通信ETF银华,5GETF,2020-02-28,2200-01-01,fund,XSHE,jqdata_get_all_securities
159995,芯片ETF华夏,XPETF,2020-02-10,2200-01-01,fund,XSHE,jqdata_get_all_securities
159996,家电ETF国泰,JDETF,2020-03-16,2200-01-01,fund,XSHE,jqdata_get_all_securities
159997,电子ETF天弘,DZETF,2020-03-20,2200-01-01,fund,XSHE,jqdata_get_all_securities
159998,计算机ETF天弘,JSJ,2020-04-13,2200-01-01,fund,XSHE,jqdata_get_all_securities
159999,永赢中证500ETF,YY500,2020-08-12,2023-03-17,fund,XSHE,jqdata_get_all_securities
160119,500ETF联接LOF,NF500,2009-11-11,2200-01-01,fund,XSHE,jqdata_get_all_securities
160422,华安创业板50ETF联接A,DZSJ,2017-05-26,2018-11-07,fund,XSHE,jqdata_get_all_securities
161907,红利ETF联接,WJHL,2011-06-15,2024-07-09,fund,XSHE,jqdata_get_all_securities
164809,工银瑞信中证500ETF联接A,GYZZ500ZS,2012-03-30,2200-01-01,fund,XSHE,jqdata_get_all_securities
510010,治理ETF,ZLETF,2009-12-15,2200-01-01,fund,XSHG,jqdata_get_all_securities
510020,超大ETF,CDETF,2010-03-19,2200-01-01,fund,XSHG,jqdata_get_all_securities
510030,价值ETF,JZETF,2010-05-28,2200-01-01,fund,XSHG,jqdata_get_all_securities
510050,50ETF,50ETF,2005-02-23,2200-01-01,fund,XSHG,jqdata_get_all_securities
510060,央企ETF,YQETF,2009-10-27,2200-01-01,fund,XSHG,jqdata_get_all_securities
510070,民企ETF,MQETF,2010-10-29,2020-08-12,fund,XSHG,jqdata_get_all_securities
510090,ESG建信,ZRETF,2010-08-09,2200-01-01,fund,XSHG,jqdata_get_all_securities
510100,SZ50ETF,SZ50ETF,2019-10-09,2200-01-01,fund,XSHG,jqdata_get_all_securities
510110,周期ETF,ZQETF,2010-11-15,2023-08-10,fund,XSHG,jqdata_get_all_securities
510120,非周ETF,FZETF,2011-06-08,2023-08-10,fund,XSHG,jqdata_get_all_securities
510130,中盘ETF,ZPETF,2010-06-23,2200-01-01,fund,XSHG,jqdata_get_all_securities
510150,消费ETF,XFETF,2011-02-25,2200-01-01,fund,XSHG,jqdata_get_all_securities
510160,产业升级,XKETF,2010-11-01,2200-01-01,fund,XSHG,jqdata_get_all_securities
510170,商品ETF,SPETF,2011-01-25,2200-01-01,fund,XSHG,jqdata_get_all_securities
510180,180ETF,180ETF,2006-05-18,2200-01-01,fund,XSHG,jqdata_get_all_securities
510190,上证50基,LTETF,2011-01-10,2200-01-01,fund,XSHG,jqdata_get_all_securities
510210,综指ETF,ZZETF,2011-03-25,2200-01-01,fund,XSHG,jqdata_get_all_securities
510220,中小ETF,ZXETF,2011-03-28,2022-12-26,fund,XSHG,jqdata_get_all_securities
510230,金融ETF,JRETF,2011-05-23,2200-01-01,fund,XSHG,jqdata_get_all_securities
510260,新兴ETF,XXETF,2011-06-08,2020-01-14,fund,XSHG,jqdata_get_all_securities
510270,国企ETF,GQETF,2011-08-18,2200-01-01,fund,XSHG,jqdata_get_all_securities
510280,成长ETF,CZETF,2011-10-18,2019-09-27,fund,XSHG,jqdata_get_all_securities
510290,380ETF,380ETF,2011-11-08,2200-01-01,fund,XSHG,jqdata_get_all_securities
510300,300ETF,300ETF,2012-05-28,2200-01-01,fund,XSHG,jqdata_get_all_securities
510310,HS300ETF,HS300ETF,2013-03-25,2200-01-01,fund,XSHG,jqdata_get_all_securities
510410,资源ETF,ZYETF,2012-05-11,2200-01-01,fund,XSHG,jqdata_get_all_securities
510420,180EWETF,180EWETF,2012-07-09,2019-11-07,fund,XSHG,jqdata_get_all_securities
510450,180高ETF,180GETF,2013-08-01,2016-08-23,fund,XSHG,jqdata_get_all_securities
510500,500ETF,500ETF,2013-03-15,2200-01-01,fund,XSHG,jqdata_get_all_securities
510570,兴业500,XYZZ500ETF,2020-08-12,2200-01-01,fund,XSHG,jqdata_get_all_securities
510580,ZZ500ETF,ZZ500ETF,2015-09-14,2200-01-01,fund,XSHG,jqdata_get_all_securities
510600,沪50ETF,H50ETF,2018-09-20,2200-01-01,fund,XSHG,jqdata_get_all_securities
510700,百强ETF,BQETF,2013-05-31,2016-05-12,fund,XSHG,jqdata_get_all_securities
510710,上50ETF,S50ETF,2015-06-15,2200-01-01,fund,XSHG,jqdata_get_all_securities
510760,上证ETF,SZETF,2020-09-09,2200-01-01,fund,XSHG,jqdata_get_all_securities
510880,红利ETF,HLETF,2007-01-18,2200-01-01,fund,XSHG,jqdata_get_all_securities
510900,恒生中国,HGETF,2012-10-22,2200-01-01,fund,XSHG,jqdata_get_all_securities
511010,国债ETF,GZETF,2013-03-25,2200-01-01,fund,XSHG,jqdata_get_all_securities
511050,兴业地债,DFZETF,2020-07-30,2021-08-30,fund,XSHG,jqdata_get_all_securities
511210,企债ETF,QZETF,2013-08-16,2018-01-25,fund,XSHG,jqdata_get_all_securities
511220,城投ETF,CTETF,2014-12-16,2200-01-01,fund,XSHG,jqdata_get_all_securities
511360,短融ETF,ZZDRETF,2020-09-25,2200-01-01,fund,XSHG,jqdata_get_all_securities
511380,转债ETF,ZZETF,2020-04-07,2200-01-01,fund,XSHG,jqdata_get_all_securities
511520,政金债,ZJZQETF,2022-10-25,2200-01-01,fund,XSHG,jqdata_get_all_securities
511580,国债政金,ZJZ5NETF,2022-12-14,2200-01-01,fund,XSHG,jqdata_get_all_securities
511600,货币ETF,HBETF,2016-09-27,2200-01-01,fund,XSHG,jqdata_get_all_securities
511620,货币基金,GTSLHBETF,2017-09-07,2200-01-01,fund,XSHG,jqdata_get_all_securities
511690,交易货币ETF大成,JYHB,2016-10-20,2200-01-01,fund,XSHG,jqdata_get_all_securities
512000,券商ETF,QSETF,2016-09-14,2200-01-01,fund,XSHG,jqdata_get_all_securities
512010,医药ETF,YYETF,2013-10-28,2200-01-01,fund,XSHG,jqdata_get_all_securities
512060,中证A100ETF天弘,ZZA100ETFTH,2025-07-18,2200-01-01,fund,XSHG,jqdata_get_all_securities
512070,证券保险,FYETF,2014-07-18,2200-01-01,fund,XSHG,jqdata_get_all_securities
512100,1000ETF,1000ETF,2016-11-04,2200-01-01,fund,XSHG,jqdata_get_all_securities
512150,A50ETF,A50ETF,2019-01-21,2200-01-01,fund,XSHG,jqdata_get_all_securities
512170,医疗ETF,YLETF,2019-06-17,2200-01-01,fund,XSHG,jqdata_get_all_securities
512200,地产ETF,FDC,2017-09-25,2200-01-01,fund,XSHG,jqdata_get_all_securities
512220,TMTETF,JSTMT,2014-08-19,2200-01-01,fund,XSHG,jqdata_get_all_securities
512310,工业ETF,500GY,2015-05-08,2021-04-15,fund,XSHG,jqdata_get_all_securities
512330,信息ETF,500XX,2015-07-20,2200-01-01,fund,XSHG,jqdata_get_all_securities
512340,原料ETF,500YL,2015-05-15,2021-04-15,fund,XSHG,jqdata_get_all_securities
512350,福建ETF,FJETF,2020-09-10,2022-03-16,fund,XSHG,jqdata_get_all_securities
512400,有色ETF,YSJS,2017-09-01,2200-01-01,fund,XSHG,jqdata_get_all_securities
512510,ETF500,ETF500,2015-06-12,2200-01-01,fund,XSHG,jqdata_get_all_securities
512520,MSCIETF,MSCIETF,2018-05-18,2200-01-01,fund,XSHG,jqdata_get_all_securities
512580,环保ETF,HBETF,2017-02-28,2200-01-01,fund,XSHG,jqdata_get_all_securities
512620,农业ETF天弘,NYETFTH,2025-11-21,2200-01-01,fund,XSHG,jqdata_get_all_securities
512660,军工ETF,JGETF,2016-08-08,2200-01-01,fund,XSHG,jqdata_get_all_securities
512670,国防ETF,GFETF,2019-08-01,2200-01-01,fund,XSHG,jqdata_get_all_securities
512690,酒ETF,JETF,2019-05-06,2200-01-01,fund,XSHG,jqdata_get_all_securities
512760,芯片ETF,BDT50,2019-06-12,2200-01-01,fund,XSHG,jqdata_get_all_securities
512800,银行ETF,YHETF,2017-08-03,2200-01-01,fund,XSHG,jqdata_get_all_securities
512880,证券ETF,ZQETF,2016-08-08,2200-01-01,fund,XSHG,jqdata_get_all_securities
512910,100ETF,100ETF,2019-07-01,2200-01-01,fund,XSHG,jqdata_get_all_securities
512930,AIETF,AIETF,2019-08-23,2200-01-01,fund,XSHG,jqdata_get_all_securities
512960,央调ETF,YTETF,2019-01-18,2200-01-01,fund,XSHG,jqdata_get_all_securities
512970,湾区ETF,WQETF,2019-11-11,2200-01-01,fund,XSHG,jqdata_get_all_securities
512980,传媒ETF,CMETF,2018-01-19,2200-01-01,fund,XSHG,jqdata_get_all_securities
513000,225ETF,225ETF,2019-06-25,2200-01-01,fund,XSHG,jqdata_get_all_securities
513030,德国ETF,DG30,2014-09-05,2200-01-01,fund,XSHG,jqdata_get_all_securities
513080,法国ETF,FGCAC40ETF,2020-06-12,2200-01-01,fund,XSHG,jqdata_get_all_securities
513100,纳指ETF,NZETF,2013-05-15,2200-01-01,fund,XSHG,jqdata_get_all_securities
513300,纳斯达克,NSDKETF,2020-11-05,2200-01-01,fund,XSHG,jqdata_get_all_securities
513310,中韩芯片,ZHBDTETF,2022-12-22,2200-01-01,fund,XSHG,jqdata_get_all_securities
513350,油气ETF,YQETF,2023-11-28,2200-01-01,fund,XSHG,jqdata_get_all_securities
513360,教育ETF,JYETF,2021-06-17,2200-01-01,fund,XSHG,jqdata_get_all_securities
513520,日经ETF,RJETF,2019-06-25,2200-01-01,fund,XSHG,jqdata_get_all_securities
513560,香港科技,XGKJETF,2023-02-13,2200-01-01,fund,XSHG,jqdata_get_all_securities
513600,恒指ETF,HZETF,2015-01-26,2200-01-01,fund,XSHG,jqdata_get_all_securities
513650,标普ETF,BPETF,2023-04-04,2200-01-01,fund,XSHG,jqdata_get_all_securities
513770,港股互联网ETF,GGHLWETF,2022-02-18,2200-01-01,fund,XSHG,jqdata_get_all_securities
513800,东证ETF,DZETF,2019-06-25,2200-01-01,fund,XSHG,jqdata_get_all_securities
513970,恒生消费,HSXFETF,2023-04-21,2200-01-01,fund,XSHG,jqdata_get_all_securities
515000,科技ETF,KJETF,2019-08-16,2200-01-01,fund,XSHG,jqdata_get_all_securities
515050,5GETF,5GETF,2019-10-16,2200-01-01,fund,XSHG,jqdata_get_all_securities
515100,红利100,DBHLETF,2020-07-03,2200-01-01,fund,XSHG,jqdata_get_all_securities
515170,食品饮料,SPYLETF,2021-01-13,2200-01-01,fund,XSHG,jqdata_get_all_securities
515210,钢铁ETF,GTETF,2020-03-02,2200-01-01,fund,XSHG,jqdata_get_all_securities
515220,煤炭ETF,MTETF,2020-03-02,2200-01-01,fund,XSHG,jqdata_get_all_securities
515230,软件ETF,RJETF,2021-03-02,2200-01-01,fund,XSHG,jqdata_get_all_securities
515260,电子ETF,DZETF,2020-07-31,2200-01-01,fund,XSHG,jqdata_get_all_securities
515290,银行ETF天弘,YHTH,2020-12-28,2200-01-01,fund,XSHG,jqdata_get_all_securities
515330,沪深300ETF天弘,TH300,2019-12-26,2200-01-01,fund,XSHG,jqdata_get_all_securities
515380,沪深300ETF泰康,TK300,2020-03-23,2200-01-01,fund,XSHG,jqdata_get_all_securities
515530,中证500ETF泰康,TK500,2020-11-09,2200-01-01,fund,XSHG,jqdata_get_all_securities
515590,500ETFEW,500ETFEW,2020-01-20,2200-01-01,fund,XSHG,jqdata_get_all_securities
515630,保险证券,ZBETF,2020-04-03,2200-01-01,fund,XSHG,jqdata_get_all_securities
515690,股息ETF,GXLT,2020-05-13,2022-04-25,fund,XSHG,jqdata_get_all_securities
515710,食品ETF,SPETF,2021-01-07,2200-01-01,fund,XSHG,jqdata_get_all_securities
515770,MSCIAETF,MSCIAETF,2020-06-19,2200-01-01,fund,XSHG,jqdata_get_all_securities
515790,光伏ETF,GFETF,2020-12-18,2200-01-01,fund,XSHG,jqdata_get_all_securities
515800,800ETF,800ETF,2019-12-16,2200-01-01,fund,XSHG,jqdata_get_all_securities
515810,ZZ800ETF,ZZ800ETF,2019-10-25,2200-01-01,fund,XSHG,jqdata_get_all_securities
515820,沪深800,800ETFJJ,2020-05-29,2023-03-21,fund,XSHG,jqdata_get_all_securities
515830,工银中证800ETF,GYZZ800ETF,2020-07-17,2022-06-14,fund,XSHG,jqdata_get_all_securities
515880,通信ETF,TXETF,2019-09-06,2200-01-01,fund,XSHG,jqdata_get_all_securities
515900,央创ETF,YCETF,2019-12-18,2200-01-01,fund,XSHG,jqdata_get_all_securities
515910,质量ETF,ZLETF,2021-02-26,2200-01-01,fund,XSHG,jqdata_get_all_securities
516000,数据ETF,DSJ50,2021-03-01,2200-01-01,fund,XSHG,jqdata_get_all_securities
516010,游戏ETF,YXETF,2021-03-05,2200-01-01,fund,XSHG,jqdata_get_all_securities
516020,化工ETF,HGETF,2021-03-08,2200-01-01,fund,XSHG,jqdata_get_all_securities
516060,新药ETF,XYETF,2021-03-01,2200-01-01,fund,XSHG,jqdata_get_all_securities
516070,碳中和50,DTETF,2021-04-23,2200-01-01,fund,XSHG,jqdata_get_all_securities
516110,汽车ETF,QCETF,2021-05-07,2200-01-01,fund,XSHG,jqdata_get_all_securities
516190,文娱ETF,WYETF,2021-09-17,2200-01-01,fund,XSHG,jqdata_get_all_securities
516320,装备ETF,ZBETF,2021-06-08,2200-01-01,fund,XSHG,jqdata_get_all_securities
516360,新材料ETF,XCLETF,2021-05-13,2200-01-01,fund,XSHG,jqdata_get_all_securities
516500,生物ETF,SWETF,2021-03-17,2200-01-01,fund,XSHG,jqdata_get_all_securities
516550,农业ETF,NYETF,2021-04-08,2200-01-01,fund,XSHG,jqdata_get_all_securities
516560,养老ETF,YLETF,2021-09-16,2200-01-01,fund,XSHG,jqdata_get_all_securities
516570,石化ETF,SHETF,2021-06-18,2200-01-01,fund,XSHG,jqdata_get_all_securities
516600,消服ETF,XFETF,2021-02-26,2200-01-01,fund,XSHG,jqdata_get_all_securities
516610,医疗设备ETF大成,YFETF,2021-05-13,2200-01-01,fund,XSHG,jqdata_get_all_securities
516620,影视ETF,YSETF,2021-11-05,2200-01-01,fund,XSHG,jqdata_get_all_securities
516720,ESGETF,ESGETF,2021-08-13,2200-01-01,fund,XSHG,jqdata_get_all_securities
516750,建材ETF,JCETF,2021-11-05,2200-01-01,fund,XSHG,jqdata_get_all_securities
516760,养殖ETF,YZETF,2021-03-12,2200-01-01,fund,XSHG,jqdata_get_all_securities
516780,稀土ETF,XTETF,2021-03-08,2200-01-01,fund,XSHG,jqdata_get_all_securities
516790,保健ETF,BJETF,2021-08-23,2200-01-01,fund,XSHG,jqdata_get_all_securities
516800,智能制造ETF,ZNZZETF,2021-02-19,2200-01-01,fund,XSHG,jqdata_get_all_securities
516890,新材ETF,XCETF,2021-07-28,2200-01-01,fund,XSHG,jqdata_get_all_securities
516910,物流ETF,WLETF,2021-06-11,2200-01-01,fund,XSHG,jqdata_get_all_securities
516930,生科ETF,SKETF,2021-08-18,2200-01-01,fund,XSHG,jqdata_get_all_securities
516950,基建ETF,JJETF,2021-05-14,2200-01-01,fund,XSHG,jqdata_get_all_securities
516960,机械ETF,JXETF,2021-05-07,2200-01-01,fund,XSHG,jqdata_get_all_securities
517060,沪港深ETF,HGSET,2021-03-26,2022-11-10,fund,XSHG,jqdata_get_all_securities
517090,共赢ETF,GYETF,2021-12-28,2200-01-01,fund,XSHG,jqdata_get_all_securities
517100,AH500ETF,AH500ETF,2021-03-02,2200-01-01,fund,XSHG,jqdata_get_all_securities
517160,长江ETF,CJBHZTETF,2022-01-05,2200-01-01,fund,XSHG,jqdata_get_all_securities
517180,中国国企,KFGYETF,2021-12-28,2200-01-01,fund,XSHG,jqdata_get_all_securities
517280,网购ETF,WGETF,2021-12-03,2024-08-23,fund,XSHG,jqdata_get_all_securities
517300,AH300ETF,AH300ETF,2021-02-24,2200-01-01,fund,XSHG,jqdata_get_all_securities
517380,创新药ETF天弘,CXYAH,2021-08-09,2200-01-01,fund,XSHG,jqdata_get_all_securities
517390,云计算ETF天弘,YJSAH,2021-12-23,2200-01-01,fund,XSHG,jqdata_get_all_securities
517660,物联网ETF天弘,WLWAH,2021-10-25,2200-01-01,fund,XSHG,jqdata_get_all_securities
517850,张江ETF,ZJETF,2022-05-16,2200-01-01,fund,XSHG,jqdata_get_all_securities
518680,金ETF,SHJAU,2020-07-28,2200-01-01,fund,XSHG,jqdata_get_all_securities
518880,黄金ETF,HJETF,2013-07-29,2200-01-01,fund,XSHG,jqdata_get_all_securities
520530,港科ETF,GKETF,2025-12-08,2200-01-01,fund,XSHG,jqdata_get_all_securities
520830,沙特ETF,STETF,2024-07-16,2200-01-01,fund,XSHG,jqdata_get_all_securities
520870,巴西ETF,BXETF,2025-11-13,2200-01-01,fund,XSHG,jqdata_get_all_securities
520880,港股通创新药ETF,GGTCXYETF,2025-07-07,2200-01-01,fund,XSHG,jqdata_get_all_securities
520920,恒生科技ETF天弘,HSKJETFTH,2025-09-30,2200-01-01,fund,XSHG,jqdata_get_all_securities
520950,摩根恒生港股通50ETF,MGHSGGT50ETF,2025-11-25,2200-01-01,fund,XSHG,jqdata_get_all_securities
530000,上证50ETF天弘,SZ50ETFTH,2024-09-13,2200-01-01,fund,XSHG,jqdata_get_all_securities
530050,SH50ETF,SH50ETF,2024-12-04,2200-01-01,fund,XSHG,jqdata_get_all_securities
530080,上证180ETF天弘,180ZSETF,2025-01-23,2200-01-01,fund,XSHG,jqdata_get_all_securities
530280,180ETF指,180ETFZ,2025-01-24,2200-01-01,fund,XSHG,jqdata_get_all_securities
530530,580ETF,580ETF,2025-08-29,2200-01-01,fund,XSHG,jqdata_get_all_securities
530800,上180ETF,S180ETF,2025-01-27,2200-01-01,fund,XSHG,jqdata_get_all_securities
560080,中药ETF,ZYETF,2022-10-17,2200-01-01,fund,XSHG,jqdata_get_all_securities
560100,增强ETF,ZQETF,2022-02-16,2200-01-01,fund,XSHG,jqdata_get_all_securities
560170,央企科技,YQKJETF,2023-07-06,2200-01-01,fund,XSHG,jqdata_get_all_securities
560180,ESG300,ESG300ETF,2023-04-21,2200-01-01,fund,XSHG,jqdata_get_all_securities
560500,500质量,500ETFJ,2021-09-01,2200-01-01,fund,XSHG,jqdata_get_all_securities
560510,中证A500ETF,ZZA500ETF,2024-10-15,2200-01-01,fund,XSHG,jqdata_get_all_securities
560520,红利低波100ETF大成,HLDC,2024-04-18,2200-01-01,fund,XSHG,jqdata_get_all_securities
560530,A500ETF,A500ETF,2024-10-15,2200-01-01,fund,XSHG,jqdata_get_all_securities
560560,碳中和ETF泰康,TZHTK,2021-09-13,2200-01-01,fund,XSHG,jqdata_get_all_securities
560580,电力指基,DLETFZSJJ,2023-05-12,2200-01-01,fund,XSHG,jqdata_get_all_securities
560590,1000鹏华,1000ETFZQ,2023-09-25,2200-01-01,fund,XSHG,jqdata_get_all_securities
560660,云50ETF,Y50ETF,2021-08-25,2200-01-01,fund,XSHG,jqdata_get_all_securities
560710,船舶ETF,CBETF,2026-02-06,2200-01-01,fund,XSHG,jqdata_get_all_securities
560800,数字ETF,SZETF,2022-01-07,2200-01-01,fund,XSHG,jqdata_get_all_securities
560960,碳60ETF,T60ETF,2023-01-13,2025-06-25,fund,XSHG,jqdata_get_all_securities
561120,家电ETF,JDETF,2022-02-15,2200-01-01,fund,XSHG,jqdata_get_all_securities
561130,国货ETF,GHETF,2021-10-18,2200-01-01,fund,XSHG,jqdata_get_all_securities
561180,A100ETF,A100ETF,2022-11-21,2200-01-01,fund,XSHG,jqdata_get_all_securities
561190,双碳ETF,STETF,2022-07-19,2200-01-01,fund,XSHG,jqdata_get_all_securities
561200,A100基金,ZZ100ETFGY,2024-01-05,2200-01-01,fund,XSHG,jqdata_get_all_securities
561260,能源ETF,NYETF,2023-08-09,2200-01-01,fund,XSHG,jqdata_get_all_securities
561280,增强1000,ZZ1000ETFZQ,2023-09-22,2200-01-01,fund,XSHG,jqdata_get_all_securities
561300,300增ETF,300ZETF,2021-12-10,2200-01-01,fund,XSHG,jqdata_get_all_securities
561310,消电ETF,XDETF,2021-11-25,2200-01-01,fund,XSHG,jqdata_get_all_securities
561320,交运ETF,JYETF,2022-12-08,2200-01-01,fund,XSHG,jqdata_get_all_securities
561330,矿业ETF,KYETF,2022-11-01,2200-01-01,fund,XSHG,jqdata_get_all_securities
561360,石油ETF,SYETF,2023-10-31,2200-01-01,fund,XSHG,jqdata_get_all_securities
561370,2000ETF,2000ETF,2023-09-21,2200-01-01,fund,XSHG,jqdata_get_all_securities
561380,电网ETF,DWETF,2024-12-23,2200-01-01,fund,XSHG,jqdata_get_all_securities
561510,中医药,ZYYETF,2022-08-04,2200-01-01,fund,XSHG,jqdata_get_all_securities
561560,电力ETF,DLETF,2022-05-16,2200-01-01,fund,XSHG,jqdata_get_all_securities
561580,央企红利,YQHLETF,2023-05-30,2200-01-01,fund,XSHG,jqdata_get_all_securities
561910,电池ETF,DCETF,2021-08-12,2200-01-01,fund,XSHG,jqdata_get_all_securities
561950,500增强A,ZZ500ZSZQETFJJ,2023-04-24,2200-01-01,fund,XSHG,jqdata_get_all_securities
562000,中证A100ETF基金,HBZZ100ETF,2022-08-01,2200-01-01,fund,XSHG,jqdata_get_all_securities
562030,信创ETF基金,XCETFJJ,2023-10-12,2200-01-01,fund,XSHG,jqdata_get_all_securities
562050,药ETF,YETF,2025-06-19,2200-01-01,fund,XSHG,jqdata_get_all_securities
562060,标普红利ETF,BPHLETF,2023-12-28,2200-01-01,fund,XSHG,jqdata_get_all_securities
562070,300ETF增,300ETFZ,2025-12-25,2200-01-01,fund,XSHG,jqdata_get_all_securities
562080,300现金流ETF,300XJLETF,2025-04-15,2200-01-01,fund,XSHG,jqdata_get_all_securities
562260,汽配ETF,QPETF,2024-05-10,2025-07-25,fund,XSHG,jqdata_get_all_securities
562300,低碳ETF,DTETF,2022-01-05,2200-01-01,fund,XSHG,jqdata_get_all_securities
562310,300成长,HS300CZETF,2022-09-09,2200-01-01,fund,XSHG,jqdata_get_all_securities
562380,科技引领,YQKJYLETF,2023-07-06,2200-01-01,fund,XSHG,jqdata_get_all_securities
562510,旅游ETF,LYETF,2021-12-30,2200-01-01,fund,XSHG,jqdata_get_all_securities
562550,绿电ETF,LDETF,2023-03-27,2200-01-01,fund,XSHG,jqdata_get_all_securities
562570,信创ETF,XCETF,2024-04-30,2200-01-01,fund,XSHG,jqdata_get_all_securities
562590,半导材料,BDTCLETF,2023-10-18,2200-01-01,fund,XSHG,jqdata_get_all_securities
562600,医疗器械,YLQXETF,2023-12-11,2200-01-01,fund,XSHG,jqdata_get_all_securities
562860,疫苗ETF,YMETF,2023-02-24,2200-01-01,fund,XSHG,jqdata_get_all_securities
562920,信息安全,XXAQETF,2023-06-12,2200-01-01,fund,XSHG,jqdata_get_all_securities
563010,电信ETF,DXETF,2023-07-13,2200-01-01,fund,XSHG,jqdata_get_all_securities
563200,2000指数,ZZ2000ZSETF,2023-10-18,2200-01-01,fund,XSHG,jqdata_get_all_securities
563230,卫星ETF,WXETF,2025-09-17,2200-01-01,fund,XSHG,jqdata_get_all_securities
563330,A股ETF,AGETF,2023-11-07,2200-01-01,fund,XSHG,jqdata_get_all_securities
563500,中证A500ETF华宝,ZZA500ETFHB,2024-12-02,2200-01-01,fund,XSHG,jqdata_get_all_securities
563630,A500增强ETF,A500ZQETF,2025-07-01,2200-01-01,fund,XSHG,jqdata_get_all_securities
588050,科创ETF,KCETF,2020-11-16,2200-01-01,fund,XSHG,jqdata_get_all_securities
588120,科100ETF,K100ETF,2023-09-15,2200-01-01,fund,XSHG,jqdata_get_all_securities
588150,科创龙头,KCLTETF,2021-12-20,2200-01-01,fund,XSHG,jqdata_get_all_securities
588160,科创新材,KCBXCLETF,2022-10-26,2200-01-01,fund,XSHG,jqdata_get_all_securities
588300,双创ETF,SCETF,2021-07-05,2200-01-01,fund,XSHG,jqdata_get_all_securities
588360,创创ETF,CCETF,2021-07-06,2200-01-01,fund,XSHG,jqdata_get_all_securities
588380,创50ETF,C50ETF,2021-07-06,2200-01-01,fund,XSHG,jqdata_get_all_securities
589070,科创芯片设计ETF天弘,KCXPSJETFTH,2026-01-23,2200-01-01,fund,XSHG,jqdata_get_all_securities
589520,科创人工智能ETF华宝,AIKCB,2025-03-13,2200-01-01,fund,XSHG,jqdata_get_all_securities
589850,科创50ETF东财,KC50ETFDC,2025-08-11,2200-01-01,fund,XSHG,jqdata_get_all_securities
589860,科创综指ETF天弘,KCZZETFTH,2025-03-05,2200-01-01,fund,XSHG,jqdata_get_all_securities
