date,open,high,low,close,volume,money
2025-03-03,99.722,99.739,99.722,99.733,11552000.0,1152110933.37
2025-03-04,99.75,99.762,99.75,99.75,10073010.0,1004844089.4
2025-03-05,99.765,99.773,99.757,99.77,10740580.0,1071549408.1
2025-03-06,99.74,99.749,99.737,99.739,16318770.0,1627657628.14
2025-03-07,99.72,99.72,99.612,99.64,10946584.0,1090825888.07
2025-03-10,99.64,99.64,99.581,99.593,10091680.0,1005041833.78
2025-03-11,99.59,99.594,99.514,99.548,9490000.0,944771395.64
2025-03-12,99.5,99.55,99.49,99.55,10050570.0,1000213688.08
2025-03-13,99.499,99.593,99.499,99.585,16128830.0,1605714942.44
2025-03-14,99.562,99.585,99.562,99.578,23344550.0,2324549587.94
2025-03-17,99.509,99.516,99.498,99.514,14402150.0,1433158976.26
2025-03-18,99.52,99.576,99.52,99.572,20453400.0,2036449228.73
2025-03-19,99.53,99.57,99.53,99.57,12012930.0,1195894038.36
2025-03-20,99.62,99.758,99.59,99.739,9815100.0,978453112.6
2025-03-21,99.681,99.738,99.681,99.733,23007490.0,2294555446.68
2025-03-24,99.75,99.758,99.732,99.751,11206400.0,1117842182.76
2025-03-25,99.787,99.865,99.787,99.86,14511760.0,1448988067.38
2025-03-26,99.855,99.972,99.855,99.965,10371600.0,1036277016.1
2025-03-27,99.96,100.264,99.935,100.015,8822500.0,882330718.63
2025-03-28,99.99,100.04,99.983,100.03,14207980.0,1421152017.94
2025-03-31,100.0,100.048,99.986,100.041,21648710.0,2165689966.1
2025-04-01,100.045,100.09,100.045,100.076,7899490.0,790553508.86
2025-04-02,100.083,100.15,100.073,100.15,22027050.0,2204949774.19
2025-04-03,100.209,100.329,100.209,100.327,6310830.0,632851213.52
2025-04-07,100.511,100.587,100.511,100.558,14940420.0,1502368006.6
2025-04-08,100.442,100.49,100.434,100.477,18379221.0,1846409860.84
2025-04-09,100.506,100.555,100.506,100.52,18323460.0,1841894520.74
2025-04-10,100.472,100.474,100.413,100.426,15948141.0,1601528020.476
2025-04-11,100.477,100.502,100.442,100.452,25756910.0,2588599870.65
2025-04-14,100.488,100.488,100.431,100.485,17169100.0,1724795202.17
2025-04-15,100.471,100.52,100.47,100.517,18279660.0,1837193526.4
2025-04-16,100.486,100.546,100.486,100.546,23944900.0,2407060234.34
2025-04-17,100.5,100.54,100.463,100.475,20309750.0,2041328215.17
2025-04-18,100.46,100.472,100.432,100.451,18382040.0,1846650366.24
2025-04-21,100.441,100.455,100.392,100.409,29593500.0,2972062338.2
2025-04-22,100.47,100.47,100.429,100.43,21471501.0,2156685793.63
2025-04-23,100.4,100.4,100.309,100.352,25233050.0,2531913431.25
2025-04-24,100.386,100.4,100.303,100.307,26376700.0,2647194056.0
2025-04-25,100.37,100.37,100.285,100.33,11354180.0,1139291588.4
2025-04-28,100.35,100.418,100.35,100.418,12123830.0,1216864135.04
2025-04-29,100.392,100.49,100.389,100.49,20964530.0,2105489379.38
2025-04-30,100.49,100.581,100.49,100.569,10744140.0,1080474945.71
2025-05-06,100.55,100.55,100.45,100.515,16156790.0,1623601350.12
2025-05-07,100.5,100.563,100.47,100.47,12804680.0,1286739870.23
2025-05-08,100.52,100.68,100.484,100.66,14256440.0,1434513813.17
2025-05-09,100.63,100.717,100.63,100.71,26638800.0,2682236634.5
2025-05-12,100.6,100.66,100.58,100.651,33135040.0,3333874415.4
2025-05-13,100.59,100.71,100.59,100.695,28593380.0,2877617588.51
2025-05-14,100.653,100.711,100.622,100.685,27611530.0,2780180143.74
2025-05-15,100.659,100.739,100.65,100.675,20988120.0,2112933441.0
2025-05-16,100.672,100.672,100.621,100.636,67102730.0,6752280522.36
2025-05-19,100.63,100.679,100.629,100.635,81366210.0,8188428178.9
2025-05-20,100.711,100.8,100.656,100.705,26661410.0,2684222044.21
2025-05-21,100.725,100.8,100.71,100.75,45354100.0,4569546334.0
2025-05-22,100.75,100.85,100.75,100.807,34646910.0,3492573434.55
2025-05-23,100.812,100.83,100.8,100.805,54966320.0,5541152109.4
2025-05-26,100.83,100.871,100.83,100.856,49947210.0,5037165205.39
2025-05-27,100.898,100.915,100.87,100.915,85922200.0,8669373158.8
2025-05-28,100.888,100.888,100.86,100.883,64429730.0,6499027662.88
2025-05-29,100.835,100.86,100.805,100.81,16577662.0,1671196566.62
2025-05-30,100.85,100.888,100.82,100.88,70824210.0,7143471483.49
2025-06-03,100.864,100.869,100.847,100.853,28660900.0,2890613161.5
2025-06-04,100.84,100.889,100.83,100.886,46352620.0,4674826061.09
2025-06-05,100.859,100.91,100.859,100.906,12008110.0,1211620751.54
2025-06-06,100.911,100.965,100.911,100.96,82177620.0,8295232286.19
2025-06-09,100.915,100.941,100.913,100.93,92902300.0,9376678629.39
2025-06-10,100.938,100.99,100.938,100.99,19591900.0,1978259541.97
2025-06-11,100.965,101.02,100.962,101.0,31241020.0,3155415843.59
2025-06-12,101.02,101.077,101.01,101.044,16410000.0,1657752137.6
2025-06-13,101.08,101.6,101.05,101.075,69439100.0,7018480961.3
2025-06-16,101.089,101.138,101.089,101.116,37583200.0,3799764434.7
2025-06-17,101.1,101.145,101.06,101.141,33417200.0,3379582214.99
2025-06-18,101.138,101.156,101.12,101.143,11272330.0,1140030992.07
2025-06-19,101.143,101.185,101.143,101.169,43327200.0,4383661622.7
2025-06-20,101.17,101.24,101.17,101.235,36600880.0,3704738865.06
2025-06-23,101.23,101.25,101.227,101.245,22834180.0,2311788773.58
2025-06-24,101.299,101.299,101.266,101.275,29224600.0,2959996460.96
2025-06-25,101.275,101.3,101.251,101.253,21413110.0,2168810288.01
2025-06-26,101.21,101.28,101.18,101.182,41300810.0,4179527576.51
2025-06-27,101.19,101.28,101.19,101.25,11051410.0,1118536350.66
2025-06-30,101.27,101.27,101.23,101.252,85396890.0,8646354659.62
2025-07-01,101.25,101.251,101.166,101.224,6997770.0,708049399.72
2025-07-02,101.231,101.34,101.23,101.34,17742210.0,1797193566.29
2025-07-03,101.35,101.39,101.34,101.38,51377400.0,5208362734.88
2025-07-04,101.398,101.475,101.398,101.441,21746100.0,2206027854.4
2025-07-07,101.43,101.5,101.424,101.475,40676710.0,4127893700.59
2025-07-08,101.51,101.51,101.41,101.427,33076220.0,3355074287.1
2025-07-09,101.41,101.439,101.35,101.363,24821100.0,2515975510.1
2025-07-10,101.37,101.371,101.29,101.305,61786300.0,6261236510.8
2025-07-11,101.352,101.352,101.227,101.25,6275643.0,635454057.22
2025-07-14,101.286,101.286,101.198,101.198,22307990.0,2258070614.17
2025-07-15,101.25,101.36,101.25,101.341,27882710.0,2825284509.31
2025-07-16,101.341,101.37,101.341,101.352,23959640.0,2428573000.28
2025-07-17,101.368,101.48,101.368,101.46,2325931.0,235858812.092
2025-07-18,101.438,101.495,101.438,101.489,17978160.0,1824101176.64
2025-07-21,101.489,101.489,101.34,101.369,23139320.0,2345422065.35
2025-07-22,101.37,101.375,101.219,101.24,35708005.0,3617323605.525
2025-07-23,101.207,101.207,101.024,101.201,10147700.0,1026516104.8
2025-07-24,101.201,101.201,100.96,100.96,22724850.0,2295925840.86
2025-07-25,100.93,101.05,100.93,100.96,3906310.0,394545978.95
2025-07-28,101.033,101.14,101.032,101.101,31536100.0,3188319272.45
2025-07-29,101.114,101.114,100.89,100.96,40016900.0,4043050169.34
2025-07-30,101.028,101.028,100.754,100.98,2281000.0,230196994.6
2025-07-31,101.03,101.3,101.025,101.2,12354200.0,1250402764.6
2025-08-01,101.18,101.278,101.15,101.242,36485430.0,3691946141.53
2025-08-04,101.34,101.384,101.242,101.244,29786200.0,3019175862.3
2025-08-05,101.205,101.25,101.204,101.248,20068310.0,2031304346.24
2025-08-06,101.223,101.32,101.223,101.3,23741200.0,2404981174.4
2025-08-07,101.283,101.43,101.28,101.352,39426910.0,3997103430.96
2025-08-08,101.352,101.4,101.33,101.355,56626430.0,5739484955.82
2025-08-11,101.377,101.377,101.18,101.215,49882520.0,5049382970.49
2025-08-12,101.259,101.259,101.138,101.142,5692900.0,575855651.95
2025-08-13,101.142,101.142,101.061,101.121,25257000.0,2554055267.1
2025-08-14,101.108,101.17,101.076,101.108,17407410.0,1759815401.24
2025-08-15,101.144,101.15,101.08,101.08,23093100.0,2335458582.9
2025-08-18,101.007,101.007,100.8,100.85,3805921.0,383888163.045
2025-08-19,100.777,100.897,100.755,100.894,23169610.0,2335971908.66
2025-08-20,100.866,100.91,100.695,100.695,22967192.0,2314984333.73
2025-08-21,100.623,100.72,100.592,100.72,17639010.0,1774847708.4
2025-08-22,100.72,100.789,100.695,100.722,24825100.0,2501039907.22
2025-08-25,100.71,100.91,100.7,100.899,26674910.0,2691549139.56
2025-08-26,100.886,100.935,100.862,100.928,31009700.0,3129118801.35
2025-08-27,100.881,100.999,100.881,100.996,21366100.0,2156069038.7
2025-08-28,100.97,100.97,100.86,100.86,23131500.0,2334293890.7
2025-08-29,100.811,100.949,100.811,100.9,25095950.0,2531326227.31
2025-09-01,100.85,100.98,100.85,100.95,18187420.0,1834748100.72
2025-09-02,100.95,100.99,100.94,100.976,18621600.0,1879982371.5
2025-09-03,101.024,101.069,101.024,101.05,34250950.0,3460606851.8
2025-09-04,101.021,101.138,101.021,101.129,26246800.0,2654206275.6
2025-09-05,101.106,101.106,101.015,101.04,26904710.0,2718476534.78
2025-09-08,101.014,101.014,100.94,100.96,25809720.0,2605382534.37
2025-09-09,100.913,100.969,100.83,100.861,26031810.0,2625770173.38
2025-09-10,100.89,100.89,100.699,100.751,2662400.0,268171413.5
2025-09-11,100.8,100.816,100.723,100.772,20526215.0,2068185646.425
2025-09-12,100.772,100.779,100.731,100.756,340720.0,34329706.42
2025-09-15,100.724,100.826,100.724,100.79,36546300.0,3684316581.9
2025-09-16,100.76,100.829,100.711,100.808,22382500.0,2256178894.9
2025-09-17,100.781,100.86,100.77,100.855,23878310.0,2407192124.2
2025-09-18,100.822,100.873,100.784,100.784,20570600.0,2073430599.0
2025-09-19,100.741,100.79,100.658,100.66,14949100.0,1504881688.8
2025-09-22,100.645,100.709,100.645,100.695,23219010.0,2337230859.87
2025-09-23,100.627,100.627,100.44,100.496,7401300.0,743740111.79
2025-09-24,100.548,100.548,100.311,100.333,8918330.0,895561227.59
2025-09-25,100.333,100.333,100.1,100.232,32052075.0,3212181777.455
2025-09-26,100.265,100.395,100.182,100.395,18267975.0,1832655769.1
2025-09-29,100.417,100.462,100.38,100.409,1199200.0,120425946.4
2025-09-30,100.44,100.704,100.391,100.7,9442900.0,950743370.5
2025-10-09,100.654,100.654,100.493,100.513,16965100.0,1705417278.9
2025-10-10,100.524,100.632,100.512,100.549,35834400.0,3602968100.4
2025-10-13,100.549,100.645,100.549,100.591,17151400.0,1725772470.9
2025-10-14,100.541,100.683,100.499,100.678,19657670.0,1978762640.1
2025-10-15,100.616,100.616,100.51,100.536,27394510.0,2754514932.84
2025-10-16,100.536,100.611,100.49,100.606,22796700.0,2293481352.1
2025-10-17,100.66,100.821,100.66,100.815,14471200.0,1458261810.8
2025-10-20,100.813,100.841,100.806,100.814,33265600.0,3354335298.6
2025-10-21,100.815,100.88,99.828,100.762,35077400.0,3535522090.3
2025-10-22,100.762,100.838,100.699,100.742,4360300.0,439332783.1
2025-10-23,100.711,100.8,100.711,100.741,5256100.0,529660554.4
2025-10-24,100.75,100.813,100.746,100.75,14193900.0,1430413554.0
2025-10-27,100.702,100.792,100.701,100.773,17437150.0,1757224866.9
2025-10-28,100.809,100.977,100.809,100.955,20063000.0,2025459122.2
2025-10-29,100.955,101.069,100.95,101.061,10910810.0,1102232579.86
2025-10-30,101.05,101.079,101.05,101.065,8107800.0,819431031.0
2025-10-31,101.088,101.41,101.071,101.225,10076200.0,1019314160.8
2025-11-03,101.28,101.296,101.205,101.23,27302110.0,2764550512.95
2025-11-04,101.23,101.256,101.191,101.21,47065900.0,4763548503.4
2025-11-05,101.26,101.26,101.226,101.25,19839400.0,2008738234.0
2025-11-06,101.244,101.254,101.015,101.206,1552700.0,157087460.6
2025-11-07,101.248,101.248,101.132,101.148,16814700.0,1700810339.4
2025-11-10,101.1,101.175,101.1,101.15,15248720.0,1541959441.1
2025-11-11,101.124,101.15,101.115,101.124,24073600.0,2434321718.7
2025-11-12,101.12,101.179,101.116,101.179,4528600.0,458063921.6
2025-11-13,101.178,101.178,101.131,101.16,25015300.0,2530204712.6
2025-11-14,101.173,101.174,101.09,101.15,12668800.0,1281245383.6
2025-11-17,101.184,101.285,101.184,101.21,19582500.0,1982481779.1
2025-11-18,101.239,101.239,101.191,101.21,20373400.0,2062002812.8
2025-11-19,101.201,101.277,101.179,101.265,16338500.0,1654272696.6
2025-11-20,101.286,101.3,101.212,101.265,4033400.0,408471419.3
2025-11-21,101.203,101.306,101.203,101.28,15218400.0,1541161894.6
2025-11-24,101.307,101.307,101.184,101.219,7447700.0,753734099.4
2025-11-25,101.219,101.226,101.134,101.184,11292800.0,1142650140.0
2025-11-26,101.2,101.21,100.98,101.005,1145700.0,115774687.1
2025-11-27,101.05,101.08,100.961,101.075,15922710.0,1609040185.25
2025-11-28,101.054,101.155,101.039,101.092,1719700.0,173895982.5
2025-12-01,101.092,101.132,101.044,101.112,17470300.0,1766414136.2
2025-12-02,101.102,101.102,101.07,101.093,44330.0,4481032.7
2025-12-03,101.103,101.103,101.05,101.051,17218710.0,1740122488.8
2025-12-04,101.05,101.05,100.764,100.851,1316600.0,132870393.3
2025-12-05,100.811,100.924,100.804,100.922,207500.0,20932716.0
2025-12-08,100.922,100.922,100.801,100.816,478700.0,48261765.2
2025-12-09,100.87,100.888,100.807,100.818,24006500.0,2421608080.6
2025-12-10,100.8,100.841,100.759,100.84,17630100.0,1777560353.8
2025-12-11,100.87,100.95,100.87,100.945,400700.0,40443172.6
2025-12-12,100.958,100.998,100.904,100.91,12646800.0,1276325289.3
2025-12-15,100.91,100.954,100.844,100.855,1911900.0,192865580.0
2025-12-16,100.855,100.857,100.822,100.85,392520.0,39583565.76
2025-12-17,100.865,100.882,100.841,100.853,15133710.0,1526385270.77
2025-12-18,100.888,100.888,100.867,100.88,14258400.0,1438390475.6
2025-12-19,100.9,100.912,100.873,100.9,18407600.0,1857316870.9
2025-12-22,100.9,100.949,100.858,100.866,1307400.0,131903463.4
2025-12-23,100.88,101.0,100.88,100.975,4068310.0,410860232.4
2025-12-24,100.999,101.091,100.981,101.084,2993900.0,302428116.3
2025-12-25,101.082,101.157,101.067,101.151,24987760.0,2526984510.4
2025-12-26,101.11,101.233,101.11,101.21,16022310.0,1621764974.21
2025-12-29,101.21,101.257,101.106,101.109,4130730.0,417878402.38
2025-12-30,101.109,101.139,101.09,101.11,1798810.0,181875927.2
2025-12-31,101.11,101.117,101.055,101.117,205210.0,20743698.45
2026-01-05,101.089,101.089,100.852,100.989,3050500.0,307976901.9
2026-01-06,100.994,100.994,100.874,100.979,10275800.0,1037226082.9
2026-01-07,100.93,101.014,100.916,100.98,1477996.0,149254954.16
2026-01-08,100.981,101.062,100.98,101.047,16468170.0,1663611338.56
2026-01-09,101.0,101.116,101.0,101.106,17825600.0,1802321900.2
2026-01-12,101.15,101.159,101.082,101.115,4386600.0,443524782.0
2026-01-13,101.144,101.171,101.07,101.155,18558490.0,1876901613.6
2026-01-14,101.154,101.198,101.111,101.19,1393300.0,140967235.3
2026-01-15,101.214,101.27,101.214,101.258,13623000.0,1379031426.3
2026-01-16,101.285,101.326,101.283,101.324,7344600.0,744148921.3
2026-01-19,101.369,101.369,101.295,101.315,785400.0,79572944.0
2026-01-20,101.319,101.35,101.291,101.35,19364500.0,1961876576.2
2026-01-21,101.311,101.351,101.266,101.34,16453136.0,1667356100.22
2026-01-22,101.3,101.366,101.3,101.338,1535400.0,155584561.2
2026-01-23,101.4,101.44,101.4,101.436,1059400.0,107438594.8
2026-01-26,101.455,101.476,101.401,101.445,27861700.0,2826010350.7
2026-01-27,101.404,101.469,101.4,101.439,24281540.0,2463112979.34
2026-01-28,101.439,101.449,101.405,101.438,1067000.0,108226077.6
2026-01-29,101.47,101.502,101.407,101.475,704400.0,71484337.5
2026-01-30,101.455,101.577,101.455,101.524,2669810.0,271070104.1
2026-02-02,101.524,101.571,101.52,101.533,16285000.0,1653416754.8
2026-02-03,101.5,101.573,101.486,101.573,18554700.0,1883682962.95
2026-02-04,101.589,101.589,101.519,101.56,20626400.0,2094330339.6
2026-02-05,101.597,101.597,101.52,101.52,13148800.0,1335062909.0
2026-02-06,101.543,101.59,101.543,101.59,8283604.0,841258766.92
2026-02-09,101.59,101.633,101.58,101.633,26525100.0,2694820150.7
2026-02-10,101.591,101.675,101.591,101.67,254200.0,25839604.0
2026-02-11,101.699,101.775,101.699,101.728,1048000.0,106623670.4
2026-02-12,101.77,101.79,101.77,101.78,1833700.0,186636359.8
2026-02-13,101.83,101.91,101.76,101.78,2888100.0,293970753.8
2026-02-24,101.803,101.836,101.803,101.83,31834112.0,3241366473.464
2026-02-25,101.89,101.89,101.737,101.75,1199800.0,122108314.8
2026-02-26,101.751,101.751,101.671,101.74,699600.0,71155556.3
2026-02-27,101.723,101.786,101.719,101.784,15682200.0,1595748346.4
