symbol,code,name,pool,group,status,etf_type,risk_profile,holding_profile,default_holding_min_days,default_holding_max_days,max_holding_days,stop_loss_pct,exit_sensitivity,auto_buy_allowed,qdii_check_required,liquidity_check_required,sentiment_check_required,news_required,classification_reason,source_scope
159001,159001,货币ETF,observe_pool,债券货币观察,active,bond_cash,low_volatility,30-90,30,90,90,0.02,low,0,0,1,0,low,债券/货币关键词,auto
159301,159301,159301,research_only,expanded_formal_data,active,unknown,manual_review,N/A,0,0,0,0.0,manual_review,0,0,1,0,unknown,无法确定为ETF分类,data_etf_daily
159302,159302,159302,research_only,expanded_formal_data,active,unknown,manual_review,N/A,0,0,0,0.0,manual_review,0,0,1,0,unknown,无法确定为ETF分类,data_etf_daily
159315,159315,159315,research_only,expanded_formal_data,active,unknown,manual_review,N/A,0,0,0,0.0,manual_review,0,0,1,0,unknown,无法确定为ETF分类,data_etf_daily
159321,159321,159321,research_only,expanded_formal_data,active,unknown,manual_review,N/A,0,0,0,0.0,manual_review,0,0,1,0,unknown,无法确定为ETF分类,data_etf_daily
159327,159327,159327,research_only,expanded_formal_data,active,unknown,manual_review,N/A,0,0,0,0.0,manual_review,0,0,1,0,unknown,无法确定为ETF分类,data_etf_daily
159332,159332,159332,research_only,expanded_formal_data,active,unknown,manual_review,N/A,0,0,0,0.0,manual_review,0,0,1,0,unknown,无法确定为ETF分类,data_etf_daily
159333,159333,159333,research_only,expanded_formal_data,active,unknown,manual_review,N/A,0,0,0,0.0,manual_review,0,0,1,0,unknown,无法确定为ETF分类,data_etf_daily
159336,159336,159336,research_only,expanded_formal_data,active,unknown,manual_review,N/A,0,0,0,0.0,manual_review,0,0,1,0,unknown,无法确定为ETF分类,data_etf_daily
159338,159338,国泰中证A500ETF,trade_pool,新宽基与新风格,imported,broad_index,core_beta,20-60,20,60,60,0.08,normal,1,0,1,0,low,宽基指数关键词,manual_public_seed_pending_jqdata_verify
159352,159352,南方中证A500ETF,trade_pool,新宽基与新风格,imported,broad_index,core_beta,20-60,20,60,60,0.08,normal,1,0,1,0,low,宽基指数关键词,manual_public_seed_pending_jqdata_verify
159363,159363,159363,research_only,expanded_formal_data,active,unknown,manual_review,N/A,0,0,0,0.0,manual_review,0,0,1,0,unknown,无法确定为ETF分类,data_etf_daily
159395,159395,159395,research_only,expanded_formal_data,active,unknown,manual_review,N/A,0,0,0,0.0,manual_review,0,0,1,0,unknown,无法确定为ETF分类,data_etf_daily
159396,159396,159396,research_only,expanded_formal_data,active,unknown,manual_review,N/A,0,0,0,0.0,manual_review,0,0,1,0,unknown,无法确定为ETF分类,data_etf_daily
159398,159398,159398,research_only,expanded_formal_data,active,unknown,manual_review,N/A,0,0,0,0.0,manual_review,0,0,1,0,unknown,无法确定为ETF分类,data_etf_daily
159516,159516,159516,research_only,expanded_formal_data,active,unknown,manual_review,N/A,0,0,0,0.0,manual_review,0,0,1,0,unknown,无法确定为ETF分类,data_etf_daily
159518,159518,159518,research_only,expanded_formal_data,active,unknown,manual_review,N/A,0,0,0,0.0,manual_review,0,0,1,0,unknown,无法确定为ETF分类,data_etf_daily
159531,159531,159531,research_only,expanded_formal_data,active,unknown,manual_review,N/A,0,0,0,0.0,manual_review,0,0,1,0,unknown,无法确定为ETF分类,data_etf_daily
159532,159532,159532,research_only,expanded_formal_data,active,unknown,manual_review,N/A,0,0,0,0.0,manual_review,0,0,1,0,unknown,无法确定为ETF分类,data_etf_daily
159536,159536,159536,research_only,expanded_formal_data,active,unknown,manual_review,N/A,0,0,0,0.0,manual_review,0,0,1,0,unknown,无法确定为ETF分类,data_etf_daily
159538,159538,159538,research_only,expanded_formal_data,active,unknown,manual_review,N/A,0,0,0,0.0,manual_review,0,0,1,0,unknown,无法确定为ETF分类,data_etf_daily
159539,159539,159539,research_only,expanded_formal_data,active,unknown,manual_review,N/A,0,0,0,0.0,manual_review,0,0,1,0,unknown,无法确定为ETF分类,data_etf_daily
159540,159540,159540,research_only,expanded_formal_data,active,unknown,manual_review,N/A,0,0,0,0.0,manual_review,0,0,1,0,unknown,无法确定为ETF分类,data_etf_daily
159545,159545,159545,research_only,expanded_formal_data,active,unknown,manual_review,N/A,0,0,0,0.0,manual_review,0,0,1,0,unknown,无法确定为ETF分类,data_etf_daily
159547,159547,159547,research_only,expanded_formal_data,active,unknown,manual_review,N/A,0,0,0,0.0,manual_review,0,0,1,0,unknown,无法确定为ETF分类,data_etf_daily
159549,159549,159549,research_only,expanded_formal_data,active,unknown,manual_review,N/A,0,0,0,0.0,manual_review,0,0,1,0,unknown,无法确定为ETF分类,data_etf_daily
159551,159551,159551,research_only,expanded_formal_data,active,unknown,manual_review,N/A,0,0,0,0.0,manual_review,0,0,1,0,unknown,无法确定为ETF分类,data_etf_daily
159558,159558,159558,research_only,expanded_formal_data,active,unknown,manual_review,N/A,0,0,0,0.0,manual_review,0,0,1,0,unknown,无法确定为ETF分类,data_etf_daily
159559,159559,159559,research_only,expanded_formal_data,active,unknown,manual_review,N/A,0,0,0,0.0,manual_review,0,0,1,0,unknown,无法确定为ETF分类,data_etf_daily
159562,159562,159562,research_only,expanded_formal_data,active,unknown,manual_review,N/A,0,0,0,0.0,manual_review,0,0,1,0,unknown,无法确定为ETF分类,data_etf_daily
159593,159593,中证A50ETF,trade_pool,新宽基与新风格,imported,broad_index,core_beta,20-60,20,60,60,0.08,normal,1,0,1,0,low,宽基指数关键词,manual_public_seed_pending_jqdata_verify
159595,159595,159595,research_only,expanded_formal_data,active,unknown,manual_review,N/A,0,0,0,0.0,manual_review,0,0,1,0,unknown,无法确定为ETF分类,data_etf_daily
159608,159608,159608,research_only,expanded_formal_data,active,unknown,manual_review,N/A,0,0,0,0.0,manual_review,0,0,1,0,unknown,无法确定为ETF分类,data_etf_daily
159611,159611,159611,research_only,expanded_formal_data,active,unknown,manual_review,N/A,0,0,0,0.0,manual_review,0,0,1,0,unknown,无法确定为ETF分类,data_etf_daily
159613,159613,159613,research_only,expanded_formal_data,active,unknown,manual_review,N/A,0,0,0,0.0,manual_review,0,0,1,0,unknown,无法确定为ETF分类,data_etf_daily
159615,159615,159615,research_only,expanded_formal_data,active,unknown,manual_review,N/A,0,0,0,0.0,manual_review,0,0,1,0,unknown,无法确定为ETF分类,data_etf_daily
159625,159625,159625,research_only,expanded_formal_data,active,unknown,manual_review,N/A,0,0,0,0.0,manual_review,0,0,1,0,unknown,无法确定为ETF分类,data_etf_daily
159638,159638,159638,research_only,expanded_formal_data,active,unknown,manual_review,N/A,0,0,0,0.0,manual_review,0,0,1,0,unknown,无法确定为ETF分类,data_etf_daily
159658,159658,159658,research_only,expanded_formal_data,active,unknown,manual_review,N/A,0,0,0,0.0,manual_review,0,0,1,0,unknown,无法确定为ETF分类,data_etf_daily
159663,159663,159663,research_only,expanded_formal_data,active,unknown,manual_review,N/A,0,0,0,0.0,manual_review,0,0,1,0,unknown,无法确定为ETF分类,data_etf_daily
159667,159667,159667,research_only,expanded_formal_data,active,unknown,manual_review,N/A,0,0,0,0.0,manual_review,0,0,1,0,unknown,无法确定为ETF分类,data_etf_daily
159669,159669,159669,research_only,expanded_formal_data,active,unknown,manual_review,N/A,0,0,0,0.0,manual_review,0,0,1,0,unknown,无法确定为ETF分类,data_etf_daily
159671,159671,159671,research_only,expanded_formal_data,active,unknown,manual_review,N/A,0,0,0,0.0,manual_review,0,0,1,0,unknown,无法确定为ETF分类,data_etf_daily
159697,159697,159697,research_only,expanded_formal_data,active,unknown,manual_review,N/A,0,0,0,0.0,manual_review,0,0,1,0,unknown,无法确定为ETF分类,data_etf_daily
159699,159699,159699,research_only,expanded_formal_data,active,unknown,manual_review,N/A,0,0,0,0.0,manual_review,0,0,1,0,unknown,无法确定为ETF分类,data_etf_daily
159703,159703,159703,research_only,expanded_formal_data,active,unknown,manual_review,N/A,0,0,0,0.0,manual_review,0,0,1,0,unknown,无法确定为ETF分类,data_etf_daily
159717,159717,159717,research_only,expanded_formal_data,active,unknown,manual_review,N/A,0,0,0,0.0,manual_review,0,0,1,0,unknown,无法确定为ETF分类,data_etf_daily
159726,159726,159726,research_only,expanded_formal_data,active,unknown,manual_review,N/A,0,0,0,0.0,manual_review,0,0,1,0,unknown,无法确定为ETF分类,data_etf_daily
159732,159732,159732,research_only,expanded_formal_data,active,unknown,manual_review,N/A,0,0,0,0.0,manual_review,0,0,1,0,unknown,无法确定为ETF分类,data_etf_daily
159735,159735,159735,research_only,expanded_formal_data,active,unknown,manual_review,N/A,0,0,0,0.0,manual_review,0,0,1,0,unknown,无法确定为ETF分类,data_etf_daily
159736,159736,食品ETF,trade_pool,消费医药,active,sector,sector_beta,10-30,10,30,30,0.06,medium,1,0,1,1,medium,行业/风格关键词,auto
159745,159745,159745,research_only,expanded_formal_data,active,unknown,manual_review,N/A,0,0,0,0.0,manual_review,0,0,1,0,unknown,无法确定为ETF分类,data_etf_daily
159755,159755,电池ETF,trade_pool,新能源制造,active,commodity_resource,commodity_cycle,10-45,10,45,45,0.06,medium_high,1,0,1,1,medium_high,商品/周期资源关键词,auto
159758,159758,159758,research_only,expanded_formal_data,active,unknown,manual_review,N/A,0,0,0,0.0,manual_review,0,0,1,0,unknown,无法确定为ETF分类,data_etf_daily
159763,159763,159763,research_only,expanded_formal_data,active,unknown,manual_review,N/A,0,0,0,0.0,manual_review,0,0,1,0,unknown,无法确定为ETF分类,data_etf_daily
159766,159766,旅游ETF,trade_pool,消费医药,active,sector,sector_beta,10-30,10,30,30,0.06,medium,1,0,1,1,medium,行业/风格关键词,auto
159770,159770,机器人ETF,observe_pool,科技与新质生产力,imported,theme,theme_beta,5-20,5,20,20,0.05,high,0,0,1,1,high,主题/科技成长关键词,manual_public_seed_pending_jqdata_verify
159787,159787,159787,research_only,expanded_formal_data,active,unknown,manual_review,N/A,0,0,0,0.0,manual_review,0,0,1,0,unknown,无法确定为ETF分类,data_etf_daily
159791,159791,159791,research_only,expanded_formal_data,active,unknown,manual_review,N/A,0,0,0,0.0,manual_review,0,0,1,0,unknown,无法确定为ETF分类,data_etf_daily
159795,159795,159795,research_only,expanded_formal_data,active,unknown,manual_review,N/A,0,0,0,0.0,manual_review,0,0,1,0,unknown,无法确定为ETF分类,data_etf_daily
159797,159797,159797,research_only,expanded_formal_data,active,unknown,manual_review,N/A,0,0,0,0.0,manual_review,0,0,1,0,unknown,无法确定为ETF分类,data_etf_daily
159806,159806,新能源车电池ETF,trade_pool,新能源制造,active,commodity_resource,commodity_cycle,10-45,10,45,45,0.06,medium_high,1,0,1,1,medium_high,商品/周期资源关键词,auto
159819,159819,人工智能ETF,trade_pool,科技成长,active,theme,theme_beta,5-20,5,20,20,0.05,high,0,0,1,1,high,主题/科技成长关键词,auto
159825,159825,农业ETF,trade_pool,周期资源,active,commodity_resource,commodity_cycle,10-45,10,45,45,0.06,medium_high,1,0,1,1,medium_high,商品/周期资源关键词,auto
159835,159835,建信创新药ETF,observe_pool,医药与消费升级,imported,theme,theme_beta,5-20,5,20,20,0.05,high,0,0,1,1,high,主题/科技成长关键词,manual_public_seed_pending_jqdata_verify
159840,159840,159840,research_only,expanded_formal_data,active,unknown,manual_review,N/A,0,0,0,0.0,manual_review,0,0,1,0,unknown,无法确定为ETF分类,data_etf_daily
159857,159857,光伏ETF,trade_pool,新能源制造,active,commodity_resource,commodity_cycle,10-45,10,45,45,0.06,medium_high,1,0,1,1,medium_high,商品/周期资源关键词,auto
159858,159858,南方创新药ETF,observe_pool,医药与消费升级,imported,theme,theme_beta,5-20,5,20,20,0.05,high,0,0,1,1,high,主题/科技成长关键词,manual_public_seed_pending_jqdata_verify
159865,159865,养殖ETF,trade_pool,周期资源,active,commodity_resource,commodity_cycle,10-45,10,45,45,0.06,medium_high,1,0,1,1,medium_high,商品/周期资源关键词,auto
159869,159869,游戏ETF,trade_pool,科技成长,active,theme,theme_beta,5-20,5,20,20,0.05,high,0,0,1,1,high,主题/科技成长关键词,auto
159870,159870,化工ETF,observe_pool,周期、资源、商品,imported,commodity_resource,commodity_cycle,10-45,10,45,45,0.06,medium_high,1,0,1,1,medium_high,商品/周期资源关键词,manual_public_seed_pending_jqdata_verify
159876,159876,有色金属ETF,trade_pool,周期资源,active,commodity_resource,commodity_cycle,10-45,10,45,45,0.06,medium_high,1,0,1,1,medium_high,商品/周期资源关键词,auto
159883,159883,159883,research_only,expanded_formal_data,active,unknown,manual_review,N/A,0,0,0,0.0,manual_review,0,0,1,0,unknown,无法确定为ETF分类,data_etf_daily
159888,159888,159888,research_only,expanded_formal_data,active,unknown,manual_review,N/A,0,0,0,0.0,manual_review,0,0,1,0,unknown,无法确定为ETF分类,data_etf_daily
159889,159889,159889,research_only,expanded_formal_data,active,unknown,manual_review,N/A,0,0,0,0.0,manual_review,0,0,1,0,unknown,无法确定为ETF分类,data_etf_daily
159898,159898,159898,research_only,expanded_formal_data,active,unknown,manual_review,N/A,0,0,0,0.0,manual_review,0,0,1,0,unknown,无法确定为ETF分类,data_etf_daily
159901,159901,深100ETF,trade_pool,宽基,active,broad_index,core_beta,20-60,20,60,60,0.08,normal,1,0,1,0,low,宽基指数关键词,auto
159905,159905,深红利ETF,trade_pool,防御风格,active,sector,sector_beta,10-30,10,30,30,0.06,medium,1,0,1,1,medium,行业/风格关键词,auto
159915,159915,创业板ETF,trade_pool,宽基,active,broad_index,core_beta,20-60,20,60,60,0.08,normal,1,0,1,0,low,宽基指数关键词,auto
159920,159920,恒生ETF,observe_pool,QDII观察,active,qdii,cross_border,10-45,10,45,45,0.07,medium_high,0,1,1,1,medium,跨境/QDII关键词,auto
159928,159928,消费ETF,trade_pool,消费医药,active,sector,sector_beta,10-30,10,30,30,0.06,medium,1,0,1,1,medium,行业/风格关键词,auto
159929,159929,医药ETF,trade_pool,消费医药,active,sector,sector_beta,10-30,10,30,30,0.06,medium,1,0,1,1,medium,行业/风格关键词,auto
159930,159930,能源ETF,trade_pool,周期资源,active,commodity_resource,commodity_cycle,10-45,10,45,45,0.06,medium_high,1,0,1,1,medium_high,商品/周期资源关键词,auto
159940,159940,金融ETF,trade_pool,金融地产,active,sector,sector_beta,10-30,10,30,30,0.06,medium,1,0,1,1,medium,行业/风格关键词,auto
159941,159941,纳指ETF,observe_pool,QDII观察,active,qdii,cross_border,10-45,10,45,45,0.07,medium_high,0,1,1,1,medium,跨境/QDII关键词,auto
159949,159949,创业板50ETF,trade_pool,宽基,active,broad_index,core_beta,20-60,20,60,60,0.08,normal,1,0,1,0,low,宽基指数关键词,auto
159954,159954,159954,research_only,expanded_formal_data,active,unknown,manual_review,N/A,0,0,0,0.0,manual_review,0,0,1,0,unknown,无法确定为ETF分类,data_etf_daily
159992,159992,银华创新药ETF,trade_pool,医药与消费升级,imported,theme,theme_beta,5-20,5,20,20,0.05,high,0,0,1,1,high,主题/科技成长关键词,manual_public_seed_pending_jqdata_verify
159995,159995,芯片ETF,trade_pool,科技成长,active,theme,theme_beta,5-20,5,20,20,0.05,high,0,0,1,1,high,主题/科技成长关键词,auto
159996,159996,家电ETF,trade_pool,消费医药,active,sector,sector_beta,10-30,10,30,30,0.06,medium,1,0,1,1,medium,行业/风格关键词,auto
159997,159997,159997,research_only,expanded_formal_data,active,unknown,manual_review,N/A,0,0,0,0.0,manual_review,0,0,1,0,unknown,无法确定为ETF分类,data_etf_daily
300750,300750,宁德时代,observe_pool,个股观察,active,unknown,manual_review,N/A,0,0,0,0.0,manual_review,0,0,1,0,unknown,无法确定为ETF分类,auto
510050,510050,上证50ETF,trade_pool,宽基,active,broad_index,core_beta,20-60,20,60,60,0.08,normal,1,0,1,0,low,宽基指数关键词,auto
510060,510060,510060,research_only,expanded_formal_data,active,unknown,manual_review,N/A,0,0,0,0.0,manual_review,0,0,1,0,unknown,无法确定为ETF分类,data_etf_daily
510180,510180,上证180ETF,trade_pool,宽基,active,broad_index,core_beta,20-60,20,60,60,0.08,normal,1,0,1,0,low,宽基指数关键词,auto
510230,510230,金融ETF,trade_pool,金融地产,active,sector,sector_beta,10-30,10,30,30,0.06,medium,1,0,1,1,medium,行业/风格关键词,auto
510270,510270,510270,research_only,expanded_formal_data,active,unknown,manual_review,N/A,0,0,0,0.0,manual_review,0,0,1,0,unknown,无法确定为ETF分类,data_etf_daily
510300,510300,沪深300ETF,trade_pool,宽基,active,broad_index,core_beta,20-60,20,60,60,0.08,normal,1,0,1,0,low,宽基指数关键词,auto
510410,510410,资源ETF,trade_pool,周期资源,active,commodity_resource,commodity_cycle,10-45,10,45,45,0.06,medium_high,1,0,1,1,medium_high,商品/周期资源关键词,auto
510500,510500,中证500ETF,trade_pool,宽基,active,broad_index,core_beta,20-60,20,60,60,0.08,normal,1,0,1,0,low,宽基指数关键词,auto
510880,510880,红利ETF,trade_pool,防御风格,active,sector,sector_beta,10-30,10,30,30,0.06,medium,1,0,1,1,medium,行业/风格关键词,auto
511010,511010,国债ETF,observe_pool,债券货币观察,active,bond_cash,low_volatility,30-90,30,90,90,0.02,low,0,0,1,0,low,债券/货币关键词,auto
511030,511030,公司债ETF,observe_pool,债券货币,imported,bond_cash,low_volatility,30-90,30,90,90,0.02,low,0,0,1,0,low,债券/货币关键词,manual_public_seed_pending_jqdata_verify
511090,511090,30年国债ETF,observe_pool,债券货币,imported,bond_cash,low_volatility,30-90,30,90,90,0.02,low,0,0,1,0,low,债券/货币关键词,manual_public_seed_pending_jqdata_verify
511260,511260,十年国债ETF,observe_pool,债券货币观察,active,bond_cash,low_volatility,30-90,30,90,90,0.02,low,0,0,1,0,low,债券/货币关键词,auto
511360,511360,短融ETF,observe_pool,债券货币观察,active,bond_cash,low_volatility,30-90,30,90,90,0.02,low,0,0,1,0,low,债券/货币关键词,auto
511380,511380,可转债ETF,observe_pool,债券货币,imported,bond_cash,low_volatility,30-90,30,90,90,0.02,low,0,0,1,0,low,债券/货币关键词,manual_public_seed_pending_jqdata_verify
511520,511520,政金债ETF,observe_pool,债券货币,imported,bond_cash,low_volatility,30-90,30,90,90,0.02,low,0,0,1,0,low,债券/货币关键词,manual_public_seed_pending_jqdata_verify
511600,511600,511600,research_only,expanded_formal_data,active,bond_cash,low_volatility,30-90,30,90,90,0.02,low,0,0,1,0,low,债券/货币关键词,data_etf_daily
511690,511690,511690,research_only,expanded_formal_data,active,bond_cash,low_volatility,30-90,30,90,90,0.02,low,0,0,1,0,low,债券/货币关键词,data_etf_daily
511880,511880,银华日利ETF,observe_pool,债券货币观察,active,bond_cash,low_volatility,30-90,30,90,90,0.02,low,0,0,1,0,low,债券/货币关键词,auto
511990,511990,华宝添益ETF,observe_pool,债券货币观察,active,bond_cash,low_volatility,30-90,30,90,90,0.02,low,0,0,1,0,low,债券/货币关键词,auto
512010,512010,医药ETF,trade_pool,消费医药,active,sector,sector_beta,10-30,10,30,30,0.06,medium,1,0,1,1,medium,行业/风格关键词,auto
512050,512050,华夏中证A500ETF,trade_pool,新宽基与新风格,imported,broad_index,core_beta,20-60,20,60,60,0.08,normal,1,0,1,0,low,宽基指数关键词,manual_public_seed_pending_jqdata_verify
512070,512070,非银ETF,trade_pool,金融地产,active,high_beta,high_beta,5-20,5,20,20,0.05,high,1,0,1,1,high,券商/非银高 beta 情绪行业,auto
512100,512100,中证1000ETF,trade_pool,宽基,active,broad_index,core_beta,20-60,20,60,60,0.08,normal,1,0,1,0,low,宽基指数关键词,auto
512170,512170,医疗ETF,trade_pool,消费医药,active,sector,sector_beta,10-30,10,30,30,0.06,medium,1,0,1,1,medium,行业/风格关键词,auto
512200,512200,房地产ETF,trade_pool,金融地产,active,sector,sector_beta,10-30,10,30,30,0.06,medium,1,0,1,1,medium,行业/风格关键词,auto
512400,512400,有色ETF,trade_pool,周期资源,active,commodity_resource,commodity_cycle,10-45,10,45,45,0.06,medium_high,1,0,1,1,medium_high,商品/周期资源关键词,auto
512480,512480,半导体ETF,trade_pool,科技成长,active,theme,theme_beta,5-20,5,20,20,0.05,high,0,0,1,1,high,主题/科技成长关键词,auto
512660,512660,军工ETF,trade_pool,新能源制造,active,commodity_resource,commodity_cycle,10-45,10,45,45,0.06,medium_high,1,0,1,1,medium_high,商品/周期资源关键词,auto
512670,512670,国防ETF,trade_pool,新能源制造,active,commodity_resource,commodity_cycle,10-45,10,45,45,0.06,medium_high,1,0,1,1,medium_high,商品/周期资源关键词,auto
512690,512690,酒ETF,trade_pool,消费医药,active,sector,sector_beta,10-30,10,30,30,0.06,medium,1,0,1,1,medium,行业/风格关键词,auto
512760,512760,芯片ETF,trade_pool,科技成长,active,theme,theme_beta,5-20,5,20,20,0.05,high,0,0,1,1,high,主题/科技成长关键词,auto
512800,512800,银行ETF,trade_pool,金融地产,active,sector,sector_beta,10-30,10,30,30,0.06,medium,1,0,1,1,medium,银行金融红利属性，按低敏感行业处理,auto
512880,512880,证券ETF,trade_pool,金融地产,active,high_beta,high_beta,5-20,5,20,20,0.05,high,1,0,1,1,high,券商/非银高 beta 情绪行业,auto
512890,512890,红利低波ETF,trade_pool,防御风格,active,sector,sector_beta,10-30,10,30,30,0.06,medium,1,0,1,1,medium,行业/风格关键词,auto
512980,512980,传媒ETF,trade_pool,科技成长,active,theme,theme_beta,5-20,5,20,20,0.05,high,0,0,1,1,high,主题/科技成长关键词,auto
513030,513030,德国ETF,research_only,跨境与港股,imported,qdii,cross_border,10-45,10,45,45,0.07,medium_high,0,1,1,1,medium,跨境/QDII关键词,manual_public_seed_pending_jqdata_verify
513050,513050,中概互联网ETF,observe_pool,QDII观察,active,qdii,cross_border,10-45,10,45,45,0.07,medium_high,0,1,1,1,medium,跨境/QDII关键词,auto
513060,513060,恒生医疗ETF,observe_pool,QDII观察,active,qdii,cross_border,10-45,10,45,45,0.07,medium_high,0,1,1,1,medium,跨境/QDII关键词,auto
513100,513100,纳指ETF,observe_pool,QDII观察,active,qdii,cross_border,10-45,10,45,45,0.07,medium_high,0,1,1,1,medium,跨境/QDII关键词,auto
513120,513120,港股创新药ETF,observe_pool,医药与消费升级,imported,qdii,cross_border,10-45,10,45,45,0.07,medium_high,0,1,1,1,medium,跨境/QDII关键词,manual_public_seed_pending_jqdata_verify
513130,513130,恒生科技ETF,observe_pool,跨境与港股,imported,qdii,cross_border,10-45,10,45,45,0.07,medium_high,0,1,1,1,medium,跨境/QDII关键词,manual_public_seed_pending_jqdata_verify
513150,513150,港股科技ETF,observe_pool,跨境与港股,imported,qdii,cross_border,10-45,10,45,45,0.07,medium_high,0,1,1,1,medium,跨境/QDII关键词,manual_public_seed_pending_jqdata_verify
513180,513180,恒生科技ETF,observe_pool,QDII观察,active,qdii,cross_border,10-45,10,45,45,0.07,medium_high,0,1,1,1,medium,跨境/QDII关键词,auto
513330,513330,恒生互联网ETF,observe_pool,跨境与港股,imported,qdii,cross_border,10-45,10,45,45,0.07,medium_high,0,1,1,1,medium,跨境/QDII关键词,manual_public_seed_pending_jqdata_verify
513500,513500,标普500ETF,observe_pool,QDII观察,active,qdii,cross_border,10-45,10,45,45,0.07,medium_high,0,1,1,1,medium,跨境/QDII关键词,auto
513520,513520,日经ETF,research_only,跨境与港股,imported,qdii,cross_border,10-45,10,45,45,0.07,medium_high,0,1,1,1,medium,跨境/QDII关键词,manual_public_seed_pending_jqdata_verify
513880,513880,日经225ETF,research_only,跨境与港股,imported,qdii,cross_border,10-45,10,45,45,0.07,medium_high,0,1,1,1,medium,跨境/QDII关键词,manual_public_seed_pending_jqdata_verify
515000,515000,科技ETF,trade_pool,科技成长,active,unknown,manual_review,N/A,0,0,0,0.0,manual_review,0,0,1,0,unknown,ETF但规则无法确定，需人工确认,auto
515050,515050,5GETF,trade_pool,科技成长,active,theme,theme_beta,5-20,5,20,20,0.05,high,0,0,1,1,high,主题/科技成长关键词,auto
515070,515070,AIETF,trade_pool,科技成长,active,theme,theme_beta,5-20,5,20,20,0.05,high,0,0,1,1,high,主题/科技成长关键词,auto
515080,515080,中证红利ETF,trade_pool,防御风格,active,sector,sector_beta,10-30,10,30,30,0.06,medium,1,0,1,1,medium,行业/风格关键词,auto
515120,515120,广发创新药ETF,trade_pool,医药与消费升级,imported,theme,theme_beta,5-20,5,20,20,0.05,high,0,0,1,1,high,主题/科技成长关键词,manual_public_seed_pending_jqdata_verify
515170,515170,食品饮料ETF,trade_pool,消费医药,active,sector,sector_beta,10-30,10,30,30,0.06,medium,1,0,1,1,medium,行业/风格关键词,auto
515210,515210,515210,research_only,expanded_formal_data,active,unknown,manual_review,N/A,0,0,0,0.0,manual_review,0,0,1,0,unknown,无法确定为ETF分类,data_etf_daily
515220,515220,煤炭ETF,trade_pool,周期资源,active,commodity_resource,commodity_cycle,10-45,10,45,45,0.06,medium_high,1,0,1,1,medium_high,商品/周期资源关键词,auto
515230,515230,软件ETF,trade_pool,科技成长,active,theme,theme_beta,5-20,5,20,20,0.05,high,0,0,1,1,high,主题/科技成长关键词,auto
515260,515260,515260,research_only,expanded_formal_data,active,unknown,manual_review,N/A,0,0,0,0.0,manual_review,0,0,1,0,unknown,无法确定为ETF分类,data_etf_daily
515630,515630,515630,research_only,expanded_formal_data,active,unknown,manual_review,N/A,0,0,0,0.0,manual_review,0,0,1,0,unknown,无法确定为ETF分类,data_etf_daily
515650,515650,消费50ETF,trade_pool,消费医药,active,sector,sector_beta,10-30,10,30,30,0.06,medium,1,0,1,1,medium,行业/风格关键词,auto
515700,515700,新能源车ETF,trade_pool,新能源制造,active,commodity_resource,commodity_cycle,10-45,10,45,45,0.06,medium_high,1,0,1,1,medium_high,商品/周期资源关键词,auto
515790,515790,光伏ETF,trade_pool,新能源制造,active,commodity_resource,commodity_cycle,10-45,10,45,45,0.06,medium_high,1,0,1,1,medium_high,商品/周期资源关键词,auto
515880,515880,证券公司ETF,trade_pool,金融地产,active,high_beta,high_beta,5-20,5,20,20,0.05,high,1,0,1,1,high,券商/非银高 beta 情绪行业,auto
516020,516020,化工ETF,trade_pool,周期、资源、商品,imported,commodity_resource,commodity_cycle,10-45,10,45,45,0.06,medium_high,1,0,1,1,medium_high,商品/周期资源关键词,manual_public_seed_pending_jqdata_verify
516080,516080,易方达创新药ETF,trade_pool,医药与消费升级,imported,theme,theme_beta,5-20,5,20,20,0.05,high,0,0,1,1,high,主题/科技成长关键词,manual_public_seed_pending_jqdata_verify
516110,516110,汽车ETF,trade_pool,消费医药,active,sector,sector_beta,10-30,10,30,30,0.06,medium,1,0,1,1,medium,行业/风格关键词,auto
516160,516160,新能源ETF,trade_pool,新能源制造,active,commodity_resource,commodity_cycle,10-45,10,45,45,0.06,medium_high,1,0,1,1,medium_high,商品/周期资源关键词,auto
516360,516360,516360,research_only,expanded_formal_data,active,unknown,manual_review,N/A,0,0,0,0.0,manual_review,0,0,1,0,unknown,无法确定为ETF分类,data_etf_daily
516390,516390,新能源汽车ETF,trade_pool,新能源制造,active,commodity_resource,commodity_cycle,10-45,10,45,45,0.06,medium_high,1,0,1,1,medium_high,商品/周期资源关键词,auto
516510,516510,云计算ETF,trade_pool,科技成长,active,theme,theme_beta,5-20,5,20,20,0.05,high,0,0,1,1,high,主题/科技成长关键词,auto
516720,516720,516720,research_only,expanded_formal_data,active,unknown,manual_review,N/A,0,0,0,0.0,manual_review,0,0,1,0,unknown,无法确定为ETF分类,data_etf_daily
516750,516750,516750,research_only,expanded_formal_data,active,unknown,manual_review,N/A,0,0,0,0.0,manual_review,0,0,1,0,unknown,无法确定为ETF分类,data_etf_daily
516780,516780,稀土ETF,trade_pool,周期资源,active,commodity_resource,commodity_cycle,10-45,10,45,45,0.06,medium_high,1,0,1,1,medium_high,商品/周期资源关键词,auto
516800,516800,智能制造ETF,trade_pool,新能源制造,active,commodity_resource,commodity_cycle,10-45,10,45,45,0.06,medium_high,1,0,1,1,medium_high,商品/周期资源关键词,auto
518880,518880,黄金ETF,trade_pool,防御风格,active,commodity_resource,commodity_cycle,10-45,10,45,45,0.06,medium_high,1,0,1,1,medium_high,商品/周期资源关键词,auto
520550,520550,港股红利低波ETF,observe_pool,防御、红利、质量,imported,qdii,cross_border,10-45,10,45,45,0.07,medium_high,0,1,1,1,medium,跨境/QDII关键词,manual_public_seed_pending_jqdata_verify
560510,560510,泰康中证A500ETF,observe_pool,新宽基与新风格,imported,broad_index,core_beta,20-60,20,60,60,0.08,normal,1,0,1,0,low,宽基指数关键词,manual_public_seed_pending_jqdata_verify
561360,561360,561360,research_only,expanded_formal_data,active,unknown,manual_review,N/A,0,0,0,0.0,manual_review,0,0,1,0,unknown,无法确定为ETF分类,data_etf_daily
561560,561560,561560,research_only,expanded_formal_data,active,unknown,manual_review,N/A,0,0,0,0.0,manual_review,0,0,1,0,unknown,无法确定为ETF分类,data_etf_daily
562500,562500,机器人ETF华夏,trade_pool,科技与新质生产力,imported,theme,theme_beta,5-20,5,20,20,0.05,high,0,0,1,1,high,主题/科技成长关键词,manual_public_seed_pending_jqdata_verify
562550,562550,562550,research_only,expanded_formal_data,active,unknown,manual_review,N/A,0,0,0,0.0,manual_review,0,0,1,0,unknown,无法确定为ETF分类,data_etf_daily
562920,562920,562920,research_only,expanded_formal_data,active,unknown,manual_review,N/A,0,0,0,0.0,manual_review,0,0,1,0,unknown,无法确定为ETF分类,data_etf_daily
563360,563360,华泰柏瑞中证A500ETF,trade_pool,新宽基与新风格,imported,broad_index,core_beta,20-60,20,60,60,0.08,normal,1,0,1,0,low,宽基指数关键词,manual_public_seed_pending_jqdata_verify
563800,563800,广发中证A500ETF,trade_pool,新宽基与新风格,imported,broad_index,core_beta,20-60,20,60,60,0.08,normal,1,0,1,0,low,宽基指数关键词,manual_public_seed_pending_jqdata_verify
588000,588000,科创50ETF,trade_pool,宽基,active,broad_index,core_beta,20-60,20,60,60,0.08,normal,1,0,1,0,low,宽基指数关键词,auto
588030,588030,博时科创100ETF,trade_pool,新宽基与新风格,imported,broad_index,core_beta,20-60,20,60,60,0.08,normal,1,0,1,0,low,宽基指数关键词,manual_public_seed_pending_jqdata_verify
588080,588080,科创创业50ETF,trade_pool,宽基,active,broad_index,core_beta,20-60,20,60,60,0.08,normal,1,0,1,0,low,宽基指数关键词,auto
588120,588120,国泰科创100ETF,observe_pool,新宽基与新风格,imported,broad_index,core_beta,20-60,20,60,60,0.08,normal,1,0,1,0,low,宽基指数关键词,manual_public_seed_pending_jqdata_verify
588190,588190,银华科创100ETF,observe_pool,新宽基与新风格,imported,broad_index,core_beta,20-60,20,60,60,0.08,normal,1,0,1,0,low,宽基指数关键词,manual_public_seed_pending_jqdata_verify
588200,588200,科创芯片ETF,trade_pool,科技成长,active,theme,theme_beta,5-20,5,20,20,0.05,high,0,0,1,1,high,主题/科技成长关键词,auto
588220,588220,科创100ETF基金,trade_pool,新宽基与新风格,imported,broad_index,core_beta,20-60,20,60,60,0.08,normal,1,0,1,0,low,宽基指数关键词,manual_public_seed_pending_jqdata_verify
588800,588800,华夏科创100ETF,observe_pool,新宽基与新风格,imported,broad_index,core_beta,20-60,20,60,60,0.08,normal,1,0,1,0,low,宽基指数关键词,manual_public_seed_pending_jqdata_verify
600519,600519,贵州茅台,observe_pool,个股观察,active,unknown,manual_review,N/A,0,0,0,0.0,manual_review,0,0,1,0,unknown,无法确定为ETF分类,auto
