snapshot_date,symbol,name,etf_type,group,market_state,market_score,portfolio_exposure_status,data_health_status,original_rank,original_rank_score,adjusted_rank_preview,adjusted_rank_score_preview,score_delta,in_original_top3,in_adjusted_top3,in_both_top3,only_in_original_top3,only_in_adjusted_top3,difference_reason,enhancement_reason,penalty_reason,bonus_reason,close_on_snapshot_date,forward_1d_close,forward_3d_close,forward_5d_close,forward_10d_close,forward_1d_return,forward_3d_return,forward_5d_return,forward_10d_return,forward_returns_status,created_at,updated_at
2026-06-15,159940,金融ETF,sector,金融地产,market_neutral,65.44,CAUTION,正常,7,64.6263,7,59.6263,-5,no,no,no,no,no,score_delta_abs_ge_3,当前持仓已有 金融地产 暴露，same_group_concentration_penalty -2; 流动性 proxy 不足，liquidity_penalty -3,same_group_concentration_penalty; liquidity_penalty,,1.194,1.183,1.14,1.181,1.135,-0.00921273,-0.04522613,-0.01088777,-0.04941374,completed,2026-06-15 19:45:44,2026-07-04 00:00:55
2026-06-15,512070,非银ETF,high_beta,金融地产,market_neutral,65.44,CAUTION,正常,2,91.27225,3,87.27225,-4,yes,yes,yes,no,no,in_both_top3,当前持仓已有 金融地产 暴露，same_group_concentration_penalty -2; 当前已有 high_beta 暴露，high_beta_penalty -2,same_group_concentration_penalty; high_beta_penalty,,0.792,0.79,0.756,0.8,0.784,-0.00252525,-0.04545455,0.01010101,-0.01010101,completed,2026-06-15 19:45:44,2026-07-04 00:00:55
2026-06-15,512800,银行ETF,sector,金融地产,market_neutral,65.44,CAUTION,正常,4,90.451745,2,88.451745,-2,no,yes,no,no,yes,only_in_adjusted_top3,当前持仓已有 金融地产 暴露，same_group_concentration_penalty -2,same_group_concentration_penalty,,0.802,0.792,0.766,0.778,0.734,-0.01246883,-0.04488778,-0.02992519,-0.08478803,completed,2026-06-15 19:45:44,2026-07-04 00:00:55
2026-06-15,512880,证券ETF,high_beta,金融地产,market_neutral,65.44,CAUTION,正常,5,90.282994,4,86.282994,-4,no,no,no,no,no,score_delta_abs_ge_3,当前持仓已有 金融地产 暴露，same_group_concentration_penalty -2; 当前已有 high_beta 暴露，high_beta_penalty -2,same_group_concentration_penalty; high_beta_penalty,,1.072,1.082,1.05,1.131,1.126,0.00932836,-0.02052239,0.05503731,0.05037313,completed,2026-06-15 19:45:44,2026-07-04 00:00:55
2026-06-15,515000,科技ETF,sector,科技成长,market_neutral,65.44,CAUTION,正常,1,91.770799,1,89.770799,-2,yes,yes,yes,no,no,in_both_top3,当前持仓已有 科技成长 暴露，same_group_concentration_penalty -2,same_group_concentration_penalty,,1.421,1.438,1.552,1.552,1.712,0.01196341,0.0921886,0.0921886,0.20478536,completed,2026-06-15 19:45:44,2026-07-04 00:00:55
2026-06-15,515050,5GETF,theme,科技成长,market_neutral,65.44,CAUTION,提醒,6,75.331439,6,70.331439,-5,no,no,no,no,no,score_delta_abs_ge_3,当前持仓已有 科技成长 暴露，same_group_concentration_penalty -2; data_health=提醒，data_health_penalty -3,same_group_concentration_penalty; data_health_penalty,,1.265,1.295,1.383,1.342,1.397,0.02371542,0.09328063,0.06086957,0.10434783,completed,2026-06-15 19:45:44,2026-07-04 00:00:55
2026-06-15,515880,证券公司ETF,high_beta,金融地产,market_neutral,65.44,CAUTION,提醒,3,90.836796,5,83.836796,-7,yes,no,no,yes,no,only_in_original_top3,当前持仓已有 金融地产 暴露，same_group_concentration_penalty -2; 当前已有 high_beta 暴露，high_beta_penalty -2; data_health=提醒，data_health_penalty -3,same_group_concentration_penalty; high_beta_penalty; data_health_penalty,,1.689,1.729,1.822,1.794,1.796,0.02368265,0.07874482,0.06216696,0.0633511,completed,2026-06-15 19:45:44,2026-07-04 00:00:55
2026-06-16,159876,有色金属ETF,commodity_resource,周期资源,market_neutral,65.86,CAUTION,正常,7,64.907956,7,64.907956,0,no,no,no,no,no,top10_tracking,未触发 B1 预览加减分,,,1.053,1.049,1.108,1.025,0.964,-0.00379867,0.05223172,-0.02659069,-0.08452042,completed,2026-06-17 00:46:41,2026-07-04 00:00:55
2026-06-16,159940,金融ETF,sector,金融地产,market_neutral,65.86,CAUTION,正常,8,63.761072,8,58.761072,-5,no,no,no,no,no,score_delta_abs_ge_3,当前持仓已有 金融地产 暴露，same_group_concentration_penalty -2; 流动性 proxy 不足，liquidity_penalty -3,same_group_concentration_penalty; liquidity_penalty,,1.183,1.179,1.182,1.155,1.164,-0.00338123,-0.00084531,-0.02366864,-0.01606086,completed,2026-06-17 00:46:41,2026-07-04 00:00:55
2026-06-16,512070,非银ETF,high_beta,金融地产,market_neutral,65.86,CAUTION,正常,1,91.830835,1,87.830835,-4,yes,yes,yes,no,no,in_both_top3,当前持仓已有 金融地产 暴露，same_group_concentration_penalty -2; 当前已有 high_beta 暴露，high_beta_penalty -2,same_group_concentration_penalty; high_beta_penalty,,0.79,0.789,0.81,0.783,0.817,-0.00126582,0.02531646,-0.00886076,0.03417722,completed,2026-06-17 00:46:41,2026-07-04 00:00:55
2026-06-16,512400,有色ETF,commodity_resource,周期资源,market_neutral,65.86,CAUTION,正常,4,86.553227,3,86.553227,0,no,yes,no,no,yes,only_in_adjusted_top3,未触发 B1 预览加减分,,,2.049,2.045,2.155,1.98,1.848,-0.00195217,0.05173255,-0.03367496,-0.09809663,completed,2026-06-17 00:46:41,2026-07-04 00:00:55
2026-06-16,512800,银行ETF,sector,金融地产,market_neutral,65.86,CAUTION,正常,5,75.759243,5,73.759243,-2,no,no,no,no,no,top10_tracking,当前持仓已有 金融地产 暴露，same_group_concentration_penalty -2,same_group_concentration_penalty,,0.792,0.785,0.771,0.761,0.737,-0.00883838,-0.02651515,-0.03914141,-0.06944444,completed,2026-06-17 00:46:41,2026-07-04 00:00:55
2026-06-16,512880,证券ETF,high_beta,金融地产,market_neutral,65.86,CAUTION,正常,2,90.990112,2,86.990112,-4,yes,yes,yes,no,no,in_both_top3,当前持仓已有 金融地产 暴露，same_group_concentration_penalty -2; 当前已有 high_beta 暴露，high_beta_penalty -2,same_group_concentration_penalty; high_beta_penalty,,1.082,1.081,1.131,1.111,1.176,-0.00092421,0.04528651,0.02680222,0.08687616,completed,2026-06-17 00:46:41,2026-07-04 00:00:55
2026-06-16,515050,5GETF,theme,科技成长,market_neutral,65.86,CAUTION,提醒,6,73.648091,6,68.648091,-5,no,no,no,no,no,score_delta_abs_ge_3,当前持仓已有 科技成长 暴露，same_group_concentration_penalty -2; data_health=提醒，data_health_penalty -3,same_group_concentration_penalty; data_health_penalty,,1.295,1.333,1.407,1.387,1.334,0.02934363,0.08648649,0.07104247,0.03011583,completed,2026-06-17 00:46:41,2026-07-04 00:00:55
2026-06-16,515880,证券公司ETF,high_beta,金融地产,market_neutral,65.86,CAUTION,提醒,3,88.841901,4,81.841901,-7,yes,no,no,yes,no,only_in_original_top3,当前持仓已有 金融地产 暴露，same_group_concentration_penalty -2; 当前已有 high_beta 暴露，high_beta_penalty -2; data_health=提醒，data_health_penalty -3,same_group_concentration_penalty; high_beta_penalty; data_health_penalty,,1.729,1.758,1.859,1.827,1.718,0.0167727,0.07518797,0.05668016,-0.00636206,completed,2026-06-17 00:46:41,2026-07-04 00:00:55
2026-06-17,159940,金融ETF,sector,金融地产,market_strong,72.62,CAUTION,正常,7,57.525694,7,52.525694,-5,no,no,no,no,no,score_delta_abs_ge_3,当前持仓已有 金融地产 暴露，same_group_concentration_penalty -2; 流动性 proxy 不足，liquidity_penalty -3,same_group_concentration_penalty; liquidity_penalty,,1.179,1.14,1.181,1.165,1.157,-0.03307888,0.00169635,-0.01187447,-0.01865988,completed,2026-06-17 22:06:27,2026-07-04 00:00:55
2026-06-17,510050,上证50ETF,broad_index,宽基,market_strong,72.62,CAUTION,正常,6,72.477832,6,75.477832,3,no,no,no,no,no,score_delta_abs_ge_3,组合缺少宽基，broad_index_balance_bonus +3,,broad_index_balance_bonus,3.015,3.017,3.005,3.059,3.003,0.00066335,-0.00331675,0.0145937,-0.0039801,completed,2026-06-17 22:06:27,2026-07-04 00:00:55
2026-06-17,510230,金融ETF,sector,金融地产,market_strong,72.62,CAUTION,正常,4,84.586396,3,82.586396,-2,no,yes,no,no,yes,only_in_adjusted_top3,当前持仓已有 金融地产 暴露，same_group_concentration_penalty -2,same_group_concentration_penalty,,1.284,1.242,1.279,1.254,1.246,-0.03271028,-0.00389408,-0.02336449,-0.02959502,completed,2026-06-17 22:06:27,2026-07-04 00:00:55
2026-06-17,512070,非银ETF,high_beta,金融地产,market_strong,72.62,CAUTION,正常,2,90.860402,2,86.860402,-4,yes,yes,yes,no,no,in_both_top3,当前持仓已有 金融地产 暴露，same_group_concentration_penalty -2; 当前已有 high_beta 暴露，high_beta_penalty -2,same_group_concentration_penalty; high_beta_penalty,,0.789,0.756,0.8,0.803,0.804,-0.0418251,0.0139417,0.01774398,0.01901141,completed,2026-06-17 22:06:27,2026-07-04 00:00:55
2026-06-17,512400,有色ETF,commodity_resource,周期资源,market_strong,72.62,CAUTION,正常,5,76.107003,5,76.107003,0,no,no,no,no,no,top10_tracking,未触发 B1 预览加减分,,,2.045,2.05,1.976,1.922,1.88,0.00244499,-0.03374083,-0.0601467,-0.0806846,completed,2026-06-17 22:06:27,2026-07-04 00:00:55
2026-06-17,512880,证券ETF,high_beta,金融地产,market_strong,72.62,CAUTION,正常,1,91.086847,1,87.086847,-4,yes,yes,yes,no,no,in_both_top3,当前持仓已有 金融地产 暴露，same_group_concentration_penalty -2; 当前已有 high_beta 暴露，high_beta_penalty -2,same_group_concentration_penalty; high_beta_penalty,,1.081,1.05,1.131,1.149,1.15,-0.02867715,0.04625347,0.06290472,0.06382979,completed,2026-06-17 22:06:27,2026-07-04 00:00:55
2026-06-17,515880,证券公司ETF,high_beta,金融地产,market_strong,72.62,CAUTION,提醒,3,88.519913,4,81.519913,-7,yes,no,no,yes,no,only_in_original_top3,当前持仓已有 金融地产 暴露，same_group_concentration_penalty -2; 当前已有 high_beta 暴露，high_beta_penalty -2; data_health=提醒，data_health_penalty -3,same_group_concentration_penalty; high_beta_penalty; data_health_penalty,,1.758,1.822,1.794,1.883,1.576,0.03640501,0.02047782,0.07110353,-0.10352673,completed,2026-06-17 22:06:27,2026-07-04 00:00:55
2026-06-18,159876,有色金属ETF,commodity_resource,周期资源,market_strong,72.62,CAUTION,正常,4,65.525325,3,65.525325,0,no,yes,no,no,yes,only_in_adjusted_top3,未触发 B1 预览加减分,,,1.05,1.108,1.025,0.955,0.98,0.0552381,-0.02380952,-0.09047619,-0.06666667,completed,2026-06-22 15:39:36,2026-07-04 00:00:55
2026-06-18,510050,上证50ETF,broad_index,宽基,market_strong,72.62,CAUTION,正常,2,76.611047,2,79.611047,3,yes,yes,yes,no,no,in_both_top3,组合缺少宽基，broad_index_balance_bonus +3,,broad_index_balance_bonus,3.017,3.097,3.024,3,3.023,0.02651641,0.00232019,-0.00563474,0.00198873,completed,2026-06-22 15:39:36,2026-07-04 00:00:55
2026-06-18,512400,有色ETF,commodity_resource,周期资源,market_strong,72.62,CAUTION,正常,1,87.326561,1,87.326561,0,yes,yes,yes,no,no,in_both_top3,未触发 B1 预览加减分,,,2.05,2.155,1.98,1.839,1.892,0.05121951,-0.03414634,-0.10292683,-0.07707317,completed,2026-06-22 15:39:36,2026-07-04 00:00:55
2026-06-18,512880,证券ETF,high_beta,金融地产,market_strong,72.62,CAUTION,正常,3,67.650892,4,63.650892,-4,yes,no,no,yes,no,only_in_original_top3,当前持仓已有 金融地产 暴露，same_group_concentration_penalty -2; 当前已有 high_beta 暴露，high_beta_penalty -2,same_group_concentration_penalty; high_beta_penalty,,1.05,1.131,1.111,1.107,1.155,0.07714286,0.05809524,0.05428571,0.1,completed,2026-06-22 15:39:36,2026-07-04 00:00:55
2026-06-22,510050,上证50ETF,broad_index,宽基,market_strong,80.38,CAUTION,正常,4,77.491734,4,80.491734,3,no,no,no,no,no,score_delta_abs_ge_3,组合缺少宽基，broad_index_balance_bonus +3,,broad_index_balance_bonus,3.097,3.005,3.059,3.083,,-0.02970617,-0.01226994,-0.0045205,,partial,2026-06-23 16:03:29,2026-07-04 00:00:55
2026-06-22,510410,资源ETF,commodity_resource,周期资源,market_strong,80.38,CAUTION,正常,5,76.525578,6,76.525578,0,no,no,no,no,no,top10_tracking,未触发 B1 预览加减分,,,2.078,1.956,1.932,1.904,,-0.0587103,-0.07025987,-0.08373436,,partial,2026-06-23 16:03:29,2026-07-04 00:00:55
2026-06-22,510500,中证500ETF,broad_index,宽基,market_strong,80.38,CAUTION,正常,6,75.317116,5,78.317116,3,no,no,no,no,no,score_delta_abs_ge_3,组合缺少宽基，broad_index_balance_bonus +3,,broad_index_balance_bonus,9.007,8.815,9.085,8.974,,-0.02131675,0.00865993,-0.00366382,,partial,2026-06-23 16:03:29,2026-07-04 00:00:55
2026-06-22,512070,非银ETF,high_beta,金融地产,market_strong,80.38,CAUTION,正常,2,90.01491,3,86.01491,-4,yes,yes,yes,no,no,in_both_top3,当前持仓已有 金融地产 暴露，same_group_concentration_penalty -2; 当前已有 high_beta 暴露，high_beta_penalty -2,same_group_concentration_penalty; high_beta_penalty,,0.81,0.8,0.803,0.787,,-0.01234568,-0.00864198,-0.02839506,,partial,2026-06-23 16:03:29,2026-07-04 00:00:55
2026-06-22,512400,有色ETF,commodity_resource,周期资源,market_strong,80.38,CAUTION,正常,3,87.176315,2,87.176315,0,yes,yes,yes,no,no,in_both_top3,未触发 B1 预览加减分,,,2.155,1.976,1.922,1.864,,-0.08306265,-0.10812065,-0.1350348,,partial,2026-06-23 16:03:29,2026-07-04 00:00:55
2026-06-22,512880,证券ETF,high_beta,金融地产,market_strong,80.38,CAUTION,正常,1,91.306916,1,87.306916,-4,yes,yes,yes,no,no,in_both_top3,当前持仓已有 金融地产 暴露，same_group_concentration_penalty -2; 当前已有 high_beta 暴露，high_beta_penalty -2,same_group_concentration_penalty; high_beta_penalty,,1.131,1.131,1.149,1.123,,0,0.01591512,-0.00707339,,partial,2026-06-23 16:03:29,2026-07-04 00:00:55
2026-06-22,516160,新能源ETF,commodity_resource,新能源制造,market_strong,80.38,CAUTION,正常,7,69.680121,7,69.680121,0,no,no,no,no,no,top10_tracking,未触发 B1 预览加减分,,,3.118,2.97,2.99,2.912,,-0.04746632,-0.04105196,-0.06606799,,partial,2026-06-23 16:03:29,2026-07-04 00:00:55
2026-06-23,512070,非银ETF,high_beta,金融地产,market_neutral,68.34,CAUTION,正常,3,89.770799,3,85.770799,-4,yes,yes,yes,no,no,in_both_top3,当前持仓已有 金融地产 暴露，same_group_concentration_penalty -2; 当前已有 high_beta 暴露，high_beta_penalty -2,same_group_concentration_penalty; high_beta_penalty,,0.8,0.783,0.771,0.784,,-0.02125,-0.03625,-0.02,,partial,2026-06-24 15:44:53,2026-07-04 00:00:55
2026-06-23,512880,证券ETF,high_beta,金融地产,market_neutral,68.34,CAUTION,正常,1,93.276185,2,89.276185,-4,yes,yes,yes,no,no,in_both_top3,当前持仓已有 金融地产 暴露，same_group_concentration_penalty -2; 当前已有 high_beta 暴露，high_beta_penalty -2,same_group_concentration_penalty; high_beta_penalty,,1.131,1.111,1.107,1.126,,-0.01768347,-0.02122016,-0.00442087,,partial,2026-06-24 15:44:53,2026-07-04 00:00:55
2026-06-23,515000,科技ETF,sector,科技成长,market_neutral,68.34,CAUTION,正常,2,91.375147,1,89.375147,-2,yes,yes,yes,no,no,in_both_top3,当前持仓已有 科技成长 暴露，same_group_concentration_penalty -2,same_group_concentration_penalty,,1.552,1.609,1.634,1.712,,0.0367268,0.05283505,0.10309278,,partial,2026-06-24 15:44:53,2026-07-04 00:00:55
2026-06-23,515050,5GETF,theme,科技成长,market_neutral,68.34,CAUTION,提醒,4,74.791502,4,69.791502,-5,no,no,no,no,no,score_delta_abs_ge_3,当前持仓已有 科技成长 暴露，same_group_concentration_penalty -2; data_health=提醒，data_health_penalty -3,same_group_concentration_penalty; data_health_penalty,,1.342,1.387,1.359,1.397,,0.03353204,0.01266766,0.04098361,,partial,2026-06-24 15:44:53,2026-07-04 00:00:55
2026-06-23,516780,稀土ETF,commodity_resource,周期资源,market_neutral,68.34,CAUTION,提醒,5,70.233022,5,67.233022,-3,no,no,no,no,no,score_delta_abs_ge_3,data_health=提醒，data_health_penalty -3,data_health_penalty,,1.013,1.017,0.98,0.994,,0.00394867,-0.03257651,-0.01875617,,partial,2026-06-24 15:44:53,2026-07-04 00:00:55
2026-06-24,159819,人工智能ETF,theme,科技成长,market_strong,70.92,CAUTION,正常,2,88.436435,2,86.436435,-2,yes,yes,yes,no,no,in_both_top3,当前持仓已有 科技成长 暴露，same_group_concentration_penalty -2,same_group_concentration_penalty,,2.099,2.18,2.105,2.176,,0.0385898,0.0028585,0.03668414,,partial,2026-06-24 23:02:38,2026-07-04 00:00:55
2026-06-24,510050,上证50ETF,broad_index,宽基,market_strong,70.92,CAUTION,正常,8,72.83429,6,75.83429,3,no,no,no,no,no,score_delta_abs_ge_3,组合缺少宽基，broad_index_balance_bonus +3,,broad_index_balance_bonus,3.024,3.059,3.083,3.074,,0.01157407,0.01951058,0.01653439,,partial,2026-06-24 23:02:38,2026-07-04 00:00:55
2026-06-24,510180,上证180ETF,broad_index,宽基,market_strong,70.92,CAUTION,正常,9,70.076856,8,73.076856,3,no,no,no,no,no,score_delta_abs_ge_3,组合缺少宽基，broad_index_balance_bonus +3,,broad_index_balance_bonus,4.117,4.165,4.154,4.156,,0.01165897,0.00898713,0.00947292,,partial,2026-06-24 23:02:38,2026-07-04 00:00:55
2026-06-24,512010,医药ETF,sector,消费医药,market_strong,70.92,CAUTION,正常,7,73.645035,7,73.645035,0,no,no,no,no,no,top10_tracking,未触发 B1 预览加减分,,,0.341,0.341,0.356,0.359,,0,0.04398827,0.05278592,,partial,2026-06-24 23:02:38,2026-07-04 00:00:55
2026-06-24,512070,非银ETF,high_beta,金融地产,market_strong,70.92,CAUTION,正常,4,87.652758,4,83.652758,-4,no,no,no,no,no,score_delta_abs_ge_3,当前持仓已有 金融地产 暴露，same_group_concentration_penalty -2; 当前已有 high_beta 暴露，high_beta_penalty -2,same_group_concentration_penalty; high_beta_penalty,,0.783,0.803,0.787,0.817,,0.02554278,0.00510856,0.04342273,,partial,2026-06-24 23:02:38,2026-07-04 00:00:55
2026-06-24,512880,证券ETF,high_beta,金融地产,market_strong,70.92,CAUTION,正常,1,91.8274,1,87.8274,-4,yes,yes,yes,no,no,in_both_top3,当前持仓已有 金融地产 暴露，same_group_concentration_penalty -2; 当前已有 high_beta 暴露，high_beta_penalty -2,same_group_concentration_penalty; high_beta_penalty,,1.111,1.149,1.123,1.176,,0.03420342,0.01080108,0.05850585,,partial,2026-06-24 23:02:38,2026-07-04 00:00:55
2026-06-24,515000,科技ETF,sector,科技成长,market_strong,70.92,CAUTION,正常,5,80.389793,5,78.389793,-2,no,no,no,no,no,top10_tracking,当前持仓已有 科技成长 暴露，same_group_concentration_penalty -2,same_group_concentration_penalty,,1.609,1.672,1.671,1.67,,0.03915475,0.03853325,0.03791175,,partial,2026-06-24 23:02:38,2026-07-04 00:00:55
2026-06-24,515050,5GETF,theme,科技成长,market_strong,70.92,CAUTION,提醒,6,74.045649,9,69.045649,-5,no,no,no,no,no,score_delta_abs_ge_3,当前持仓已有 科技成长 暴露，same_group_concentration_penalty -2; data_health=提醒，data_health_penalty -3,same_group_concentration_penalty; data_health_penalty,,1.387,1.439,1.339,1.334,,0.03749099,-0.03460707,-0.03821197,,partial,2026-06-24 23:02:38,2026-07-04 00:00:55
2026-06-24,515070,AIETF,theme,科技成长,market_strong,70.92,CAUTION,正常,3,88.380559,3,86.380559,-2,yes,yes,yes,no,no,in_both_top3,当前持仓已有 科技成长 暴露，same_group_concentration_penalty -2,same_group_concentration_penalty,,2.656,2.758,2.664,2.75,,0.03840361,0.00301205,0.03539157,,partial,2026-06-24 23:02:38,2026-07-04 00:00:55
2026-06-24,516780,稀土ETF,commodity_resource,周期资源,market_strong,70.92,CAUTION,提醒,10,68.412284,10,65.412284,-3,no,no,no,no,no,score_delta_abs_ge_3,data_health=提醒，data_health_penalty -3,data_health_penalty,,1.017,1.018,0.967,0.994,,0.00098328,-0.04916421,-0.02261554,,partial,2026-06-24 23:02:38,2026-07-04 00:00:55
2026-06-25,159819,人工智能ETF,theme,科技成长,market_strong,77.38,CAUTION,正常,4,89.833379,4,87.833379,-2,no,no,no,no,no,top10_tracking,当前持仓已有 科技成长 暴露，same_group_concentration_penalty -2,same_group_concentration_penalty,,2.18,2.078,2.232,2.025,,-0.04678899,0.02385321,-0.07110092,,partial,2026-06-25 22:48:08,2026-07-04 00:00:55
2026-06-25,159915,创业板ETF,broad_index,宽基,market_strong,77.38,CAUTION,正常,2,91.190251,1,94.190251,3,yes,yes,yes,no,no,in_both_top3,组合缺少宽基，broad_index_balance_bonus +3,,broad_index_balance_bonus,4.395,4.215,4.364,4.036,,-0.04095563,-0.00705347,-0.08168373,,partial,2026-06-25 22:48:08,2026-07-04 00:00:55
2026-06-25,512070,非银ETF,high_beta,金融地产,market_strong,77.38,CAUTION,正常,5,88.889982,5,84.889982,-4,no,no,no,no,no,score_delta_abs_ge_3,当前持仓已有 金融地产 暴露，same_group_concentration_penalty -2; 当前已有 high_beta 暴露，high_beta_penalty -2,same_group_concentration_penalty; high_beta_penalty,,0.803,0.771,0.784,0.804,,-0.03985056,-0.02366127,0.00124533,,partial,2026-06-25 22:48:08,2026-07-04 00:00:55
2026-06-25,512880,证券ETF,high_beta,金融地产,market_strong,77.38,CAUTION,正常,1,93.668651,2,89.668651,-4,yes,yes,yes,no,no,in_both_top3,当前持仓已有 金融地产 暴露，same_group_concentration_penalty -2; 当前已有 high_beta 暴露，high_beta_penalty -2,same_group_concentration_penalty; high_beta_penalty,,1.149,1.107,1.126,1.15,,-0.03655352,-0.02001741,0.00087032,,partial,2026-06-25 22:48:08,2026-07-04 00:00:55
2026-06-25,515050,5GETF,theme,科技成长,market_strong,77.38,CAUTION,提醒,6,72.988516,6,67.988516,-5,no,no,no,no,no,score_delta_abs_ge_3,当前持仓已有 科技成长 暴露，same_group_concentration_penalty -2; data_health=提醒，data_health_penalty -3,same_group_concentration_penalty; data_health_penalty,,1.439,1.359,1.397,1.222,,-0.05559416,-0.02918694,-0.15079917,,partial,2026-06-25 22:48:08,2026-07-04 00:00:55
2026-06-25,515070,AIETF,theme,科技成长,market_strong,77.38,CAUTION,正常,3,89.892166,3,87.892166,-2,yes,yes,yes,no,no,in_both_top3,当前持仓已有 科技成长 暴露，same_group_concentration_penalty -2,same_group_concentration_penalty,,2.758,2.627,2.813,2.571,,-0.04749819,0.01994199,-0.06780276,,partial,2026-06-25 22:48:08,2026-07-04 00:00:55
2026-06-25,516780,稀土ETF,commodity_resource,周期资源,market_strong,77.38,CAUTION,提醒,7,69.474012,7,66.474012,-3,no,no,no,no,no,score_delta_abs_ge_3,data_health=提醒，data_health_penalty -3,data_health_penalty,,1.018,0.98,0.994,0.987,,-0.03732809,-0.02357564,-0.03045187,,partial,2026-06-25 22:48:08,2026-07-04 00:00:55
2026-06-26,159819,人工智能ETF,theme,科技成长,market_neutral,66.27,CAUTION,正常,6,86.816253,6,84.816253,-2,no,no,no,no,no,top10_tracking,当前持仓已有 科技成长 暴露，same_group_concentration_penalty -2,same_group_concentration_penalty,,2.078,2.105,2.176,2.04,,0.01299326,0.04716073,-0.01828681,,partial,2026-06-26 21:59:50,2026-07-04 00:00:55
2026-06-26,159915,创业板ETF,broad_index,宽基,market_neutral,66.27,CAUTION,正常,4,87.7572,3,90.7572,3,no,yes,no,no,yes,only_in_adjusted_top3,组合缺少宽基，broad_index_balance_bonus +3,,broad_index_balance_bonus,4.215,4.236,4.274,4.037,,0.00498221,0.01399763,-0.04223013,,partial,2026-06-26 21:59:50,2026-07-04 00:00:55
2026-06-26,512880,证券ETF,high_beta,金融地产,market_neutral,66.27,CAUTION,正常,1,94.766442,2,90.766442,-4,yes,yes,yes,no,no,in_both_top3,当前持仓已有 金融地产 暴露，same_group_concentration_penalty -2; 当前已有 high_beta 暴露，high_beta_penalty -2,same_group_concentration_penalty; high_beta_penalty,,1.107,1.123,1.176,1.155,,0.01445348,0.06233062,0.04336043,,partial,2026-06-26 21:59:50,2026-07-04 00:00:55
2026-06-26,515000,科技ETF,sector,科技成长,market_neutral,66.27,CAUTION,正常,2,91.954706,4,89.954706,-2,yes,no,no,yes,no,only_in_original_top3,当前持仓已有 科技成长 暴露，same_group_concentration_penalty -2,same_group_concentration_penalty,,1.634,1.671,1.67,1.546,,0.02264382,0.02203182,-0.05385557,,partial,2026-06-26 21:59:50,2026-07-04 00:00:55
2026-06-26,515050,5GETF,theme,科技成长,market_neutral,66.27,CAUTION,提醒,8,71.947962,8,66.947962,-5,no,no,no,no,no,score_delta_abs_ge_3,当前持仓已有 科技成长 暴露，same_group_concentration_penalty -2; data_health=提醒，data_health_penalty -3,same_group_concentration_penalty; data_health_penalty,,1.359,1.339,1.334,1.242,,-0.0147167,-0.01839588,-0.08609272,,partial,2026-06-26 21:59:50,2026-07-04 00:00:55
2026-06-26,515070,AIETF,theme,科技成长,market_neutral,66.27,CAUTION,正常,5,86.831178,5,84.831178,-2,no,no,no,no,no,top10_tracking,当前持仓已有 科技成长 暴露，same_group_concentration_penalty -2,same_group_concentration_penalty,,2.627,2.664,2.75,2.584,,0.01408451,0.04682147,-0.01636848,,partial,2026-06-26 21:59:50,2026-07-04 00:00:55
2026-06-26,515880,证券公司ETF,high_beta,金融地产,market_neutral,66.27,CAUTION,提醒,7,74.156185,7,67.156185,-7,no,no,no,no,no,score_delta_abs_ge_3,当前持仓已有 金融地产 暴露，same_group_concentration_penalty -2; 当前已有 high_beta 暴露，high_beta_penalty -2; data_health=提醒，data_health_penalty -3,same_group_concentration_penalty; high_beta_penalty; data_health_penalty,,1.757,1.715,1.718,1.579,,-0.02390438,-0.02219693,-0.10130905,,partial,2026-06-26 21:59:50,2026-07-04 00:00:55
2026-06-26,588000,科创50ETF,broad_index,宽基,market_neutral,66.27,CAUTION,正常,3,90.317736,1,93.317736,3,yes,yes,yes,no,no,in_both_top3,组合缺少宽基，broad_index_balance_bonus +3,,broad_index_balance_bonus,2.133,2.248,2.29,2.102,,0.05391467,0.07360525,-0.01453352,,partial,2026-06-26 21:59:50,2026-07-04 00:00:55
2026-06-30,159819,人工智能ETF,theme,科技成长,market_strong,77.06,CAUTION,正常,2,91.186598,3,89.186598,-2,yes,yes,yes,no,no,in_both_top3,当前持仓已有 科技成长 暴露，same_group_concentration_penalty -2,same_group_concentration_penalty,,2.232,2.176,2.04,,,-0.02508961,-0.08602151,,,partial,2026-06-30 17:41:13,2026-07-04 00:00:55
2026-06-30,159901,深100ETF,broad_index,宽基,market_strong,77.06,CAUTION,正常,4,88.390289,1,91.390289,3,no,yes,no,no,yes,only_in_adjusted_top3,组合缺少宽基，broad_index_balance_bonus +3,,broad_index_balance_bonus,4.152,4.094,3.966,,,-0.01396917,-0.04479769,,,partial,2026-06-30 17:41:13,2026-07-04 00:00:55
2026-06-30,159929,医药ETF,sector,消费医药,market_strong,77.06,CAUTION,正常,10,65.58052,9,65.58052,0,no,no,no,no,no,top10_tracking,未触发 B1 预览加减分,,,1.229,1.27,1.292,,,0.03336046,0.05126119,,,partial,2026-06-30 17:41:13,2026-07-04 00:00:55
2026-06-30,512010,医药ETF,sector,消费医药,market_strong,77.06,CAUTION,正常,7,73.643628,6,73.643628,0,no,no,no,no,no,top10_tracking,未触发 B1 预览加减分,,,0.35,0.359,0.363,,,0.02571429,0.03714286,,,partial,2026-06-30 17:41:13,2026-07-04 00:00:55
2026-06-30,512070,非银ETF,high_beta,金融地产,market_strong,77.06,CAUTION,正常,8,67.845542,10,63.845542,-4,no,no,no,no,no,score_delta_abs_ge_3,当前持仓已有 金融地产 暴露，same_group_concentration_penalty -2; 当前已有 high_beta 暴露，high_beta_penalty -2,same_group_concentration_penalty; high_beta_penalty,,0.784,0.817,0.808,,,0.04209184,0.03061224,,,partial,2026-06-30 17:41:13,2026-07-04 00:00:55
2026-06-30,512170,医疗ETF,sector,消费医药,market_strong,77.06,CAUTION,正常,9,65.892202,8,65.892202,0,no,no,no,no,no,top10_tracking,未触发 B1 预览加减分,,,0.306,0.314,0.316,,,0.02614379,0.03267974,,,partial,2026-06-30 17:41:13,2026-07-04 00:00:55
2026-06-30,512880,证券ETF,high_beta,金融地产,market_strong,77.06,CAUTION,正常,3,89.577084,4,85.577084,-4,yes,no,no,yes,no,only_in_original_top3,当前持仓已有 金融地产 暴露，same_group_concentration_penalty -2; 当前已有 high_beta 暴露，high_beta_penalty -2,same_group_concentration_penalty; high_beta_penalty,,1.126,1.176,1.155,,,0.04440497,0.02575488,,,partial,2026-06-30 17:41:13,2026-07-04 00:00:55
2026-06-30,515050,5GETF,theme,科技成长,market_strong,77.06,CAUTION,提醒,6,74.372746,7,69.372746,-5,no,no,no,no,no,score_delta_abs_ge_3,当前持仓已有 科技成长 暴露，same_group_concentration_penalty -2; data_health=提醒，data_health_penalty -3,same_group_concentration_penalty; data_health_penalty,,1.397,1.334,1.242,,,-0.04509664,-0.11095204,,,partial,2026-06-30 17:41:13,2026-07-04 00:00:55
2026-06-30,515070,AIETF,theme,科技成长,market_strong,77.06,CAUTION,正常,1,91.619496,2,89.619496,-2,yes,yes,yes,no,no,in_both_top3,当前持仓已有 科技成长 暴露，same_group_concentration_penalty -2,same_group_concentration_penalty,,2.813,2.75,2.584,,,-0.02239602,-0.08140775,,,partial,2026-06-30 17:41:13,2026-07-04 00:00:55
2026-06-30,515880,证券公司ETF,high_beta,金融地产,market_strong,77.06,CAUTION,提醒,5,88.33329,5,81.33329,-7,no,no,no,no,no,score_delta_abs_ge_3,当前持仓已有 金融地产 暴露，same_group_concentration_penalty -2; 当前已有 high_beta 暴露，high_beta_penalty -2; data_health=提醒，data_health_penalty -3,same_group_concentration_penalty; high_beta_penalty; data_health_penalty,,1.796,1.718,1.579,,,-0.04342984,-0.12082405,,,partial,2026-06-30 17:41:13,2026-07-04 00:00:55
2026-07-01,159819,人工智能ETF,theme,科技成长,market_strong,72.92,CAUTION,正常,4,91.309222,4,89.309222,-2,no,no,no,no,no,top10_tracking,当前持仓已有 科技成长 暴露，same_group_concentration_penalty -2,same_group_concentration_penalty,,2.176,2.025,,,,-0.06939338,,,,partial,2026-07-01 23:50:02,2026-07-04 00:00:55
2026-07-01,159869,游戏ETF,theme,科技成长,market_strong,72.92,CAUTION,正常,10,66.825828,10,64.825828,-2,no,no,no,no,no,top10_tracking,当前持仓已有 科技成长 暴露，same_group_concentration_penalty -2,same_group_concentration_penalty,,1.103,1.1,,,,-0.00271985,,,,partial,2026-07-01 23:50:02,2026-07-04 00:00:55
2026-07-01,159929,医药ETF,sector,消费医药,market_strong,72.92,CAUTION,正常,7,86.575497,7,86.575497,0,no,no,no,no,no,top10_tracking,未触发 B1 预览加减分,,,1.27,1.266,,,,-0.00314961,,,,partial,2026-07-01 23:50:02,2026-07-04 00:00:55
2026-07-01,512010,医药ETF,sector,消费医药,market_strong,72.92,CAUTION,正常,2,93.047275,1,93.047275,0,yes,yes,yes,no,no,in_both_top3,未触发 B1 预览加减分,,,0.359,0.357,,,,-0.00557103,,,,partial,2026-07-01 23:50:02,2026-07-04 00:00:55
2026-07-01,512070,非银ETF,high_beta,金融地产,market_strong,72.92,CAUTION,正常,6,90.634467,6,86.634467,-4,no,no,no,no,no,score_delta_abs_ge_3,当前持仓已有 金融地产 暴露，same_group_concentration_penalty -2; 当前已有 high_beta 暴露，high_beta_penalty -2,same_group_concentration_penalty; high_beta_penalty,,0.817,0.804,,,,-0.01591187,,,,partial,2026-07-01 23:50:02,2026-07-04 00:00:55
2026-07-01,512170,医疗ETF,sector,消费医药,market_strong,72.92,CAUTION,正常,9,73.868221,9,73.868221,0,no,no,no,no,no,top10_tracking,未触发 B1 预览加减分,,,0.314,0.311,,,,-0.00955414,,,,partial,2026-07-01 23:50:02,2026-07-04 00:00:55
2026-07-01,512880,证券ETF,high_beta,金融地产,market_strong,72.92,CAUTION,正常,1,93.939258,3,89.939258,-4,yes,yes,yes,no,no,in_both_top3,当前持仓已有 金融地产 暴露，same_group_concentration_penalty -2; 当前已有 high_beta 暴露，high_beta_penalty -2,same_group_concentration_penalty; high_beta_penalty,,1.176,1.15,,,,-0.02210884,,,,partial,2026-07-01 23:50:02,2026-07-04 00:00:55
2026-07-01,515000,科技ETF,sector,科技成长,market_strong,72.92,CAUTION,正常,3,91.986158,2,89.986158,-2,yes,yes,yes,no,no,in_both_top3,当前持仓已有 科技成长 暴露，same_group_concentration_penalty -2,same_group_concentration_penalty,,1.67,1.54,,,,-0.07784431,,,,partial,2026-07-01 23:50:02,2026-07-04 00:00:55
2026-07-01,515070,AIETF,theme,科技成长,market_strong,72.92,CAUTION,正常,5,91.254539,5,89.254539,-2,no,no,no,no,no,top10_tracking,当前持仓已有 科技成长 暴露，same_group_concentration_penalty -2,same_group_concentration_penalty,,2.75,2.571,,,,-0.06509091,,,,partial,2026-07-01 23:50:02,2026-07-04 00:00:55
2026-07-01,588000,科创50ETF,broad_index,宽基,market_strong,72.92,CAUTION,正常,8,79.079202,8,82.079202,3,no,no,no,no,no,score_delta_abs_ge_3,组合缺少宽基，broad_index_balance_bonus +3,,broad_index_balance_bonus,2.29,2.119,,,,-0.07467249,,,,partial,2026-07-01 23:50:02,2026-07-04 00:00:55
2026-07-03,159865,养殖ETF,commodity_resource,周期资源,market_neutral,61.67,CAUTION,正常,10,69.669878,9,69.669878,0,no,no,no,no,no,top10_tracking,未触发 B1 预览加减分,,,0.516,,,,,,,,,pending,2026-07-04 00:00:55,2026-07-04 00:00:55
2026-07-03,159929,医药ETF,sector,消费医药,market_neutral,61.67,CAUTION,正常,3,79.434259,4,79.434259,0,yes,no,no,yes,no,only_in_original_top3,未触发 B1 预览加减分,,,1.292,,,,,,,,,pending,2026-07-04 00:00:55,2026-07-04 00:00:55
2026-07-03,159995,芯片ETF,theme,科技成长,market_neutral,61.67,CAUTION,正常,6,75.390612,7,73.390612,-2,no,no,no,no,no,top10_tracking,当前持仓已有 科技成长 暴露，same_group_concentration_penalty -2,same_group_concentration_penalty,,3,,,,,,,,,pending,2026-07-04 00:00:55,2026-07-04 00:00:55
2026-07-03,510180,上证180ETF,broad_index,宽基,market_neutral,61.67,CAUTION,正常,12,68.862511,8,71.862511,3,no,no,no,no,no,score_delta_abs_ge_3,组合缺少宽基，broad_index_balance_bonus +3,,broad_index_balance_bonus,4.092,,,,,,,,,pending,2026-07-04 00:00:55,2026-07-04 00:00:55
2026-07-03,512010,医药ETF,sector,消费医药,market_neutral,61.67,CAUTION,正常,1,95.137483,1,95.137483,0,yes,yes,yes,no,no,in_both_top3,未触发 B1 预览加减分,,,0.363,,,,,,,,,pending,2026-07-04 00:00:55,2026-07-04 00:00:55
2026-07-03,512170,医疗ETF,sector,消费医药,market_neutral,61.67,CAUTION,正常,4,78.109182,5,78.109182,0,no,no,no,no,no,top10_tracking,未触发 B1 预览加减分,,,0.316,,,,,,,,,pending,2026-07-04 00:00:55,2026-07-04 00:00:55
2026-07-03,512660,军工ETF,commodity_resource,新能源制造,market_neutral,61.67,CAUTION,正常,7,74.258926,6,74.258926,0,no,no,no,no,no,top10_tracking,未触发 B1 预览加减分,,,1.301,,,,,,,,,pending,2026-07-04 00:00:55,2026-07-04 00:00:55
2026-07-03,512760,芯片ETF,theme,科技成长,market_neutral,61.67,CAUTION,提醒,8,73.487303,10,68.487303,-5,no,no,no,no,no,score_delta_abs_ge_3,当前持仓已有 科技成长 暴露，same_group_concentration_penalty -2; data_health=提醒，data_health_penalty -3,same_group_concentration_penalty; data_health_penalty,,1.403,,,,,,,,,pending,2026-07-04 00:00:55,2026-07-04 00:00:55
2026-07-03,512880,证券ETF,high_beta,金融地产,market_neutral,61.67,CAUTION,正常,2,94.492965,2,90.492965,-4,yes,yes,yes,no,no,in_both_top3,当前持仓已有 金融地产 暴露，same_group_concentration_penalty -2; 当前已有 high_beta 暴露，high_beta_penalty -2,same_group_concentration_penalty; high_beta_penalty,,1.155,,,,,,,,,pending,2026-07-04 00:00:55,2026-07-04 00:00:55
2026-07-03,515000,科技ETF,sector,科技成长,market_neutral,61.67,CAUTION,正常,9,70.415504,11,68.415504,-2,no,no,no,no,no,top10_tracking,当前持仓已有 科技成长 暴露，same_group_concentration_penalty -2,same_group_concentration_penalty,,1.546,,,,,,,,,pending,2026-07-04 00:00:55,2026-07-04 00:00:55
2026-07-03,588000,科创50ETF,broad_index,宽基,market_neutral,61.67,CAUTION,正常,5,76.64559,3,79.64559,3,no,yes,no,no,yes,only_in_adjusted_top3,组合缺少宽基，broad_index_balance_bonus +3,,broad_index_balance_bonus,2.102,,,,,,,,,pending,2026-07-04 00:00:55,2026-07-04 00:00:55
