disagreement_id,report_id,report_path,disagreement_type,structured_result,backstop_result,structured_evidence_ids,backstop_evidence_ids,severity,resolution_status,reviewer_verdict,reviewer_evidence_ids,source_tree_commit
scanner-disagreement_2bb02e34c209e7a32df9,report_d5d1aed20bc385cdde61,reports/project_context_recovery_final_truth_summary.md,REFERENCE_CLASS_DISAGREEMENT,"{""directions"":[],""dynamic_pattern"":false,""runtime_reference_count"":0}","{""active_query_count"":1,""dynamic_pattern"":false,""statuses"":[""AMBIGUOUS_REFERENCE""]}",[],"[""evidence_7950a78ea186346d6c6e""]",HIGH,UNRESOLVED,PENDING_SCANNER_REMEDIATION,"[""evidence_c9fec181dab926d5151b""]",ad15231fe6a675282b703d24eece38d45d1511f3
scanner-disagreement_2c25bd3536baf2ed14f8,report_698f1389d4cf2461652d,reports/project_context_phase_d2_decision.md,REFERENCE_CLASS_DISAGREEMENT,"{""directions"":[],""dynamic_pattern"":false,""runtime_reference_count"":0}","{""active_query_count"":1,""dynamic_pattern"":false,""statuses"":[""AMBIGUOUS_REFERENCE""]}",[],"[""evidence_81ddb6afe4947f9aff4d""]",HIGH,UNRESOLVED,PENDING_SCANNER_REMEDIATION,"[""evidence_57f930faaff67e2f2b4c""]",ad15231fe6a675282b703d24eece38d45d1511f3
scanner-disagreement_45d302c359f9e19761ee,report_6d09213e6fe8162c0177,reports/project_context_recovery_correctness_score.md,REFERENCE_CLASS_DISAGREEMENT,"{""directions"":[],""dynamic_pattern"":false,""runtime_reference_count"":0}","{""active_query_count"":1,""dynamic_pattern"":false,""statuses"":[""AMBIGUOUS_REFERENCE""]}",[],"[""evidence_3ce6f2060ccc65bf7352""]",HIGH,UNRESOLVED,PENDING_SCANNER_REMEDIATION,"[""evidence_3b51ef446f5b55c3973a""]",ad15231fe6a675282b703d24eece38d45d1511f3
scanner-disagreement_49b07719eaf4ac92ad9e,report_3f049e4a09aba2575d38,reports/universe_v2_replay/v2_evidence_qualification_matrix.json,REFERENCE_CLASS_DISAGREEMENT,"{""directions"":[],""dynamic_pattern"":false,""runtime_reference_count"":0}","{""active_query_count"":1,""dynamic_pattern"":false,""statuses"":[""AMBIGUOUS_REFERENCE""]}",[],"[""evidence_501c6ebb7ddad62c6339""]",HIGH,UNRESOLVED,PENDING_SCANNER_REMEDIATION,"[""evidence_127c67d7f6f6409d946d""]",ad15231fe6a675282b703d24eece38d45d1511f3
scanner-disagreement_5348f21ed3fb7571487a,report_3b8551823732bdad7a85,reports/tushare_real_run_attestations.md,REFERENCE_CLASS_DISAGREEMENT,"{""directions"":[],""dynamic_pattern"":false,""runtime_reference_count"":0}","{""active_query_count"":1,""dynamic_pattern"":false,""statuses"":[""AMBIGUOUS_REFERENCE""]}",[],"[""evidence_492ac06ac9a3560f3338""]",HIGH,UNRESOLVED,PENDING_SCANNER_REMEDIATION,"[""evidence_b5e50cceaad2d7b5d6ed""]",ad15231fe6a675282b703d24eece38d45d1511f3
scanner-disagreement_68b7a78d8cb147bb822d,report_2a67663a5c07b636e30b,reports/project_context_persistence_final.md,REFERENCE_CLASS_DISAGREEMENT,"{""directions"":[],""dynamic_pattern"":false,""runtime_reference_count"":0}","{""active_query_count"":1,""dynamic_pattern"":false,""statuses"":[""AMBIGUOUS_REFERENCE""]}",[],"[""evidence_6d0d07edd8f4d4874c43""]",HIGH,UNRESOLVED,PENDING_SCANNER_REMEDIATION,"[""evidence_66c71f3559a677ce8fe2""]",ad15231fe6a675282b703d24eece38d45d1511f3
scanner-disagreement_729cd4dec5d8096fc4d9,report_878d0adf91119df7027d,reports/project_context_schema_audit.md,REFERENCE_CLASS_DISAGREEMENT,"{""directions"":[],""dynamic_pattern"":false,""runtime_reference_count"":0}","{""active_query_count"":1,""dynamic_pattern"":false,""statuses"":[""AMBIGUOUS_REFERENCE""]}",[],"[""evidence_58c2548cf94c696d77f1""]",HIGH,UNRESOLVED,PENDING_SCANNER_REMEDIATION,"[""evidence_eff815344a34378a0109""]",ad15231fe6a675282b703d24eece38d45d1511f3
scanner-disagreement_8e5ba61a6022bc29af86,report_94633770462477bb7157,reports/project_context_phase_d3_decision.md,REFERENCE_CLASS_DISAGREEMENT,"{""directions"":[],""dynamic_pattern"":false,""runtime_reference_count"":0}","{""active_query_count"":1,""dynamic_pattern"":false,""statuses"":[""AMBIGUOUS_REFERENCE""]}",[],"[""evidence_dc609c55554126715730""]",HIGH,UNRESOLVED,PENDING_SCANNER_REMEDIATION,"[""evidence_e2efb0c40c3a502fcff9""]",ad15231fe6a675282b703d24eece38d45d1511f3
scanner-disagreement_add2e2af107dcd857499,report_0448d78733a79b4c616f,reports/project_context_recovery_drill_decision.md,REFERENCE_CLASS_DISAGREEMENT,"{""directions"":[],""dynamic_pattern"":false,""runtime_reference_count"":0}","{""active_query_count"":1,""dynamic_pattern"":false,""statuses"":[""AMBIGUOUS_REFERENCE""]}",[],"[""evidence_401e77d63404df91f9b2""]",HIGH,UNRESOLVED,PENDING_SCANNER_REMEDIATION,"[""evidence_9b70cd82d75d5612d86d""]",ad15231fe6a675282b703d24eece38d45d1511f3
