style_profile,stable_regime,v2_evidence_level,v2_sample_count,v2_median_forward_return,v2_benchmark_excess_median,v2_horizon_consistency,v2_horizon_conflict,final_research_qualification,qualification_reason,eligible_for_future_positive_filter_research,eligible_for_future_negative_filter_research,evidence_confidence,universe_version,research_only,shadow_only,execution_allowed
BOND,OFFENSIVE,INSUFFICIENT,,,,insufficient_core_horizon,False,INSUFFICIENT,V2 10d sample is below minimum or Phase 3 evidence is insufficient.,False,False,LOW,universe_v2,True,True,False
BOND,NEUTRAL,INSUFFICIENT,,,,insufficient_core_horizon,False,INSUFFICIENT,V2 10d sample is below minimum or Phase 3 evidence is insufficient.,False,False,LOW,universe_v2,True,True,False
BOND,DEFENSIVE,INSUFFICIENT,,,,insufficient_core_horizon,False,INSUFFICIENT,V2 10d sample is below minimum or Phase 3 evidence is insufficient.,False,False,LOW,universe_v2,True,True,False
DIVIDEND,OFFENSIVE,NEUTRAL,417.0,0.003207698476342946,-0.012500558579331363,mixed_or_flat,False,DESCRIPTIVE_ONLY,V2 evidence is neutral or not strong enough for qualified/conditional use.,False,False,LOW,universe_v2,True,True,False
DIVIDEND,NEUTRAL,NEUTRAL,174.0,-0.0016838464836593792,-0.0001594970460830705,mixed_or_flat,False,DESCRIPTIVE_ONLY,V2 evidence is neutral or not strong enough for qualified/conditional use.,False,False,LOW,universe_v2,True,True,False
DIVIDEND,DEFENSIVE,NEUTRAL,186.0,0.0018709090272672757,-0.015885916796640927,mixed_or_flat,False,DESCRIPTIVE_ONLY,V2 evidence is neutral or not strong enough for qualified/conditional use.,False,False,LOW,universe_v2,True,True,False
LOW_VOL,OFFENSIVE,INSUFFICIENT,,,,insufficient_core_horizon,False,INSUFFICIENT,V2 10d sample is below minimum or Phase 3 evidence is insufficient.,False,False,LOW,universe_v2,True,True,False
LOW_VOL,NEUTRAL,INSUFFICIENT,,,,insufficient_core_horizon,False,INSUFFICIENT,V2 10d sample is below minimum or Phase 3 evidence is insufficient.,False,False,LOW,universe_v2,True,True,False
LOW_VOL,DEFENSIVE,INSUFFICIENT,,,,insufficient_core_horizon,False,INSUFFICIENT,V2 10d sample is below minimum or Phase 3 evidence is insufficient.,False,False,LOW,universe_v2,True,True,False
CORE_LARGE_CAP,OFFENSIVE,WEAK_SUPPORT,278.0,0.009174858713486334,-0.0050253669460505225,consistent_positive,False,DESCRIPTIVE_ONLY,V2 weak support does not clear excess-return caveat; descriptive only.,False,False,LOW,universe_v2,True,True,False
CORE_LARGE_CAP,NEUTRAL,CONFLICT,116.0,-0.0037860267627379818,-0.0008468783570467365,consistent_negative,False,QUALIFIED_CONFLICT,V2 conflict is negative on core horizons with sufficient sample and negative 10d benchmark excess.,False,True,HIGH,universe_v2,True,True,False
CORE_LARGE_CAP,DEFENSIVE,WEAK_SUPPORT,124.0,0.010600883891580759,-0.005447853293665796,consistent_positive,False,DESCRIPTIVE_ONLY,V2 weak support does not clear excess-return caveat; descriptive only.,False,False,LOW,universe_v2,True,True,False
CORE_MID_CAP,OFFENSIVE,SUPPORTED,278.0,0.029399759903961487,0.015308216124464823,consistent_positive,False,QUALIFIED_SUPPORT,V2 support is positive on core horizons with sufficient sample and positive 10d benchmark excess.,True,False,HIGH,universe_v2,True,True,False
CORE_MID_CAP,NEUTRAL,WEAK_CONFLICT,116.0,-0.006176788911231246,-0.002184424382669269,mixed_core_horizon,True,UNSTABLE,Core horizons conflict in direction; keep as unstable research evidence.,False,False,LOW,universe_v2,True,True,False
CORE_MID_CAP,DEFENSIVE,SUPPORTED,124.0,0.03332535737831366,0.009110661362524274,consistent_positive,False,QUALIFIED_SUPPORT,V2 support is positive on core horizons with sufficient sample and positive 10d benchmark excess.,True,False,HIGH,universe_v2,True,True,False
GROWTH_BROAD,OFFENSIVE,INSUFFICIENT,,,,insufficient_core_horizon,False,INSUFFICIENT,V2 10d sample is below minimum or Phase 3 evidence is insufficient.,False,False,LOW,universe_v2,True,True,False
GROWTH_BROAD,NEUTRAL,INSUFFICIENT,,,,insufficient_core_horizon,False,INSUFFICIENT,V2 10d sample is below minimum or Phase 3 evidence is insufficient.,False,False,LOW,universe_v2,True,True,False
GROWTH_BROAD,DEFENSIVE,INSUFFICIENT,,,,insufficient_core_horizon,False,INSUFFICIENT,V2 10d sample is below minimum or Phase 3 evidence is insufficient.,False,False,LOW,universe_v2,True,True,False
GROWTH_THEME,OFFENSIVE,INSUFFICIENT,,,,insufficient_core_horizon,False,INSUFFICIENT,V2 10d sample is below minimum or Phase 3 evidence is insufficient.,False,False,LOW,universe_v2,True,True,False
GROWTH_THEME,NEUTRAL,INSUFFICIENT,,,,insufficient_core_horizon,False,INSUFFICIENT,V2 10d sample is below minimum or Phase 3 evidence is insufficient.,False,False,LOW,universe_v2,True,True,False
GROWTH_THEME,DEFENSIVE,INSUFFICIENT,,,,insufficient_core_horizon,False,INSUFFICIENT,V2 10d sample is below minimum or Phase 3 evidence is insufficient.,False,False,LOW,universe_v2,True,True,False
SECTOR_CYCLICAL,OFFENSIVE,NEUTRAL,139.0,0.002789400278939924,-0.007988554410347834,mixed_or_flat,False,DESCRIPTIVE_ONLY,V2 evidence is neutral or not strong enough for qualified/conditional use.,False,False,LOW,universe_v2,True,True,False
SECTOR_CYCLICAL,NEUTRAL,NEUTRAL,58.0,-0.006913424709387661,-0.004906150516549051,mixed_or_flat,False,DESCRIPTIVE_ONLY,V2 evidence is neutral or not strong enough for qualified/conditional use.,False,False,LOW,universe_v2,True,True,False
SECTOR_CYCLICAL,DEFENSIVE,NEUTRAL,62.0,0.020125052267180088,-0.015112016909187,mixed_or_flat,False,DESCRIPTIVE_ONLY,V2 evidence is neutral or not strong enough for qualified/conditional use.,False,False,LOW,universe_v2,True,True,False
SECTOR_DEFENSIVE,OFFENSIVE,SUPPORTED,139.0,0.04977375565610864,0.027224881755236578,consistent_positive,False,QUALIFIED_SUPPORT,V2 support is positive on core horizons with sufficient sample and positive 10d benchmark excess.,True,False,HIGH,universe_v2,True,True,False
SECTOR_DEFENSIVE,NEUTRAL,WEAK_CONFLICT,58.0,-0.003655946748710892,-0.0008127884760299586,mixed_core_horizon,True,UNSTABLE,Core horizons conflict in direction; keep as unstable research evidence.,False,False,LOW,universe_v2,True,True,False
SECTOR_DEFENSIVE,DEFENSIVE,SUPPORTED,62.0,0.051203806075176606,0.022497996211315784,consistent_positive,False,QUALIFIED_SUPPORT,V2 support is positive on core horizons with sufficient sample and positive 10d benchmark excess.,True,False,HIGH,universe_v2,True,True,False
HIGH_BETA_THEME,OFFENSIVE,SUPPORTED,695.0,0.03854389721627394,0.02091877649215243,consistent_positive,False,CONDITIONAL_SUPPORT,V2 support is positive on core horizons with sufficient sample and positive 10d benchmark excess. Special style treatment caps this cell at conditional until broader robustness review.,True,False,MEDIUM,universe_v2,True,True,False
HIGH_BETA_THEME,NEUTRAL,WEAK_CONFLICT,290.0,-0.013725542966332105,-0.008951787645730831,mixed_core_horizon,True,UNSTABLE,Core horizons conflict in direction; keep as unstable research evidence.,False,False,LOW,universe_v2,True,True,False
HIGH_BETA_THEME,DEFENSIVE,SUPPORTED,310.0,0.053812599769833325,0.02940833724979835,consistent_positive,False,CONDITIONAL_SUPPORT,V2 support is positive on core horizons with sufficient sample and positive 10d benchmark excess. Special style treatment caps this cell at conditional until broader robustness review.,True,False,MEDIUM,universe_v2,True,True,False
COMMODITY_CYCLICAL,OFFENSIVE,SUPPORTED,278.0,0.019863681376493192,0.003131827567350541,consistent_positive,False,CONDITIONAL_SUPPORT,V2 support is positive on core horizons with sufficient sample and positive 10d benchmark excess. Special style treatment caps this cell at conditional until broader robustness review.,True,False,MEDIUM,universe_v2,True,True,False
COMMODITY_CYCLICAL,NEUTRAL,NEUTRAL,116.0,-0.0016756107418717803,0.004072801823083854,mixed_or_flat,False,DESCRIPTIVE_ONLY,V2 evidence is neutral or not strong enough for qualified/conditional use.,False,False,LOW,universe_v2,True,True,False
COMMODITY_CYCLICAL,DEFENSIVE,SUPPORTED,124.0,0.031063809340765025,0.017026361863664737,consistent_positive,False,CONDITIONAL_SUPPORT,V2 support is positive on core horizons with sufficient sample and positive 10d benchmark excess. Special style treatment caps this cell at conditional until broader robustness review.,True,False,MEDIUM,universe_v2,True,True,False
QDII_OBSERVATION,OFFENSIVE,INSUFFICIENT,,,,insufficient_core_horizon,False,INSUFFICIENT,V2 10d sample is below minimum or Phase 3 evidence is insufficient.,False,False,LOW,universe_v2,True,True,False
QDII_OBSERVATION,NEUTRAL,INSUFFICIENT,,,,insufficient_core_horizon,False,INSUFFICIENT,V2 10d sample is below minimum or Phase 3 evidence is insufficient.,False,False,LOW,universe_v2,True,True,False
QDII_OBSERVATION,DEFENSIVE,INSUFFICIENT,,,,insufficient_core_horizon,False,INSUFFICIENT,V2 10d sample is below minimum or Phase 3 evidence is insufficient.,False,False,LOW,universe_v2,True,True,False
