stable_regime,style_profile,signal_fit_group,horizon,etf_count,total_observation_count,etf_median_of_medians,etf_median_excess,etf_positive_share,pooled_median_return,pooled_median_excess,aggregation_direction_consistent,pooling_bias_flag,research_only,execution_allowed
DEFENSIVE,COMMODITY_CYCLICAL,STRONG_SUPPORTED,1d,1,2,0.004671,0.006822,0.0,0.004671,0.006822,False,INSUFFICIENT,True,False
DEFENSIVE,COMMODITY_CYCLICAL,STRONG_SUPPORTED,3d,1,2,0.060073,0.052981,1.0,0.060073,0.052981,False,INSUFFICIENT,True,False
DEFENSIVE,COMMODITY_CYCLICAL,STRONG_SUPPORTED,5d,1,2,0.087851,0.068367,1.0,0.087851,0.068367,False,INSUFFICIENT,True,False
DEFENSIVE,COMMODITY_CYCLICAL,STRONG_SUPPORTED,10d,1,2,0.123781,0.076279,1.0,0.123781,0.076279,False,INSUFFICIENT,True,False
DEFENSIVE,COMMODITY_CYCLICAL,STRONG_SUPPORTED,20d,1,2,0.091324,0.168803,0.0,0.091324,0.168803,False,INSUFFICIENT,True,False
DEFENSIVE,CORE_LARGE_CAP,STRONG_SUPPORTED,1d,1,1,0.009723,0.000504,1.0,0.009723,0.000504,False,INSUFFICIENT,True,False
DEFENSIVE,CORE_LARGE_CAP,STRONG_SUPPORTED,3d,1,1,0.00374,0.006956,1.0,0.00374,0.006956,False,INSUFFICIENT,True,False
DEFENSIVE,CORE_LARGE_CAP,STRONG_SUPPORTED,5d,1,1,0.015707,0.000913,1.0,0.015707,0.000913,False,INSUFFICIENT,True,False
DEFENSIVE,CORE_LARGE_CAP,STRONG_SUPPORTED,10d,1,1,0.015707,-0.002732,1.0,0.015707,-0.002732,False,INSUFFICIENT,True,False
DEFENSIVE,CORE_LARGE_CAP,STRONG_SUPPORTED,20d,1,1,0.006731,-0.003346,1.0,0.006731,-0.003346,False,INSUFFICIENT,True,False
DEFENSIVE,CORE_MID_CAP,STRONG_SUPPORTED,1d,1,2,0.006562,0.000448,0.0,0.006562,0.000448,False,INSUFFICIENT,True,False
DEFENSIVE,CORE_MID_CAP,STRONG_SUPPORTED,3d,1,2,0.007628,-0.006993,1.0,0.007628,-0.006993,False,INSUFFICIENT,True,False
DEFENSIVE,CORE_MID_CAP,STRONG_SUPPORTED,5d,1,2,0.023616,-0.007001,1.0,0.023616,-0.007001,False,INSUFFICIENT,True,False
DEFENSIVE,CORE_MID_CAP,STRONG_SUPPORTED,10d,1,2,0.026709,0.011023,1.0,0.026709,0.011023,False,INSUFFICIENT,True,False
DEFENSIVE,CORE_MID_CAP,STRONG_SUPPORTED,20d,1,2,0.041144,0.036339,1.0,0.041144,0.036339,False,INSUFFICIENT,True,False
DEFENSIVE,HIGH_BETA_THEME,STRONG_SUPPORTED,1d,5,55,0.003135,0.004385,0.8,0.003322,0.003595,True,NO_MATERIAL_SHIFT,True,False
DEFENSIVE,HIGH_BETA_THEME,STRONG_SUPPORTED,3d,5,55,0.021962,0.008697,1.0,0.021962,0.010175,True,NO_MATERIAL_SHIFT,True,False
DEFENSIVE,HIGH_BETA_THEME,STRONG_SUPPORTED,5d,5,55,0.030822,0.017115,1.0,0.030257,0.016786,True,NO_MATERIAL_SHIFT,True,False
DEFENSIVE,HIGH_BETA_THEME,STRONG_SUPPORTED,10d,5,55,0.03399,0.015153,0.8,0.03399,0.018022,True,NO_MATERIAL_SHIFT,True,False
DEFENSIVE,HIGH_BETA_THEME,STRONG_SUPPORTED,20d,5,49,0.047379,0.011017,1.0,0.05668,0.012933,True,NO_MATERIAL_SHIFT,True,False
DEFENSIVE,SECTOR_DEFENSIVE,STRONG_SUPPORTED,1d,1,2,0.01607,0.01386,1.0,0.01607,0.01386,False,INSUFFICIENT,True,False
DEFENSIVE,SECTOR_DEFENSIVE,STRONG_SUPPORTED,3d,1,2,0.020445,0.016402,0.0,0.020445,0.016402,False,INSUFFICIENT,True,False
DEFENSIVE,SECTOR_DEFENSIVE,STRONG_SUPPORTED,5d,1,2,0.0483,0.02871,1.0,0.0483,0.02871,False,INSUFFICIENT,True,False
DEFENSIVE,SECTOR_DEFENSIVE,STRONG_SUPPORTED,10d,1,2,0.048007,0.030464,0.0,0.048007,0.030464,False,INSUFFICIENT,True,False
DEFENSIVE,SECTOR_DEFENSIVE,STRONG_SUPPORTED,20d,1,2,0.066289,0.038455,1.0,0.066289,0.038455,False,INSUFFICIENT,True,False
NEUTRAL,CORE_LARGE_CAP,STRONG_CONFLICT,1d,1,2,0.014622,0.001694,1.0,0.014622,0.001694,False,INSUFFICIENT,True,False
NEUTRAL,CORE_LARGE_CAP,STRONG_CONFLICT,3d,1,2,0.022913,0.00172,1.0,0.022913,0.00172,False,INSUFFICIENT,True,False
NEUTRAL,CORE_LARGE_CAP,STRONG_CONFLICT,5d,1,2,0.027915,0.002035,1.0,0.027915,0.002035,False,INSUFFICIENT,True,False
NEUTRAL,CORE_LARGE_CAP,STRONG_CONFLICT,10d,1,2,0.02557,-0.00336,1.0,0.02557,-0.00336,False,INSUFFICIENT,True,False
NEUTRAL,CORE_LARGE_CAP,STRONG_CONFLICT,20d,1,2,0.038409,-0.00591,1.0,0.038409,-0.00591,False,INSUFFICIENT,True,False
NEUTRAL,CORE_MID_CAP,STRONG_CONFLICT,1d,1,2,-1.4e-05,0.000569,0.0,-1.4e-05,0.000569,False,INSUFFICIENT,True,False
NEUTRAL,CORE_MID_CAP,STRONG_CONFLICT,3d,1,2,0.004259,-0.009749,0.0,0.004259,-0.009749,False,INSUFFICIENT,True,False
NEUTRAL,CORE_MID_CAP,STRONG_CONFLICT,5d,1,2,0.016935,0.00537,1.0,0.016935,0.00537,False,INSUFFICIENT,True,False
NEUTRAL,CORE_MID_CAP,STRONG_CONFLICT,10d,1,2,0.020661,0.018307,1.0,0.020661,0.018307,False,INSUFFICIENT,True,False
NEUTRAL,CORE_MID_CAP,STRONG_CONFLICT,20d,1,2,-0.009139,0.019241,0.0,-0.009139,0.019241,False,INSUFFICIENT,True,False
NEUTRAL,HIGH_BETA_THEME,STRONG_CONFLICT,1d,5,52,0.002343,0.001112,1.0,0.002343,0.001486,True,NO_MATERIAL_SHIFT,True,False
NEUTRAL,HIGH_BETA_THEME,STRONG_CONFLICT,3d,5,50,0.001272,0.000175,0.6,0.006097,0.00399,True,NO_MATERIAL_SHIFT,True,False
NEUTRAL,HIGH_BETA_THEME,STRONG_CONFLICT,5d,5,49,-0.002683,0.003904,0.4,-0.002623,0.004457,True,NO_MATERIAL_SHIFT,True,False
NEUTRAL,HIGH_BETA_THEME,STRONG_CONFLICT,10d,5,49,-0.008032,0.00377,0.4,-0.002326,0.002403,True,NO_MATERIAL_SHIFT,True,False
NEUTRAL,HIGH_BETA_THEME,STRONG_CONFLICT,20d,5,43,0.025669,0.010321,0.8,0.032908,0.010321,True,NO_MATERIAL_SHIFT,True,False
NEUTRAL,SECTOR_DEFENSIVE,STRONG_CONFLICT,1d,1,3,-0.008588,-0.011658,0.0,-0.008588,-0.011658,False,INSUFFICIENT,True,False
NEUTRAL,SECTOR_DEFENSIVE,STRONG_CONFLICT,3d,1,3,-0.010659,0.006692,0.0,-0.010659,0.006692,False,INSUFFICIENT,True,False
NEUTRAL,SECTOR_DEFENSIVE,STRONG_CONFLICT,5d,1,3,0.005814,0.017674,1.0,0.005814,0.017674,False,INSUFFICIENT,True,False
NEUTRAL,SECTOR_DEFENSIVE,STRONG_CONFLICT,10d,1,3,0.031008,0.035181,1.0,0.031008,0.035181,False,INSUFFICIENT,True,False
NEUTRAL,SECTOR_DEFENSIVE,STRONG_CONFLICT,20d,1,3,0.031977,0.033734,1.0,0.031977,0.033734,False,INSUFFICIENT,True,False
OFFENSIVE,COMMODITY_CYCLICAL,STRONG_SUPPORTED,1d,2,70,0.009177,0.001849,1.0,0.000808,-0.001966,False,INSUFFICIENT,True,False
OFFENSIVE,COMMODITY_CYCLICAL,STRONG_SUPPORTED,3d,2,70,-0.006271,0.002069,0.0,-0.003539,-0.002087,False,INSUFFICIENT,True,False
OFFENSIVE,COMMODITY_CYCLICAL,STRONG_SUPPORTED,5d,2,70,0.00108,0.000883,0.5,-0.002778,-0.003528,False,INSUFFICIENT,True,False
OFFENSIVE,COMMODITY_CYCLICAL,STRONG_SUPPORTED,10d,2,70,0.053708,0.040671,1.0,0.004675,-0.01189,False,INSUFFICIENT,True,False
OFFENSIVE,COMMODITY_CYCLICAL,STRONG_SUPPORTED,20d,2,69,0.04651,0.021431,1.0,0.018953,-0.024548,False,INSUFFICIENT,True,False
OFFENSIVE,CORE_LARGE_CAP,STRONG_SUPPORTED,1d,2,61,0.001107,-0.000285,1.0,0.001055,-0.000542,False,INSUFFICIENT,True,False
OFFENSIVE,CORE_LARGE_CAP,STRONG_SUPPORTED,3d,2,61,0.002818,-0.00343,1.0,0.002555,-0.003336,False,INSUFFICIENT,True,False
OFFENSIVE,CORE_LARGE_CAP,STRONG_SUPPORTED,5d,2,61,0.003894,-0.006661,0.5,0.004281,-0.00393,False,INSUFFICIENT,True,False
OFFENSIVE,CORE_LARGE_CAP,STRONG_SUPPORTED,10d,2,61,0.017244,-0.009288,1.0,0.015477,-0.003355,False,INSUFFICIENT,True,False
OFFENSIVE,CORE_LARGE_CAP,STRONG_SUPPORTED,20d,2,61,0.014967,-0.011716,1.0,0.020391,-0.008525,False,INSUFFICIENT,True,False
OFFENSIVE,CORE_MID_CAP,STRONG_SUPPORTED,1d,2,16,0.000677,0.002337,0.5,-0.003698,0.001785,False,INSUFFICIENT,True,False
OFFENSIVE,CORE_MID_CAP,STRONG_SUPPORTED,3d,2,16,0.001014,-0.000947,0.5,0.002985,0.002976,False,INSUFFICIENT,True,False
OFFENSIVE,CORE_MID_CAP,STRONG_SUPPORTED,5d,2,16,0.004066,-0.002731,0.5,-0.002628,-0.001604,False,INSUFFICIENT,True,False
OFFENSIVE,CORE_MID_CAP,STRONG_SUPPORTED,10d,2,16,0.020958,-0.003632,0.5,-0.0026,-0.01267,False,INSUFFICIENT,True,False
OFFENSIVE,CORE_MID_CAP,STRONG_SUPPORTED,20d,2,16,0.044861,0.016974,0.5,-0.012307,-0.026583,False,INSUFFICIENT,True,False
OFFENSIVE,HIGH_BETA_THEME,STRONG_SUPPORTED,1d,5,144,0.003746,0.000973,0.8,0.004028,-0.000129,True,NO_MATERIAL_SHIFT,True,False
OFFENSIVE,HIGH_BETA_THEME,STRONG_SUPPORTED,3d,5,144,0.006715,0.004072,0.8,0.004802,-0.001693,True,NO_MATERIAL_SHIFT,True,False
OFFENSIVE,HIGH_BETA_THEME,STRONG_SUPPORTED,5d,5,143,0.016812,0.001224,0.8,0.010477,-0.002961,True,NO_MATERIAL_SHIFT,True,False
OFFENSIVE,HIGH_BETA_THEME,STRONG_SUPPORTED,10d,5,138,0.037754,0.026052,0.8,0.014178,0.003377,True,MODERATE_SHIFT,True,False
OFFENSIVE,HIGH_BETA_THEME,STRONG_SUPPORTED,20d,5,132,0.087198,0.039949,0.6,0.041432,0.011733,True,MODERATE_SHIFT,True,False
OFFENSIVE,SECTOR_DEFENSIVE,STRONG_SUPPORTED,1d,1,6,-0.002697,-0.001302,0.0,-0.002697,-0.001302,False,INSUFFICIENT,True,False
OFFENSIVE,SECTOR_DEFENSIVE,STRONG_SUPPORTED,3d,1,6,-0.02819,-0.021008,0.0,-0.02819,-0.021008,False,INSUFFICIENT,True,False
OFFENSIVE,SECTOR_DEFENSIVE,STRONG_SUPPORTED,5d,1,6,-0.020819,-0.023113,0.0,-0.020819,-0.023113,False,INSUFFICIENT,True,False
OFFENSIVE,SECTOR_DEFENSIVE,STRONG_SUPPORTED,10d,1,6,-0.06886,-0.065808,0.0,-0.06886,-0.065808,False,INSUFFICIENT,True,False
OFFENSIVE,SECTOR_DEFENSIVE,STRONG_SUPPORTED,20d,1,6,-0.089491,-0.055049,0.0,-0.089491,-0.055049,False,INSUFFICIENT,True,False
