stable_regime,style_profile,signal_fit_group,horizon,segment_count,qualified_segment_count,segment_median_return_median,segment_excess_median,segment_positive_share,segment_supported_beats_conflict_share,largest_segment_observation_share,largest_segment_contribution_share,segment_concentration_flag,segment_direction_consistent,research_only,execution_allowed
DEFENSIVE,COMMODITY_CYCLICAL,STRONG_SUPPORTED,1d,2,0,,,,,0.5,0.641924,INSUFFICIENT,,True,False
DEFENSIVE,COMMODITY_CYCLICAL,STRONG_SUPPORTED,3d,2,0,,,,,0.5,0.539464,INSUFFICIENT,,True,False
DEFENSIVE,COMMODITY_CYCLICAL,STRONG_SUPPORTED,5d,2,0,,,,,0.5,0.68508,INSUFFICIENT,,True,False
DEFENSIVE,COMMODITY_CYCLICAL,STRONG_SUPPORTED,10d,2,0,,,,,0.5,0.581428,INSUFFICIENT,,True,False
DEFENSIVE,COMMODITY_CYCLICAL,STRONG_SUPPORTED,20d,2,0,,,,,0.5,0.880694,INSUFFICIENT,,True,False
DEFENSIVE,CORE_LARGE_CAP,STRONG_SUPPORTED,1d,1,0,,,,,1.0,1.0,INSUFFICIENT,,True,False
DEFENSIVE,CORE_LARGE_CAP,STRONG_SUPPORTED,3d,1,0,,,,,1.0,1.0,INSUFFICIENT,,True,False
DEFENSIVE,CORE_LARGE_CAP,STRONG_SUPPORTED,5d,1,0,,,,,1.0,1.0,INSUFFICIENT,,True,False
DEFENSIVE,CORE_LARGE_CAP,STRONG_SUPPORTED,10d,1,0,,,,,1.0,1.0,INSUFFICIENT,,True,False
DEFENSIVE,CORE_LARGE_CAP,STRONG_SUPPORTED,20d,1,0,,,,,1.0,1.0,INSUFFICIENT,,True,False
DEFENSIVE,CORE_MID_CAP,STRONG_SUPPORTED,1d,1,0,,,,,1.0,1.0,INSUFFICIENT,,True,False
DEFENSIVE,CORE_MID_CAP,STRONG_SUPPORTED,3d,1,0,,,,,1.0,1.0,INSUFFICIENT,,True,False
DEFENSIVE,CORE_MID_CAP,STRONG_SUPPORTED,5d,1,0,,,,,1.0,1.0,INSUFFICIENT,,True,False
DEFENSIVE,CORE_MID_CAP,STRONG_SUPPORTED,10d,1,0,,,,,1.0,1.0,INSUFFICIENT,,True,False
DEFENSIVE,CORE_MID_CAP,STRONG_SUPPORTED,20d,1,0,,,,,1.0,1.0,INSUFFICIENT,,True,False
DEFENSIVE,HIGH_BETA_THEME,STRONG_SUPPORTED,1d,6,0,,,,,0.272727,0.507579,INSUFFICIENT,,True,False
DEFENSIVE,HIGH_BETA_THEME,STRONG_SUPPORTED,3d,6,0,,,,,0.272727,0.289206,INSUFFICIENT,,True,False
DEFENSIVE,HIGH_BETA_THEME,STRONG_SUPPORTED,5d,6,0,,,,,0.272727,0.23657,INSUFFICIENT,,True,False
DEFENSIVE,HIGH_BETA_THEME,STRONG_SUPPORTED,10d,6,0,,,,,0.272727,0.434412,INSUFFICIENT,,True,False
DEFENSIVE,HIGH_BETA_THEME,STRONG_SUPPORTED,20d,6,0,,,,,0.306122,0.668103,INSUFFICIENT,,True,False
DEFENSIVE,SECTOR_DEFENSIVE,STRONG_SUPPORTED,1d,1,0,,,,,1.0,1.0,INSUFFICIENT,,True,False
DEFENSIVE,SECTOR_DEFENSIVE,STRONG_SUPPORTED,3d,1,0,,,,,1.0,1.0,INSUFFICIENT,,True,False
DEFENSIVE,SECTOR_DEFENSIVE,STRONG_SUPPORTED,5d,1,0,,,,,1.0,1.0,INSUFFICIENT,,True,False
DEFENSIVE,SECTOR_DEFENSIVE,STRONG_SUPPORTED,10d,1,0,,,,,1.0,1.0,INSUFFICIENT,,True,False
DEFENSIVE,SECTOR_DEFENSIVE,STRONG_SUPPORTED,20d,1,0,,,,,1.0,1.0,INSUFFICIENT,,True,False
NEUTRAL,CORE_LARGE_CAP,STRONG_CONFLICT,1d,2,0,,,,,0.5,0.545669,INSUFFICIENT,,True,False
NEUTRAL,CORE_LARGE_CAP,STRONG_CONFLICT,3d,2,0,,,,,0.5,0.502542,INSUFFICIENT,,True,False
NEUTRAL,CORE_LARGE_CAP,STRONG_CONFLICT,5d,2,0,,,,,0.5,0.571646,INSUFFICIENT,,True,False
NEUTRAL,CORE_LARGE_CAP,STRONG_CONFLICT,10d,2,0,,,,,0.5,0.554243,INSUFFICIENT,,True,False
NEUTRAL,CORE_LARGE_CAP,STRONG_CONFLICT,20d,2,0,,,,,0.5,0.841728,INSUFFICIENT,,True,False
NEUTRAL,CORE_MID_CAP,STRONG_CONFLICT,1d,1,0,,,,,1.0,1.0,INSUFFICIENT,,True,False
NEUTRAL,CORE_MID_CAP,STRONG_CONFLICT,3d,1,0,,,,,1.0,1.0,INSUFFICIENT,,True,False
NEUTRAL,CORE_MID_CAP,STRONG_CONFLICT,5d,1,0,,,,,1.0,1.0,INSUFFICIENT,,True,False
NEUTRAL,CORE_MID_CAP,STRONG_CONFLICT,10d,1,0,,,,,1.0,1.0,INSUFFICIENT,,True,False
NEUTRAL,CORE_MID_CAP,STRONG_CONFLICT,20d,1,0,,,,,1.0,1.0,INSUFFICIENT,,True,False
NEUTRAL,HIGH_BETA_THEME,STRONG_CONFLICT,1d,8,0,,,,,0.461538,0.233241,INSUFFICIENT,,True,False
NEUTRAL,HIGH_BETA_THEME,STRONG_CONFLICT,3d,8,0,,,,,0.48,0.341578,INSUFFICIENT,,True,False
NEUTRAL,HIGH_BETA_THEME,STRONG_CONFLICT,5d,7,0,,,,,0.489796,0.257428,INSUFFICIENT,,True,False
NEUTRAL,HIGH_BETA_THEME,STRONG_CONFLICT,10d,7,0,,,,,0.489796,0.25262,INSUFFICIENT,,True,False
NEUTRAL,HIGH_BETA_THEME,STRONG_CONFLICT,20d,6,0,,,,,0.55814,0.535532,INSUFFICIENT,,True,False
NEUTRAL,SECTOR_DEFENSIVE,STRONG_CONFLICT,1d,1,0,,,,,1.0,1.0,INSUFFICIENT,,True,False
NEUTRAL,SECTOR_DEFENSIVE,STRONG_CONFLICT,3d,1,0,,,,,1.0,1.0,INSUFFICIENT,,True,False
NEUTRAL,SECTOR_DEFENSIVE,STRONG_CONFLICT,5d,1,0,,,,,1.0,1.0,INSUFFICIENT,,True,False
NEUTRAL,SECTOR_DEFENSIVE,STRONG_CONFLICT,10d,1,0,,,,,1.0,1.0,INSUFFICIENT,,True,False
NEUTRAL,SECTOR_DEFENSIVE,STRONG_CONFLICT,20d,1,0,,,,,1.0,1.0,INSUFFICIENT,,True,False
OFFENSIVE,COMMODITY_CYCLICAL,STRONG_SUPPORTED,1d,4,1,0.000945,-0.002335,1.0,,0.657143,0.551794,INSUFFICIENT,,True,False
OFFENSIVE,COMMODITY_CYCLICAL,STRONG_SUPPORTED,3d,4,1,0.00226,-0.003795,1.0,,0.657143,0.550649,INSUFFICIENT,,True,False
OFFENSIVE,COMMODITY_CYCLICAL,STRONG_SUPPORTED,5d,4,1,0.002307,-0.004706,1.0,,0.657143,0.579939,INSUFFICIENT,,True,False
OFFENSIVE,COMMODITY_CYCLICAL,STRONG_SUPPORTED,10d,4,1,0.009937,-0.013291,1.0,,0.657143,0.581449,INSUFFICIENT,,True,False
OFFENSIVE,COMMODITY_CYCLICAL,STRONG_SUPPORTED,20d,3,1,0.020603,-0.023146,1.0,,0.666667,0.461114,INSUFFICIENT,,True,False
OFFENSIVE,CORE_LARGE_CAP,STRONG_SUPPORTED,1d,3,1,0.001652,-0.000105,1.0,,0.540984,0.645494,INSUFFICIENT,,True,False
OFFENSIVE,CORE_LARGE_CAP,STRONG_SUPPORTED,3d,3,1,0.00819,-0.001965,1.0,,0.540984,0.536304,INSUFFICIENT,,True,False
OFFENSIVE,CORE_LARGE_CAP,STRONG_SUPPORTED,5d,3,1,0.011691,-0.003389,1.0,,0.540984,0.488663,INSUFFICIENT,,True,False
OFFENSIVE,CORE_LARGE_CAP,STRONG_SUPPORTED,10d,3,1,0.029851,-0.001428,1.0,,0.540984,0.700123,INSUFFICIENT,,True,False
OFFENSIVE,CORE_LARGE_CAP,STRONG_SUPPORTED,20d,3,1,0.054076,-0.00224,1.0,,0.540984,0.7159,INSUFFICIENT,,True,False
OFFENSIVE,CORE_MID_CAP,STRONG_SUPPORTED,1d,3,0,,,,,0.8125,0.54246,INSUFFICIENT,,True,False
OFFENSIVE,CORE_MID_CAP,STRONG_SUPPORTED,3d,3,0,,,,,0.8125,0.414584,INSUFFICIENT,,True,False
OFFENSIVE,CORE_MID_CAP,STRONG_SUPPORTED,5d,3,0,,,,,0.8125,0.565432,INSUFFICIENT,,True,False
OFFENSIVE,CORE_MID_CAP,STRONG_SUPPORTED,10d,3,0,,,,,0.8125,0.538748,INSUFFICIENT,,True,False
OFFENSIVE,CORE_MID_CAP,STRONG_SUPPORTED,20d,3,0,,,,,0.8125,0.404526,INSUFFICIENT,,True,False
OFFENSIVE,HIGH_BETA_THEME,STRONG_SUPPORTED,1d,5,2,0.003016,-0.00052,0.5,,0.534722,0.588453,MODERATE,,True,False
OFFENSIVE,HIGH_BETA_THEME,STRONG_SUPPORTED,3d,5,2,0.005565,-0.004502,1.0,,0.534722,0.543325,MODERATE,,True,False
OFFENSIVE,HIGH_BETA_THEME,STRONG_SUPPORTED,5d,5,2,-0.003302,-0.007008,0.5,,0.538462,0.361391,MODERATE,,True,False
OFFENSIVE,HIGH_BETA_THEME,STRONG_SUPPORTED,10d,5,2,0.005796,-0.012927,0.5,,0.557971,0.53204,MODERATE,,True,False
OFFENSIVE,HIGH_BETA_THEME,STRONG_SUPPORTED,20d,4,2,0.008295,-0.026409,0.5,,0.583333,0.708093,HIGH,,True,False
OFFENSIVE,SECTOR_DEFENSIVE,STRONG_SUPPORTED,1d,2,0,,,,,0.666667,0.935171,INSUFFICIENT,,True,False
OFFENSIVE,SECTOR_DEFENSIVE,STRONG_SUPPORTED,3d,2,0,,,,,0.666667,0.653176,INSUFFICIENT,,True,False
OFFENSIVE,SECTOR_DEFENSIVE,STRONG_SUPPORTED,5d,2,0,,,,,0.666667,0.634553,INSUFFICIENT,,True,False
OFFENSIVE,SECTOR_DEFENSIVE,STRONG_SUPPORTED,10d,2,0,,,,,0.666667,0.713201,INSUFFICIENT,,True,False
OFFENSIVE,SECTOR_DEFENSIVE,STRONG_SUPPORTED,20d,2,0,,,,,0.666667,0.780053,INSUFFICIENT,,True,False
