date,code,open,high,low,close,preclose,volume,amount,adjustflag,turn,tradestatus,pctChg,isST
2025-03-03,sh.510270,1.279,1.28,1.265,1.269,,131600.0,167297.6,jqdata_pre,,1,,0
2025-03-04,sh.510270,1.262,1.269,1.261,1.267,1.269,219500.0,277863.3,jqdata_pre,,1,-0.1576,0
2025-03-05,sh.510270,1.266,1.272,1.262,1.272,1.267,324100.0,410989.4,jqdata_pre,,1,0.3946,0
2025-03-06,sh.510270,1.271,1.279,1.27,1.278,1.272,325500.0,415104.268,jqdata_pre,,1,0.4717,0
2025-03-07,sh.510270,1.278,1.286,1.275,1.285,1.278,490332.0,627935.164,jqdata_pre,,1,0.5477,0
2025-03-10,sh.510270,1.287,1.287,1.275,1.28,1.285,121200.0,155047.8,jqdata_pre,,1,-0.3891,0
2025-03-11,sh.510270,1.274,1.288,1.26,1.284,1.28,331000.0,422389.5,jqdata_pre,,1,0.3125,0
2025-03-12,sh.510270,1.284,1.287,1.276,1.284,1.284,372300.0,477395.3,jqdata_pre,,1,0.0,0
2025-03-13,sh.510270,1.285,1.296,1.285,1.29,1.284,265200.0,342348.7,jqdata_pre,,1,0.4673,0
2025-03-14,sh.510270,1.292,1.32,1.292,1.315,1.29,1026800.0,1346154.5,jqdata_pre,,1,1.938,0
2025-03-17,sh.510270,1.318,1.33,1.316,1.321,1.315,477600.0,631181.8,jqdata_pre,,1,0.4563,0
2025-03-18,sh.510270,1.327,1.327,1.313,1.319,1.321,357710.0,471374.87,jqdata_pre,,1,-0.1514,0
2025-03-19,sh.510270,1.319,1.325,1.312,1.324,1.319,388800.0,513240.0,jqdata_pre,,1,0.3791,0
2025-03-20,sh.510270,1.325,1.33,1.313,1.318,1.324,577600.0,760799.4,jqdata_pre,,1,-0.4532,0
2025-03-21,sh.510270,1.316,1.322,1.297,1.303,1.318,204300.0,267631.5,jqdata_pre,,1,-1.1381,0
2025-03-24,sh.510270,1.304,1.313,1.304,1.313,1.303,117200.0,153316.9,jqdata_pre,,1,0.7675,0
2025-03-25,sh.510270,1.31,1.319,1.309,1.319,1.313,239000.0,314890.5,jqdata_pre,,1,0.457,0
2025-03-26,sh.510270,1.318,1.32,1.312,1.313,1.319,210900.0,277370.8,jqdata_pre,,1,-0.4549,0
2025-03-27,sh.510270,1.311,1.317,1.311,1.314,1.313,47600.0,62538.0,jqdata_pre,,1,0.0762,0
2025-03-28,sh.510270,1.314,1.314,1.304,1.312,1.314,226100.0,295756.8,jqdata_pre,,1,-0.1522,0
2025-03-31,sh.510270,1.31,1.316,1.304,1.308,1.312,305200.0,399619.8,jqdata_pre,,1,-0.3049,0
2025-04-01,sh.510270,1.308,1.31,1.306,1.306,1.308,78800.0,103123.4,jqdata_pre,,1,-0.1529,0
2025-04-02,sh.510270,1.306,1.311,1.302,1.307,1.306,68400.0,89319.8,jqdata_pre,,1,0.0766,0
2025-04-03,sh.510270,1.307,1.311,1.298,1.307,1.307,295800.0,386545.3,jqdata_pre,,1,0.0,0
2025-04-07,sh.510270,1.276,1.276,1.212,1.224,1.307,1349344.0,1676955.282,jqdata_pre,,1,-6.3504,0
2025-04-08,sh.510270,1.224,1.283,1.224,1.279,1.224,1881102.0,2386103.91,jqdata_pre,,1,4.4935,0
2025-04-09,sh.510270,1.321,1.321,1.25,1.278,1.279,5738502.0,7363139.06,jqdata_pre,,1,-0.0782,0
2025-04-10,sh.510270,1.274,1.292,1.266,1.29,1.278,4684300.0,6006514.4,jqdata_pre,,1,0.939,0
2025-04-11,sh.510270,1.285,1.293,1.281,1.29,1.29,1454500.0,1869236.6,jqdata_pre,,1,0.0,0
2025-04-14,sh.510270,1.285,1.294,1.285,1.294,1.29,734700.0,948167.7,jqdata_pre,,1,0.3101,0
2025-04-15,sh.510270,1.288,1.298,1.288,1.298,1.294,365800.0,472595.4,jqdata_pre,,1,0.3091,0
2025-04-16,sh.510270,1.298,1.305,1.288,1.305,1.298,608000.0,789234.4,jqdata_pre,,1,0.5393,0
2025-04-17,sh.510270,1.305,1.307,1.3,1.307,1.305,355400.0,462799.0,jqdata_pre,,1,0.1533,0
2025-04-18,sh.510270,1.298,1.309,1.298,1.309,1.307,341600.0,445681.6,jqdata_pre,,1,0.153,0
2025-04-21,sh.510270,1.308,1.316,1.303,1.304,1.309,230200.0,300836.9,jqdata_pre,,1,-0.382,0
2025-04-22,sh.510270,1.311,1.314,1.306,1.309,1.304,208900.0,273581.3,jqdata_pre,,1,0.3834,0
2025-04-23,sh.510270,1.309,1.309,1.298,1.298,1.309,404800.0,526342.6,jqdata_pre,,1,-0.8403,0
2025-04-24,sh.510270,1.305,1.306,1.3,1.3,1.298,135200.0,176447.5,jqdata_pre,,1,0.1541,0
2025-04-25,sh.510270,1.315,1.315,1.3,1.306,1.3,165100.0,214968.3,jqdata_pre,,1,0.4615,0
2025-04-28,sh.510270,1.306,1.307,1.297,1.306,1.306,170500.0,222130.1,jqdata_pre,,1,0.0,0
2025-04-29,sh.510270,1.3,1.304,1.294,1.295,1.306,125800.0,163385.6,jqdata_pre,,1,-0.8423,0
2025-04-30,sh.510270,1.292,1.299,1.286,1.287,1.295,112900.0,145475.4,jqdata_pre,,1,-0.6178,0
2025-05-06,sh.510270,1.287,1.295,1.287,1.295,1.287,84300.0,108965.8,jqdata_pre,,1,0.6216,0
2025-05-07,sh.510270,1.304,1.305,1.295,1.305,1.295,303700.0,395201.1,jqdata_pre,,1,0.7722,0
2025-05-08,sh.510270,1.302,1.317,1.302,1.315,1.305,498700.0,653500.5,jqdata_pre,,1,0.7663,0
2025-05-09,sh.510270,1.314,1.317,1.311,1.315,1.315,240600.0,315845.8,jqdata_pre,,1,0.0,0
2025-05-12,sh.510270,1.315,1.325,1.314,1.324,1.315,179000.0,236379.8,jqdata_pre,,1,0.6844,0
2025-05-13,sh.510270,1.325,1.328,1.319,1.328,1.324,432000.0,572192.1,jqdata_pre,,1,0.3021,0
2025-05-14,sh.510270,1.327,1.352,1.326,1.347,1.328,696700.0,932663.2,jqdata_pre,,1,1.4307,0
2025-05-15,sh.510270,1.347,1.353,1.336,1.336,1.347,360000.0,483921.9,jqdata_pre,,1,-0.8166,0
2025-05-16,sh.510270,1.339,1.34,1.327,1.333,1.336,130200.0,173405.4,jqdata_pre,,1,-0.2246,0
2025-05-19,sh.510270,1.333,1.347,1.326,1.33,1.333,170000.0,226968.1,jqdata_pre,,1,-0.2251,0
2025-05-20,sh.510270,1.338,1.347,1.331,1.336,1.33,254300.0,338941.5,jqdata_pre,,1,0.4511,0
2025-05-21,sh.510270,1.337,1.346,1.337,1.344,1.336,165000.0,221382.3,jqdata_pre,,1,0.5988,0
2025-05-22,sh.510270,1.34,1.348,1.339,1.348,1.344,136100.0,182677.7,jqdata_pre,,1,0.2976,0
2025-05-23,sh.510270,1.346,1.348,1.332,1.338,1.348,77800.0,104390.1,jqdata_pre,,1,-0.7418,0
2025-05-26,sh.510270,1.334,1.338,1.327,1.333,1.338,22300.0,29750.7,jqdata_pre,,1,-0.3737,0
2025-05-27,sh.510270,1.337,1.337,1.321,1.327,1.333,44100.0,58500.7,jqdata_pre,,1,-0.4501,0
2025-05-28,sh.510270,1.321,1.327,1.321,1.327,1.327,20400.0,27011.7,jqdata_pre,,1,0.0,0
2025-05-29,sh.510270,1.322,1.332,1.322,1.33,1.327,229400.0,304808.2,jqdata_pre,,1,0.2261,0
2025-05-30,sh.510270,1.324,1.33,1.32,1.33,1.33,26000.0,34348.3,jqdata_pre,,1,0.0,0
2025-06-03,sh.510270,1.319,1.332,1.319,1.33,1.33,130400.0,173266.9,jqdata_pre,,1,0.0,0
2025-06-04,sh.510270,1.33,1.333,1.328,1.332,1.33,40000.0,53238.0,jqdata_pre,,1,0.1504,0
2025-06-05,sh.510270,1.33,1.331,1.326,1.328,1.332,192000.0,254784.2,jqdata_pre,,1,-0.3003,0
2025-06-06,sh.510270,1.326,1.336,1.326,1.335,1.328,64100.0,85412.9,jqdata_pre,,1,0.5271,0
2025-06-09,sh.510270,1.329,1.336,1.329,1.332,1.335,69900.0,93177.5,jqdata_pre,,1,-0.2247,0
2025-06-10,sh.510270,1.332,1.338,1.321,1.334,1.332,101100.0,134480.5,jqdata_pre,,1,0.1502,0
2025-06-11,sh.510270,1.326,1.343,1.326,1.342,1.334,186600.0,249419.0,jqdata_pre,,1,0.5997,0
2025-06-12,sh.510270,1.338,1.341,1.331,1.341,1.342,115000.0,153665.2,jqdata_pre,,1,-0.0745,0
2025-06-13,sh.510270,1.339,1.34,1.331,1.338,1.341,160500.0,214491.6,jqdata_pre,,1,-0.2237,0
2025-06-16,sh.510270,1.338,1.34,1.332,1.337,1.338,52600.0,70382.7,jqdata_pre,,1,-0.0747,0
2025-06-17,sh.510270,1.343,1.344,1.335,1.344,1.337,77700.0,103998.4,jqdata_pre,,1,0.5236,0
2025-06-18,sh.510270,1.346,1.346,1.34,1.344,1.344,54700.0,73546.1,jqdata_pre,,1,0.0,0
2025-06-19,sh.510270,1.339,1.34,1.334,1.335,1.344,53200.0,71013.9,jqdata_pre,,1,-0.6696,0
2025-06-20,sh.510270,1.338,1.342,1.336,1.341,1.335,141900.0,189905.4,jqdata_pre,,1,0.4494,0
2025-06-23,sh.510270,1.336,1.35,1.317,1.35,1.341,192800.0,258680.1,jqdata_pre,,1,0.6711,0
2025-06-24,sh.510270,1.354,1.36,1.338,1.359,1.35,366935.0,497166.525,jqdata_pre,,1,0.6667,0
2025-06-25,sh.510270,1.353,1.373,1.351,1.373,1.359,294635.0,400936.425,jqdata_pre,,1,1.0302,0
2025-06-26,sh.510270,1.371,1.374,1.367,1.372,1.373,221335.0,303091.15,jqdata_pre,,1,-0.0728,0
2025-06-27,sh.510270,1.373,1.379,1.352,1.356,1.372,302135.0,413070.125,jqdata_pre,,1,-1.1662,0
2025-06-30,sh.510270,1.356,1.366,1.353,1.365,1.356,109800.0,149170.4,jqdata_pre,,1,0.6637,0
2025-07-01,sh.510270,1.358,1.368,1.357,1.366,1.365,126500.0,172197.0,jqdata_pre,,1,0.0733,0
2025-07-02,sh.510270,1.365,1.372,1.365,1.372,1.366,97900.0,134062.7,jqdata_pre,,1,0.4392,0
2025-07-03,sh.510270,1.368,1.373,1.368,1.373,1.372,97100.0,133010.4,jqdata_pre,,1,0.0729,0
2025-07-04,sh.510270,1.371,1.383,1.368,1.38,1.373,479200.0,660399.6,jqdata_pre,,1,0.5098,0
2025-07-07,sh.510270,1.372,1.377,1.37,1.377,1.38,133100.0,182773.6,jqdata_pre,,1,-0.2174,0
2025-07-08,sh.510270,1.378,1.379,1.371,1.378,1.377,287900.0,396193.1,jqdata_pre,,1,0.0726,0
2025-07-09,sh.510270,1.382,1.383,1.376,1.378,1.378,134600.0,185610.2,jqdata_pre,,1,0.0,0
2025-07-10,sh.510270,1.37,1.386,1.37,1.384,1.378,145600.0,200933.1,jqdata_pre,,1,0.4354,0
2025-07-11,sh.510270,1.385,1.397,1.377,1.385,1.384,246400.0,342319.2,jqdata_pre,,1,0.0723,0
2025-07-14,sh.510270,1.386,1.392,1.383,1.386,1.385,115300.0,159927.2,jqdata_pre,,1,0.0722,0
2025-07-15,sh.510270,1.377,1.388,1.372,1.38,1.386,100200.0,138248.0,jqdata_pre,,1,-0.4329,0
2025-07-16,sh.510270,1.378,1.378,1.368,1.369,1.38,111500.0,153011.6,jqdata_pre,,1,-0.7971,0
2025-07-17,sh.510270,1.37,1.38,1.368,1.376,1.369,140600.0,193088.1,jqdata_pre,,1,0.5113,0
2025-07-18,sh.510270,1.378,1.392,1.378,1.39,1.376,98678.0,136475.44,jqdata_pre,,1,1.0174,0
2025-07-21,sh.510270,1.392,1.399,1.391,1.399,1.39,107542.0,150074.974,jqdata_pre,,1,0.6475,0
2025-07-22,sh.510270,1.399,1.413,1.39,1.412,1.399,475942.0,668549.31,jqdata_pre,,1,0.9292,0
2025-07-23,sh.510270,1.413,1.425,1.413,1.413,1.412,847200.0,1202625.2,jqdata_pre,,1,0.0708,0
2025-07-24,sh.510270,1.378,1.425,1.378,1.414,1.413,154600.0,218315.1,jqdata_pre,,1,0.0708,0
2025-07-25,sh.510270,1.408,1.416,1.405,1.405,1.414,321000.0,452484.3,jqdata_pre,,1,-0.6365,0
2025-07-28,sh.510270,1.402,1.412,1.397,1.408,1.405,135000.0,189535.7,jqdata_pre,,1,0.2135,0
2025-07-29,sh.510270,1.402,1.403,1.395,1.402,1.408,158400.0,221849.0,jqdata_pre,,1,-0.4261,0
2025-07-30,sh.510270,1.409,1.418,1.406,1.408,1.402,181700.0,256162.6,jqdata_pre,,1,0.428,0
2025-07-31,sh.510270,1.401,1.401,1.378,1.378,1.408,493000.0,682113.9,jqdata_pre,,1,-2.1307,0
2025-08-01,sh.510270,1.379,1.388,1.375,1.378,1.378,120000.0,166182.8,jqdata_pre,,1,0.0,0
2025-08-04,sh.510270,1.377,1.383,1.37,1.383,1.378,134100.0,184951.8,jqdata_pre,,1,0.3628,0
2025-08-05,sh.510270,1.382,1.396,1.382,1.396,1.383,289400.0,401136.7,jqdata_pre,,1,0.94,0
2025-08-06,sh.510270,1.392,1.401,1.39,1.396,1.396,123600.0,172310.3,jqdata_pre,,1,0.0,0
2025-08-07,sh.510270,1.395,1.398,1.391,1.398,1.396,71300.0,99400.2,jqdata_pre,,1,0.1433,0
2025-08-08,sh.510270,1.397,1.399,1.392,1.396,1.398,331500.0,463056.3,jqdata_pre,,1,-0.1431,0
2025-08-11,sh.510270,1.381,1.4,1.381,1.399,1.396,287700.0,402303.7,jqdata_pre,,1,0.2149,0
2025-08-12,sh.510270,1.399,1.405,1.396,1.4,1.399,254400.0,356215.2,jqdata_pre,,1,0.0715,0
2025-08-13,sh.510270,1.4,1.405,1.393,1.401,1.4,193800.0,271105.1,jqdata_pre,,1,0.0714,0
2025-08-14,sh.510270,1.395,1.407,1.395,1.399,1.401,281300.0,395005.1,jqdata_pre,,1,-0.1428,0
2025-08-15,sh.510270,1.397,1.407,1.393,1.406,1.399,187400.0,263049.5,jqdata_pre,,1,0.5004,0
2025-08-18,sh.510270,1.399,1.418,1.399,1.418,1.406,489855.0,691774.45,jqdata_pre,,1,0.8535,0
2025-08-19,sh.510270,1.418,1.418,1.406,1.407,1.418,269900.0,381098.2,jqdata_pre,,1,-0.7757,0
2025-08-20,sh.510270,1.394,1.416,1.394,1.411,1.407,282200.0,396362.4,jqdata_pre,,1,0.2843,0
2025-08-21,sh.510270,1.411,1.424,1.411,1.421,1.411,497200.0,706175.8,jqdata_pre,,1,0.7087,0
2025-08-22,sh.510270,1.421,1.445,1.415,1.445,1.421,1020500.0,1449875.9,jqdata_pre,,1,1.689,0
2025-08-25,sh.510270,1.445,1.472,1.427,1.466,1.445,370255.0,538390.4,jqdata_pre,,1,1.4533,0
2025-08-26,sh.510270,1.453,1.477,1.45,1.46,1.466,259255.0,377666.325,jqdata_pre,,1,-0.4093,0
2025-08-27,sh.510270,1.448,1.473,1.429,1.433,1.46,921355.0,1341203.495,jqdata_pre,,1,-1.8493,0
2025-08-28,sh.510270,1.43,1.448,1.411,1.437,1.433,1263055.0,1798519.33,jqdata_pre,,1,0.2791,0
2025-08-29,sh.510270,1.437,1.457,1.437,1.44,1.437,1074255.0,1553635.96,jqdata_pre,,1,0.2088,0
2025-09-01,sh.510270,1.44,1.453,1.437,1.451,1.44,645500.0,932961.5,jqdata_pre,,1,0.7639,0
2025-09-02,sh.510270,1.44,1.455,1.435,1.455,1.451,433455.0,627924.405,jqdata_pre,,1,0.2757,0
2025-09-03,sh.510270,1.455,1.455,1.417,1.417,1.455,408755.0,587413.72,jqdata_pre,,1,-2.6117,0
2025-09-04,sh.510270,1.426,1.426,1.397,1.422,1.417,580955.0,819583.47,jqdata_pre,,1,0.3529,0
2025-09-05,sh.510270,1.391,1.43,1.391,1.43,1.422,203134.0,287700.184,jqdata_pre,,1,0.5626,0
2025-09-08,sh.510270,1.44,1.44,1.425,1.43,1.43,417900.0,598505.3,jqdata_pre,,1,0.0,0
2025-09-09,sh.510270,1.436,1.446,1.435,1.438,1.43,901689.0,1299198.415,jqdata_pre,,1,0.5594,0
2025-09-10,sh.510270,1.432,1.44,1.43,1.44,1.438,866700.0,1245399.4,jqdata_pre,,1,0.1391,0
2025-09-11,sh.510270,1.445,1.456,1.436,1.456,1.44,1089389.0,1577598.45,jqdata_pre,,1,1.1111,0
2025-09-12,sh.510270,1.454,1.458,1.443,1.443,1.456,556700.0,808327.3,jqdata_pre,,1,-0.8929,0
2025-09-15,sh.510270,1.438,1.456,1.419,1.436,1.443,2021300.0,2908444.8,jqdata_pre,,1,-0.4851,0
2025-09-16,sh.510270,1.45,1.45,1.424,1.425,1.436,868200.0,1239164.0,jqdata_pre,,1,-0.766,0
2025-09-17,sh.510270,1.424,1.43,1.422,1.426,1.425,1942700.0,2770698.8,jqdata_pre,,1,0.0702,0
2025-09-18,sh.510270,1.426,1.426,1.396,1.404,1.426,263300.0,371586.4,jqdata_pre,,1,-1.5428,0
2025-09-19,sh.510270,1.412,1.418,1.402,1.412,1.404,1041200.0,1465441.6,jqdata_pre,,1,0.5698,0
2025-09-22,sh.510270,1.385,1.418,1.385,1.406,1.412,767200.0,1077168.8,jqdata_pre,,1,-0.4249,0
2025-09-23,sh.510270,1.4,1.416,1.4,1.412,1.406,1273400.0,1791290.7,jqdata_pre,,1,0.4267,0
2025-09-24,sh.510270,1.409,1.42,1.406,1.416,1.412,2049000.0,2897738.5,jqdata_pre,,1,0.2833,0
2025-09-25,sh.510270,1.416,1.421,1.41,1.418,1.416,2871700.0,4064497.0,jqdata_pre,,1,0.1412,0
2025-09-26,sh.510270,1.416,1.424,1.415,1.42,1.418,919400.0,1305630.3,jqdata_pre,,1,0.141,0
2025-09-29,sh.510270,1.421,1.45,1.418,1.44,1.42,1521400.0,2179101.9,jqdata_pre,,1,1.4085,0
2025-09-30,sh.510270,1.447,1.447,1.435,1.44,1.44,390900.0,562035.5,jqdata_pre,,1,0.0,0
2025-10-09,sh.510270,1.444,1.468,1.444,1.468,1.44,1187619.0,1733350.454,jqdata_pre,,1,1.9444,0
2025-10-10,sh.510270,1.473,1.48,1.456,1.462,1.468,1566800.0,2302260.0,jqdata_pre,,1,-0.4087,0
2025-10-13,sh.510270,1.455,1.47,1.436,1.466,1.462,316100.0,459204.2,jqdata_pre,,1,0.2736,0
2025-10-14,sh.510270,1.466,1.482,1.466,1.471,1.466,2173000.0,3202106.7,jqdata_pre,,1,0.3411,0
2025-10-15,sh.510270,1.471,1.484,1.466,1.484,1.471,802800.0,1182374.3,jqdata_pre,,1,0.8838,0
2025-10-16,sh.510270,1.483,1.495,1.482,1.488,1.484,1386200.0,2060762.8,jqdata_pre,,1,0.2695,0
2025-10-17,sh.510270,1.477,1.494,1.469,1.47,1.488,487500.0,722016.9,jqdata_pre,,1,-1.2097,0
2025-10-20,sh.510270,1.48,1.48,1.462,1.468,1.47,604768.0,887393.856,jqdata_pre,,1,-0.1361,0
2025-10-21,sh.510270,1.467,1.481,1.467,1.475,1.468,1037600.0,1531631.8,jqdata_pre,,1,0.4768,0
2025-10-22,sh.510270,1.48,1.48,1.464,1.472,1.475,1417200.0,2082901.3,jqdata_pre,,1,-0.2034,0
2025-10-23,sh.510270,1.476,1.484,1.463,1.484,1.472,2909000.0,4283833.0,jqdata_pre,,1,0.8152,0
2025-10-24,sh.510270,1.494,1.495,1.477,1.484,1.484,3656000.0,5427608.0,jqdata_pre,,1,0.0,0
2025-10-27,sh.510270,1.479,1.503,1.477,1.5,1.484,1086400.0,1628211.4,jqdata_pre,,1,1.0782,0
2025-10-28,sh.510270,1.502,1.505,1.492,1.493,1.5,3580400.0,5361583.6,jqdata_pre,,1,-0.4667,0
2025-10-29,sh.510270,1.49,1.501,1.488,1.5,1.493,912800.0,1363596.3,jqdata_pre,,1,0.4689,0
2025-10-30,sh.510270,1.501,1.516,1.501,1.502,1.5,1265487.0,1905087.444,jqdata_pre,,1,0.1333,0
2025-10-31,sh.510270,1.5,1.5,1.485,1.486,1.502,507200.0,756763.3,jqdata_pre,,1,-1.0652,0
2025-11-03,sh.510270,1.479,1.492,1.477,1.492,1.486,248523.0,368382.309,jqdata_pre,,1,0.4038,0
2025-11-04,sh.510270,1.492,1.496,1.482,1.486,1.492,536800.0,797896.4,jqdata_pre,,1,-0.4021,0
2025-11-05,sh.510270,1.477,1.495,1.477,1.495,1.486,743700.0,1107037.8,jqdata_pre,,1,0.6057,0
2025-11-06,sh.510270,1.499,1.507,1.496,1.507,1.495,152000.0,228542.9,jqdata_pre,,1,0.8027,0
2025-11-07,sh.510270,1.508,1.511,1.507,1.507,1.507,1343478.0,2026610.802,jqdata_pre,,1,0.0,0
2025-11-10,sh.510270,1.51,1.523,1.51,1.523,1.507,1148200.0,1740249.9,jqdata_pre,,1,1.0617,0
2025-11-11,sh.510270,1.525,1.525,1.512,1.516,1.523,755700.0,1145908.5,jqdata_pre,,1,-0.4596,0
2025-11-12,sh.510270,1.518,1.528,1.516,1.52,1.516,474200.0,720543.9,jqdata_pre,,1,0.2639,0
2025-11-13,sh.510270,1.52,1.531,1.52,1.528,1.52,303500.0,462309.5,jqdata_pre,,1,0.5263,0
2025-11-14,sh.510270,1.517,1.53,1.516,1.516,1.528,84600.0,128861.5,jqdata_pre,,1,-0.7853,0
2025-11-17,sh.510270,1.517,1.529,1.497,1.498,1.516,1093400.0,1639171.6,jqdata_pre,,1,-1.1873,0
2025-11-18,sh.510270,1.49,1.499,1.484,1.484,1.498,819385.0,1221885.96,jqdata_pre,,1,-0.9346,0
2025-11-19,sh.510270,1.486,1.507,1.486,1.504,1.484,2567285.0,3845667.82,jqdata_pre,,1,1.3477,0
2025-11-20,sh.510270,1.514,1.514,1.492,1.496,1.504,1199500.0,1797848.1,jqdata_pre,,1,-0.5319,0
2025-11-21,sh.510270,1.483,1.488,1.466,1.474,1.496,2741700.0,4047892.5,jqdata_pre,,1,-1.4706,0
2025-11-24,sh.510270,1.47,1.472,1.458,1.461,1.474,264200.0,386185.3,jqdata_pre,,1,-0.882,0
2025-11-25,sh.510270,1.472,1.474,1.466,1.47,1.461,1686000.0,2479606.4,jqdata_pre,,1,0.616,0
2025-11-26,sh.510270,1.467,1.472,1.463,1.468,1.47,371100.0,544910.4,jqdata_pre,,1,-0.1361,0
2025-11-27,sh.510270,1.466,1.476,1.466,1.473,1.468,520300.0,766291.7,jqdata_pre,,1,0.3406,0
2025-11-28,sh.510270,1.473,1.475,1.468,1.472,1.473,107500.0,158197.8,jqdata_pre,,1,-0.0679,0
2025-12-01,sh.510270,1.474,1.489,1.474,1.489,1.472,553600.0,821035.6,jqdata_pre,,1,1.1549,0
2025-12-02,sh.510270,1.496,1.496,1.481,1.482,1.489,70700.0,104986.5,jqdata_pre,,1,-0.4701,0
2025-12-03,sh.510270,1.49,1.49,1.477,1.477,1.482,95868.0,142018.712,jqdata_pre,,1,-0.3374,0
2025-12-04,sh.510270,1.483,1.486,1.477,1.477,1.477,202800.0,300031.0,jqdata_pre,,1,0.0,0
2025-12-05,sh.510270,1.474,1.496,1.474,1.486,1.477,306700.0,455405.2,jqdata_pre,,1,0.6093,0
2025-12-08,sh.510270,1.496,1.499,1.49,1.495,1.486,167100.0,249869.1,jqdata_pre,,1,0.6057,0
2025-12-09,sh.510270,1.493,1.493,1.477,1.477,1.495,140600.0,208968.5,jqdata_pre,,1,-1.204,0
2025-12-10,sh.510270,1.474,1.48,1.471,1.477,1.477,697900.0,1027866.0,jqdata_pre,,1,0.0,0
2025-12-11,sh.510270,1.481,1.486,1.472,1.472,1.477,76600.0,113473.5,jqdata_pre,,1,-0.3385,0
2025-12-12,sh.510270,1.472,1.484,1.472,1.481,1.472,358800.0,529931.6,jqdata_pre,,1,0.6114,0
2025-12-15,sh.510270,1.481,1.493,1.48,1.484,1.481,137600.0,204576.2,jqdata_pre,,1,0.2026,0
2025-12-16,sh.510270,1.479,1.48,1.468,1.47,1.484,68500.0,101018.6,jqdata_pre,,1,-0.9434,0
2025-12-17,sh.510270,1.473,1.495,1.47,1.489,1.47,133700.0,198793.6,jqdata_pre,,1,1.2925,0
2025-12-18,sh.510270,1.485,1.495,1.485,1.495,1.489,32700.0,48788.6,jqdata_pre,,1,0.403,0
2025-12-19,sh.510270,1.488,1.5,1.487,1.496,1.495,1552000.0,2318309.4,jqdata_pre,,1,0.0669,0
2025-12-22,sh.510270,1.5,1.509,1.496,1.503,1.496,1093900.0,1644094.1,jqdata_pre,,1,0.4679,0
2025-12-23,sh.510270,1.514,1.514,1.502,1.503,1.503,268100.0,403487.9,jqdata_pre,,1,0.0,0
2025-12-24,sh.510270,1.5,1.505,1.497,1.505,1.503,433500.0,651495.5,jqdata_pre,,1,0.1331,0
2025-12-25,sh.510270,1.514,1.514,1.506,1.506,1.505,58000.0,87699.7,jqdata_pre,,1,0.0664,0
2025-12-26,sh.510270,1.51,1.518,1.507,1.514,1.506,100378.0,151793.936,jqdata_pre,,1,0.5312,0
2025-12-29,sh.510270,1.512,1.516,1.506,1.507,1.514,81000.0,122539.2,jqdata_pre,,1,-0.4624,0
2025-12-30,sh.510270,1.506,1.508,1.496,1.506,1.507,390400.0,587644.8,jqdata_pre,,1,-0.0664,0
2025-12-31,sh.510270,1.519,1.519,1.505,1.51,1.506,437200.0,658789.2,jqdata_pre,,1,0.2656,0
2026-01-05,sh.510270,1.519,1.535,1.519,1.534,1.51,168368.0,256986.128,jqdata_pre,,1,1.5894,0
2026-01-06,sh.510270,1.534,1.568,1.534,1.568,1.534,1213337.0,1896378.365,jqdata_pre,,1,2.2164,0
2026-01-07,sh.510270,1.568,1.572,1.556,1.56,1.568,2241600.0,3512211.2,jqdata_pre,,1,-0.5102,0
2026-01-08,sh.510270,1.556,1.568,1.546,1.554,1.56,1071100.0,1662560.2,jqdata_pre,,1,-0.3846,0
2026-01-09,sh.510270,1.566,1.639,1.553,1.562,1.554,985700.0,1536543.5,jqdata_pre,,1,0.5148,0
2026-01-12,sh.510270,1.574,1.589,1.556,1.568,1.562,186300.0,291574.9,jqdata_pre,,1,0.3841,0
2026-01-13,sh.510270,1.57,1.589,1.566,1.569,1.568,296500.0,466818.2,jqdata_pre,,1,0.0638,0
2026-01-14,sh.510270,1.578,1.585,1.554,1.555,1.569,1495199.0,2347985.02,jqdata_pre,,1,-0.8923,0
2026-01-15,sh.510270,1.558,1.572,1.551,1.551,1.555,1264000.0,1967775.7,jqdata_pre,,1,-0.2572,0
2026-01-16,sh.510270,1.566,1.566,1.536,1.544,1.551,641700.0,996682.9,jqdata_pre,,1,-0.4513,0
2026-01-19,sh.510270,1.544,1.555,1.532,1.542,1.544,772200.0,1191911.5,jqdata_pre,,1,-0.1295,0
2026-01-20,sh.510270,1.545,1.553,1.536,1.552,1.542,1038700.0,1605341.1,jqdata_pre,,1,0.6485,0
2026-01-21,sh.510270,1.553,1.553,1.543,1.543,1.552,437700.0,677431.3,jqdata_pre,,1,-0.5799,0
2026-01-22,sh.510270,1.54,1.552,1.539,1.541,1.543,2502200.0,3859747.7,jqdata_pre,,1,-0.1296,0
2026-01-23,sh.510270,1.54,1.554,1.534,1.534,1.541,749800.0,1151304.8,jqdata_pre,,1,-0.4543,0
2026-01-26,sh.510270,1.534,1.572,1.534,1.548,1.534,1536700.0,2378092.9,jqdata_pre,,1,0.9126,0
2026-01-27,sh.510270,1.55,1.572,1.55,1.55,1.548,3477700.0,5428273.8,jqdata_pre,,1,0.1292,0
2026-01-28,sh.510270,1.549,1.576,1.537,1.565,1.55,4409500.0,6901788.3,jqdata_pre,,1,0.9677,0
2026-01-29,sh.510270,1.576,1.609,1.562,1.603,1.565,2601900.0,4122950.1,jqdata_pre,,1,2.4281,0
2026-01-30,sh.510270,1.628,1.628,1.553,1.566,1.603,3391700.0,5323914.1,jqdata_pre,,1,-2.3082,0
2026-02-02,sh.510270,1.552,1.555,1.517,1.517,1.566,4213700.0,6500338.8,jqdata_pre,,1,-3.129,0
2026-02-03,sh.510270,1.517,1.537,1.513,1.536,1.517,5874100.0,8948374.8,jqdata_pre,,1,1.2525,0
2026-02-04,sh.510270,1.542,1.568,1.542,1.568,1.536,4271200.0,6650188.8,jqdata_pre,,1,2.0833,0
2026-02-05,sh.510270,1.57,1.571,1.545,1.558,1.568,3495600.0,5435871.2,jqdata_pre,,1,-0.6378,0
2026-02-06,sh.510270,1.564,1.564,1.548,1.553,1.558,2878600.0,4474583.5,jqdata_pre,,1,-0.3209,0
2026-02-09,sh.510270,1.554,1.566,1.554,1.566,1.553,1898000.0,2966288.8,jqdata_pre,,1,0.8371,0
2026-02-10,sh.510270,1.574,1.574,1.561,1.566,1.566,4027800.0,6302159.3,jqdata_pre,,1,0.0,0
2026-02-11,sh.510270,1.554,1.579,1.554,1.578,1.566,2725300.0,4289235.8,jqdata_pre,,1,0.7663,0
2026-02-12,sh.510270,1.574,1.578,1.571,1.571,1.578,1473000.0,2319774.5,jqdata_pre,,1,-0.4436,0
2026-02-13,sh.510270,1.56,1.562,1.546,1.548,1.571,3455000.0,5372566.6,jqdata_pre,,1,-1.464,0
2026-02-24,sh.510270,1.558,1.569,1.557,1.564,1.548,935900.0,1465296.5,jqdata_pre,,1,1.0336,0
2026-02-25,sh.510270,1.573,1.593,1.573,1.577,1.564,3982000.0,6304742.5,jqdata_pre,,1,0.8312,0
2026-02-26,sh.510270,1.571,1.577,1.568,1.569,1.577,2201500.0,3462011.2,jqdata_pre,,1,-0.5073,0
2026-02-27,sh.510270,1.569,1.582,1.566,1.576,1.569,3112800.0,4902103.5,jqdata_pre,,1,0.4461,0
2026-03-02,sh.510270,1.577,1.6,1.574,1.598,1.576,3744000.0,5917439.0,3,18.878485,1,1.3959,1
2026-03-03,sh.510270,1.595,1.611,1.583,1.589,1.598,3513500.0,5606819.0,3,17.716228,1,-0.5632,1
2026-03-04,sh.510270,1.576,1.578,1.56,1.57,1.589,1332900.0,2091855.0,3,6.720922,1,-1.1957,1
2026-03-05,sh.510270,1.568,1.578,1.565,1.57,1.57,2631800.0,4131681.0,3,13.270405,1,0.0,1
2026-03-06,sh.510270,1.563,1.575,1.558,1.572,1.57,2470200.0,3875646.0,3,13.116965,1,0.1274,1
2026-03-09,sh.510270,1.578,1.578,1.558,1.56,1.572,2862900.0,4470226.0,3,15.202234,1,-0.7634,1
2026-03-10,sh.510270,1.56,1.566,1.555,1.56,1.56,1656100.0,2580850.0,3,8.350603,1,0.0,1
2026-03-11,sh.510270,1.557,1.567,1.552,1.567,1.56,1628500.0,2537427.0,3,8.211435,1,0.4487,1
2026-03-12,sh.510270,1.565,1.573,1.561,1.568,1.567,2494000.0,3911342.0,3,12.575572,1,0.0638,1
2026-03-13,sh.510270,1.574,1.574,1.556,1.559,1.568,2494600.0,3910682.0,3,12.578597,1,-0.574,1
2026-03-16,sh.510270,1.555,1.555,1.537,1.546,1.559,5147800.0,7944093.0,3,25.956908,1,-0.8339,1
2026-03-17,sh.510270,1.551,1.565,1.548,1.548,1.546,1904700.0,2970361.0,3,9.604127,1,0.1294,1
2026-03-18,sh.510270,1.546,1.549,1.533,1.548,1.548,5797600.0,8929219.0,3,29.233415,1,0.0,1
2026-03-19,sh.510270,1.546,1.546,1.52,1.52,1.548,2251200.0,3445804.0,3,12.624424,1,-1.8088,1
2026-03-20,sh.510270,1.52,1.532,1.509,1.51,1.52,2551300.0,3870266.0,3,14.307345,1,-0.6579,1
2026-03-23,sh.510270,1.492,1.51,1.458,1.468,1.51,2394700.0,3542300.0,3,13.429153,1,-2.7815,1
2026-03-24,sh.510270,1.464,1.482,1.464,1.482,1.468,2504600.0,3685532.0,3,13.299632,1,0.9537,1
2026-03-25,sh.510270,1.479,1.497,1.476,1.495,1.482,2240100.0,3342347.0,3,11.895115,1,0.8772,1
2026-03-26,sh.510270,1.496,1.497,1.48,1.481,1.495,2830400.0,4212585.0,3,15.029657,1,-0.9365,1
2026-03-27,sh.510270,1.483,1.491,1.481,1.488,1.481,2186600.0,3244556.0,3,11.611026,1,0.4727,1
2026-03-30,sh.510270,1.483,1.489,1.476,1.488,1.488,2456500.0,3640260.0,3,13.044217,1,0.0,1
2026-03-31,sh.510270,1.496,1.502,1.485,1.485,1.488,2215000.0,3311449.0,3,11.761832,1,-0.2016,1
2026-04-01,sh.510270,1.496,1.504,1.496,1.5,1.485,1379100.0,2069037.0,3,7.323134,1,1.0101,1
2026-04-02,sh.510270,1.494,1.502,1.49,1.491,1.5,3622900.0,5416540.0,3,19.237897,1,-0.6,1
2026-04-03,sh.510270,1.494,1.494,1.48,1.48,1.491,2679500.0,3983603.0,3,13.510924,1,-0.7378,1
2026-04-07,sh.510270,1.48,1.486,1.478,1.479,1.48,3187900.0,4722183.0,3,16.074445,1,-0.0676,1
2026-04-08,sh.510270,1.497,1.511,1.494,1.511,1.479,4566300.0,6866308.0,3,23.024793,1,2.1636,1
2026-04-09,sh.510270,1.502,1.503,1.498,1.5,1.511,2002000.0,3005183.0,3,11.226945,1,-0.728,1
2026-04-10,sh.510270,1.509,1.514,1.508,1.508,1.5,2109600.0,3187748.0,3,11.830351,1,0.5333,1
2026-04-13,sh.510270,1.485,1.505,1.481,1.503,1.508,2062100.0,3098965.0,3,11.563977,1,-0.3316,1
2026-04-14,sh.510270,1.508,1.512,1.505,1.512,1.503,2563500.0,3865910.0,3,14.375761,1,0.5988,1
2026-04-15,sh.510270,1.521,1.522,1.513,1.513,1.512,2214200.0,3355650.0,3,12.416934,1,0.0661,1
2026-04-16,sh.510270,1.521,1.523,1.517,1.519,1.513,2020900.0,3069283.0,3,11.332933,1,0.3966,1
2026-04-17,sh.510270,1.509,1.509,1.505,1.508,1.519,1301000.0,1959862.0,3,7.295832,1,-0.7242,1
2026-04-20,sh.510270,1.503,1.515,1.503,1.511,1.508,2393600.0,3616440.0,3,13.422984,1,0.1989,1
2026-04-21,sh.510270,1.514,1.522,1.511,1.522,1.511,2985900.0,4529145.0,3,16.744523,1,0.728,1
2026-04-22,sh.510270,1.522,1.523,1.515,1.52,1.522,2413900.0,3669932.0,3,13.536824,1,-0.1314,1
2026-04-23,sh.510270,1.517,1.524,1.515,1.517,1.52,2220400.0,3369895.0,3,13.191462,1,-0.1974,1
2026-04-24,sh.510270,1.511,1.52,1.509,1.52,1.517,1949400.0,2952552.0,3,11.581443,1,0.1978,1
2026-04-27,sh.510270,1.513,1.517,1.505,1.506,1.52,3523500.0,5316301.0,3,20.933217,1,-0.9211,1
2026-04-28,sh.510270,1.51,1.518,1.51,1.513,1.506,3076500.0,4661251.0,3,20.742174,1,0.4648,1
2026-04-29,sh.510270,1.513,1.53,1.513,1.528,1.513,2637300.0,4017731.0,3,16.657929,1,0.9914,1
2026-04-30,sh.510270,1.532,1.532,1.519,1.519,1.528,2725500.0,4147999.0,3,17.215025,1,-0.589,1
2026-05-06,sh.510270,1.515,1.53,1.514,1.53,1.519,3537000.0,5378291.0,3,22.340688,1,0.7242,1
2026-05-07,sh.510270,1.527,1.528,1.517,1.518,1.53,2461800.0,3746542.0,3,16.597785,1,-0.7843,1
2026-05-08,sh.510270,1.511,1.52,1.511,1.518,1.518,3246600.0,4922767.0,3,20.506439,1,0.0,1
2026-05-11,sh.510270,1.511,1.521,1.511,1.519,1.518,4037500.0,6121350.0,3,23.986906,1,0.0659,1
2026-05-12,sh.510270,1.53,1.53,1.515,1.518,1.519,2405600.0,3654400.0,3,14.29174,1,-0.0658,1
2026-05-13,sh.510270,1.503,1.527,1.481,1.525,1.518,4471900.0,6797290.0,3,26.567689,1,0.4611,1
2026-05-14,sh.510270,1.524,1.529,1.508,1.508,1.525,2397366.0,3637694.0,3,16.163362,1,-1.1148,1
2026-05-15,sh.510270,1.506,1.508,1.488,1.493,1.508,4763700.0,7138532.0,3,30.08887,1,-0.9947,1
2026-05-18,sh.510270,1.495,1.495,1.476,1.481,1.493,3849000.0,5698583.0,3,25.950472,1,-0.8038,1
2026-05-19,sh.510270,1.484,1.489,1.482,1.489,1.481,3281100.0,4869863.0,3,20.724351,1,0.5402,1
2026-05-20,sh.510270,1.479,1.488,1.479,1.485,1.489,2717100.0,4031713.0,3,18.319051,1,-0.2686,1
2026-05-21,sh.510270,1.485,1.498,1.467,1.467,1.485,2748200.0,4091340.0,3,18.528732,1,-1.2121,1
2026-05-22,sh.510270,1.471,1.473,1.463,1.47,1.467,2170000.0,3180712.0,3,13.706331,1,0.2045,1
2026-05-25,sh.510270,1.47,1.482,1.47,1.478,1.47,5713600.0,8427555.0,3,33.944665,1,0.5442,1
2026-05-26,sh.510270,1.478,1.49,1.478,1.489,1.478,1773300.0,2631746.0,3,10.535227,1,0.7442,1
2026-05-27,sh.510270,1.492,1.492,1.47,1.478,1.489,4067300.0,6012402.0,3,24.163949,1,-0.7388,1
2026-05-28,sh.510270,1.472,1.475,1.466,1.466,1.478,3747000.0,5504293.0,3,21.012668,1,-0.8119,1
2026-05-29,sh.510270,1.472,1.493,1.472,1.488,1.466,3030600.0,4502049.0,3,16.995194,1,1.5007,1
2026-06-01,sh.510270,1.485,1.492,1.484,1.487,1.488,2133600.0,3174017.0,3,11.96494,1,-0.0672,1
2026-06-02,sh.510270,1.487,1.5,1.487,1.5,1.487,1840500.0,2746491.0,3,10.321275,1,0.8742,1
2026-06-03,sh.510270,1.49,1.527,1.485,1.495,1.5,2634600.0,3926364.0,3,14.77448,1,-0.3333,1
2026-06-04,sh.510270,1.485,1.501,1.471,1.482,1.495,1621500.0,2410932.0,3,9.633379,1,-0.8696,1
2026-06-05,sh.510270,1.486,1.487,1.468,1.468,1.482,2862200.0,4220730.0,3,18.078461,1,-0.9447,1
2026-06-08,sh.510270,1.463,1.464,1.447,1.453,1.468,2068900.0,3005510.0,3,13.067755,1,-1.0218,1
2026-06-09,sh.510270,1.451,1.466,1.451,1.466,1.453,1017000.0,1483553.0,3,6.423658,1,0.8947,1
2026-06-10,sh.510270,1.459,1.467,1.456,1.466,1.466,1177000.0,1722165.0,3,7.434263,1,0.0,1
2026-06-11,sh.510270,1.459,1.472,1.459,1.47,1.466,855400.0,1256951.0,3,5.402947,1,0.2729,1
2026-06-12,sh.510270,1.471,1.503,1.471,1.5,1.47,1150500.0,1725463.0,3,7.266882,1,2.0408,1
2026-06-15,sh.510270,1.515,1.522,1.502,1.518,1.5,1741300.0,2626512.0,3,10.998541,1,1.2,1
2026-06-16,sh.510270,1.521,1.521,1.503,1.506,1.518,599000.0,903772.0,3,3.783453,1,-0.7905,1
2026-06-17,sh.510270,1.509,1.509,1.501,1.509,1.506,1712900.0,2575529.0,3,10.819159,1,0.1992,1
2026-06-18,sh.510270,1.517,1.517,1.481,1.482,1.509,718300.0,1072469.0,3,4.536985,1,-1.7893,1
2026-06-22,sh.510270,1.472,1.522,1.472,1.52,1.482,439800.0,659642.0,3,2.777901,1,2.5641,1
2026-06-23,sh.510270,1.526,1.526,1.482,1.486,1.52,859900.0,1298230.0,3,5.43137,1,-2.2368,1
2026-06-24,sh.510270,1.486,1.49,1.479,1.479,1.486,811900.0,1205312.0,3,5.128189,1,-0.4711,1
